filename,rows,columns,column_names,dtypes,missing_values,duplicate_rows,contains_timestamps,contains_sensor_measurements,contains_operating_conditions,contains_rpm_or_speed,contains_load,contains_labels,contains_fault_or_healthy_info,contains_experiment_or_run_ids
Run_1.csv,133328,3,"[""Column_1"", ""Column_2"", ""Column_3""]","{""Column_1"": ""float64"", ""Column_2"": ""float64"", ""Column_3"": ""float64""}",0,1906,False,True,False,False,False,False,False,False
Run_10.csv,133328,3,"[""Column_1"", ""Column_2"", ""Column_3""]","{""Column_1"": ""float64"", ""Column_2"": ""float64"", ""Column_3"": ""float64""}",0,783,False,True,False,False,False,False,False,False
Run_100.csv,133328,3,"[""Column_1"", ""Column_2"", ""Column_3""]","{""Column_1"": ""float64"", ""Column_2"": ""float64"", ""Column_3"": ""float64""}",0,7402,False,True,False,False,False,False,False,False
Run_101.csv,133328,3,"[""Column_1"", ""Column_2"", ""Column_3""]","{""Column_1"": ""float64"", ""Column_2"": ""float64"", ""Column_3"": ""float64""}",0,18155,False,True,False,False,False,False,False,False
Run_102.csv,133328,3,"[""Column_1"", ""Column_2"", ""Column_3""]","{""Column_1"": ""float64"", ""Column_2"": ""float64"", ""Column_3"": ""float64""}",0,2532,False,True,False,False,False,False,False,False
Run_103.csv,133328,3,"[""Column_1"", ""Column_2"", ""Column_3""]","{""Column_1"": ""float64"", ""Column_2"": ""float64"", ""Column_3"": ""float64""}",0,8160,False,True,False,False,False,False,False,False
Run_104.csv,133328,3,"[""Column_1"", ""Column_2"", ""Column_3""]","{""Column_1"": ""float64"", ""Column_2"": ""float64"", ""Column_3"": ""float64""}",0,3941,False,True,False,False,False,False,False,False
Run_105.csv,133328,3,"[""Column_1"", ""Column_2"", ""Column_3""]","{""Column_1"": ""float64"", ""Column_2"": ""float64"", ""Column_3"": ""float64""}",0,5120,False,True,False,False,False,False,False,False
Run_106.csv,133328,3,"[""Column_1"", ""Column_2"", ""Column_3""]","{""Column_1"": ""float64"", ""Column_2"": ""float64"", ""Column_3"": ""float64""}",0,9719,False,True,False,False,False,False,False,False
Run_107.csv,133328,3,"[""Column_1"", ""Column_2"", ""Column_3""]","{""Column_1"": ""float64"", ""Column_2"": ""float64"", ""Column_3"": ""float64""}",0,9125,False,True,False,False,False,False,False,False
Run_108.csv,133328,3,"[""Column_1"", ""Column_2"", ""Column_3""]","{""Column_1"": ""float64"", ""Column_2"": ""float64"", ""Column_3"": ""float64""}",0,8971,False,True,False,False,False,False,False,False
Run_109.csv,133328,3,"[""Column_1"", ""Column_2"", ""Column_3""]","{""Column_1"": ""float64"", ""Column_2"": ""float64"", ""Column_3"": ""float64""}",0,3470,False,True,False,False,False,False,False,False
Run_11.csv,133328,3,"[""Column_1"", ""Column_2"", ""Column_3""]","{""Column_1"": ""float64"", ""Column_2"": ""float64"", ""Column_3"": ""float64""}",0,631,False,True,False,False,False,False,False,False
Run_110.csv,122824,3,"[""Column_1"", ""Column_2"", ""Column_3""]","{""Column_1"": ""float64"", ""Column_2"": ""float64"", ""Column_3"": ""float64""}",0,2505,False,True,False,False,False,False,False,False
Run_111.csv,133328,3,"[""Column_1"", ""Column_2"", ""Column_3""]","{""Column_1"": ""float64"", ""Column_2"": ""float64"", ""Column_3"": ""float64""}",0,6990,False,True,False,False,False,False,False,False
Run_112.csv,133328,3,"[""Column_1"", ""Column_2"", ""Column_3""]","{""Column_1"": ""float64"", ""Column_2"": ""float64"", ""Column_3"": ""float64""}",0,2498,False,True,False,False,False,False,False,False
Run_113.csv,133328,3,"[""Column_1"", ""Column_2"", ""Column_3""]","{""Column_1"": ""float64"", ""Column_2"": ""float64"", ""Column_3"": ""float64""}",0,2825,False,True,False,False,False,False,False,False
Run_114.csv,133328,3,"[""Column_1"", ""Column_2"", ""Column_3""]","{""Column_1"": ""float64"", ""Column_2"": ""float64"", ""Column_3"": ""float64""}",0,6106,False,True,False,False,False,False,False,False
Run_115.csv,133328,3,"[""Column_1"", ""Column_2"", ""Column_3""]","{""Column_1"": ""float64"", ""Column_2"": ""float64"", ""Column_3"": ""float64""}",0,12503,False,True,False,False,False,False,False,False
Run_116.csv,133328,3,"[""Column_1"", ""Column_2"", ""Column_3""]","{""Column_1"": ""float64"", ""Column_2"": ""float64"", ""Column_3"": ""float64""}",0,2033,False,True,False,False,False,False,False,False
Run_117.csv,133328,3,"[""Column_1"", ""Column_2"", ""Column_3""]","{""Column_1"": ""float64"", ""Column_2"": ""float64"", ""Column_3"": ""float64""}",0,11703,False,True,False,False,False,False,False,False
Run_118.csv,133328,3,"[""Column_1"", ""Column_2"", ""Column_3""]","{""Column_1"": ""float64"", ""Column_2"": ""float64"", ""Column_3"": ""float64""}",0,7330,False,True,False,False,False,False,False,False
Run_119.csv,133328,3,"[""Column_1"", ""Column_2"", ""Column_3""]","{""Column_1"": ""float64"", ""Column_2"": ""float64"", ""Column_3"": ""float64""}",0,4530,False,True,False,False,False,False,False,False
Run_12.csv,133328,3,"[""Column_1"", ""Column_2"", ""Column_3""]","{""Column_1"": ""float64"", ""Column_2"": ""float64"", ""Column_3"": ""float64""}",0,7745,False,True,False,False,False,False,False,False
Run_120.csv,133328,3,"[""Column_1"", ""Column_2"", ""Column_3""]","{""Column_1"": ""float64"", ""Column_2"": ""float64"", ""Column_3"": ""float64""}",0,1510,False,True,False,False,False,False,False,False
Run_121.csv,133328,3,"[""Column_1"", ""Column_2"", ""Column_3""]","{""Column_1"": ""float64"", ""Column_2"": ""float64"", ""Column_3"": ""float64""}",0,6016,False,True,False,False,False,False,False,False
Run_122.csv,133328,3,"[""Column_1"", ""Column_2"", ""Column_3""]","{""Column_1"": ""float64"", ""Column_2"": ""float64"", ""Column_3"": ""float64""}",0,17780,False,True,False,False,False,False,False,False
Run_123.csv,133328,3,"[""Column_1"", ""Column_2"", ""Column_3""]","{""Column_1"": ""float64"", ""Column_2"": ""float64"", ""Column_3"": ""float64""}",0,3892,False,True,False,False,False,False,False,False
Run_124.csv,133328,3,"[""Column_1"", ""Column_2"", ""Column_3""]","{""Column_1"": ""float64"", ""Column_2"": ""float64"", ""Column_3"": ""float64""}",0,1364,False,True,False,False,False,False,False,False
Run_125.csv,133328,3,"[""Column_1"", ""Column_2"", ""Column_3""]","{""Column_1"": ""float64"", ""Column_2"": ""float64"", ""Column_3"": ""float64""}",0,4261,False,True,False,False,False,False,False,False
Run_126.csv,133328,3,"[""Column_1"", ""Column_2"", ""Column_3""]","{""Column_1"": ""float64"", ""Column_2"": ""float64"", ""Column_3"": ""float64""}",0,6206,False,True,False,False,False,False,False,False
Run_127.csv,133328,3,"[""Column_1"", ""Column_2"", ""Column_3""]","{""Column_1"": ""float64"", ""Column_2"": ""float64"", ""Column_3"": ""float64""}",0,4238,False,True,False,False,False,False,False,False
Run_128.csv,133328,3,"[""Column_1"", ""Column_2"", ""Column_3""]","{""Column_1"": ""float64"", ""Column_2"": ""float64"", ""Column_3"": ""float64""}",0,4603,False,True,False,False,False,False,False,False
Run_129.csv,133328,3,"[""Column_1"", ""Column_2"", ""Column_3""]","{""Column_1"": ""float64"", ""Column_2"": ""float64"", ""Column_3"": ""float64""}",0,11683,False,True,False,False,False,False,False,False
Run_13.csv,133328,3,"[""Column_1"", ""Column_2"", ""Column_3""]","{""Column_1"": ""float64"", ""Column_2"": ""float64"", ""Column_3"": ""float64""}",0,814,False,True,False,False,False,False,False,False
Run_130.csv,133328,3,"[""Column_1"", ""Column_2"", ""Column_3""]","{""Column_1"": ""float64"", ""Column_2"": ""float64"", ""Column_3"": ""float64""}",0,810,False,True,False,False,False,False,False,False
Run_131.csv,133328,3,"[""Column_1"", ""Column_2"", ""Column_3""]","{""Column_1"": ""float64"", ""Column_2"": ""float64"", ""Column_3"": ""float64""}",0,3096,False,True,False,False,False,False,False,False
Run_132.csv,133328,3,"[""Column_1"", ""Column_2"", ""Column_3""]","{""Column_1"": ""float64"", ""Column_2"": ""float64"", ""Column_3"": ""float64""}",0,4030,False,True,False,False,False,False,False,False
Run_133.csv,133328,3,"[""Column_1"", ""Column_2"", ""Column_3""]","{""Column_1"": ""float64"", ""Column_2"": ""float64"", ""Column_3"": ""float64""}",0,5013,False,True,False,False,False,False,False,False
Run_134.csv,133328,3,"[""Column_1"", ""Column_2"", ""Column_3""]","{""Column_1"": ""float64"", ""Column_2"": ""float64"", ""Column_3"": ""float64""}",0,5348,False,True,False,False,False,False,False,False
Run_135.csv,133328,3,"[""Column_1"", ""Column_2"", ""Column_3""]","{""Column_1"": ""float64"", ""Column_2"": ""float64"", ""Column_3"": ""float64""}",0,6124,False,True,False,False,False,False,False,False
Run_136.csv,133328,3,"[""Column_1"", ""Column_2"", ""Column_3""]","{""Column_1"": ""float64"", ""Column_2"": ""float64"", ""Column_3"": ""float64""}",0,1540,False,True,False,False,False,False,False,False
Run_137.csv,133328,3,"[""Column_1"", ""Column_2"", ""Column_3""]","{""Column_1"": ""float64"", ""Column_2"": ""float64"", ""Column_3"": ""float64""}",0,12674,False,True,False,False,False,False,False,False
Run_138.csv,133328,3,"[""Column_1"", ""Column_2"", ""Column_3""]","{""Column_1"": ""float64"", ""Column_2"": ""float64"", ""Column_3"": ""float64""}",0,2523,False,True,False,False,False,False,False,False
Run_139.csv,133328,3,"[""Column_1"", ""Column_2"", ""Column_3""]","{""Column_1"": ""float64"", ""Column_2"": ""float64"", ""Column_3"": ""float64""}",0,9540,False,True,False,False,False,False,False,False
Run_14.csv,133326,3,"[""Column_1"", ""Column_2"", ""Column_3""]","{""Column_1"": ""float64"", ""Column_2"": ""float64"", ""Column_3"": ""float64""}",0,21494,False,True,False,False,False,False,False,False
Run_140.csv,133328,3,"[""Column_1"", ""Column_2"", ""Column_3""]","{""Column_1"": ""float64"", ""Column_2"": ""float64"", ""Column_3"": ""float64""}",0,17070,False,True,False,False,False,False,False,False
Run_141.csv,133328,3,"[""Column_1"", ""Column_2"", ""Column_3""]","{""Column_1"": ""float64"", ""Column_2"": ""float64"", ""Column_3"": ""float64""}",0,15010,False,True,False,False,False,False,False,False
Run_142.csv,133328,3,"[""Column_1"", ""Column_2"", ""Column_3""]","{""Column_1"": ""float64"", ""Column_2"": ""float64"", ""Column_3"": ""float64""}",0,2561,False,True,False,False,False,False,False,False
Run_143.csv,133328,3,"[""Column_1"", ""Column_2"", ""Column_3""]","{""Column_1"": ""float64"", ""Column_2"": ""float64"", ""Column_3"": ""float64""}",0,21153,False,True,False,False,False,False,False,False
Run_144.csv,133328,3,"[""Column_1"", ""Column_2"", ""Column_3""]","{""Column_1"": ""float64"", ""Column_2"": ""float64"", ""Column_3"": ""float64""}",0,16729,False,True,False,False,False,False,False,False
Run_145.csv,133328,3,"[""Column_1"", ""Column_2"", ""Column_3""]","{""Column_1"": ""float64"", ""Column_2"": ""float64"", ""Column_3"": ""float64""}",0,1539,False,True,False,False,False,False,False,False
Run_146.csv,133328,3,"[""Column_1"", ""Column_2"", ""Column_3""]","{""Column_1"": ""float64"", ""Column_2"": ""float64"", ""Column_3"": ""float64""}",0,11233,False,True,False,False,False,False,False,False
Run_147.csv,133328,3,"[""Column_1"", ""Column_2"", ""Column_3""]","{""Column_1"": ""float64"", ""Column_2"": ""float64"", ""Column_3"": ""float64""}",0,7447,False,True,False,False,False,False,False,False
Run_148.csv,133328,3,"[""Column_1"", ""Column_2"", ""Column_3""]","{""Column_1"": ""float64"", ""Column_2"": ""float64"", ""Column_3"": ""float64""}",0,3970,False,True,False,False,False,False,False,False
Run_149.csv,133328,3,"[""Column_1"", ""Column_2"", ""Column_3""]","{""Column_1"": ""float64"", ""Column_2"": ""float64"", ""Column_3"": ""float64""}",0,2606,False,True,False,False,False,False,False,False
Run_15.csv,133328,3,"[""Column_1"", ""Column_2"", ""Column_3""]","{""Column_1"": ""float64"", ""Column_2"": ""float64"", ""Column_3"": ""float64""}",0,7335,False,True,False,False,False,False,False,False
Run_150.csv,133328,3,"[""Column_1"", ""Column_2"", ""Column_3""]","{""Column_1"": ""float64"", ""Column_2"": ""float64"", ""Column_3"": ""float64""}",0,3645,False,True,False,False,False,False,False,False
Run_151.csv,133328,3,"[""Column_1"", ""Column_2"", ""Column_3""]","{""Column_1"": ""float64"", ""Column_2"": ""float64"", ""Column_3"": ""float64""}",0,917,False,True,False,False,False,False,False,False
Run_152.csv,133328,3,"[""Column_1"", ""Column_2"", ""Column_3""]","{""Column_1"": ""float64"", ""Column_2"": ""float64"", ""Column_3"": ""float64""}",0,15041,False,True,False,False,False,False,False,False
Run_153.csv,133328,3,"[""Column_1"", ""Column_2"", ""Column_3""]","{""Column_1"": ""float64"", ""Column_2"": ""float64"", ""Column_3"": ""float64""}",0,9912,False,True,False,False,False,False,False,False
Run_154.csv,133328,3,"[""Column_1"", ""Column_2"", ""Column_3""]","{""Column_1"": ""float64"", ""Column_2"": ""float64"", ""Column_3"": ""float64""}",0,1472,False,True,False,False,False,False,False,False
Run_155.csv,133328,3,"[""Column_1"", ""Column_2"", ""Column_3""]","{""Column_1"": ""float64"", ""Column_2"": ""float64"", ""Column_3"": ""float64""}",0,7810,False,True,False,False,False,False,False,False
Run_156.csv,133328,3,"[""Column_1"", ""Column_2"", ""Column_3""]","{""Column_1"": ""float64"", ""Column_2"": ""float64"", ""Column_3"": ""float64""}",0,1978,False,True,False,False,False,False,False,False
Run_157.csv,133328,3,"[""Column_1"", ""Column_2"", ""Column_3""]","{""Column_1"": ""float64"", ""Column_2"": ""float64"", ""Column_3"": ""float64""}",0,6686,False,True,False,False,False,False,False,False
Run_158.csv,133328,3,"[""Column_1"", ""Column_2"", ""Column_3""]","{""Column_1"": ""float64"", ""Column_2"": ""float64"", ""Column_3"": ""float64""}",0,3203,False,True,False,False,False,False,False,False
Run_159.csv,133328,3,"[""Column_1"", ""Column_2"", ""Column_3""]","{""Column_1"": ""float64"", ""Column_2"": ""float64"", ""Column_3"": ""float64""}",0,9731,False,True,False,False,False,False,False,False
Run_16.csv,133328,3,"[""Column_1"", ""Column_2"", ""Column_3""]","{""Column_1"": ""float64"", ""Column_2"": ""float64"", ""Column_3"": ""float64""}",0,9796,False,True,False,False,False,False,False,False
Run_160.csv,133328,3,"[""Column_1"", ""Column_2"", ""Column_3""]","{""Column_1"": ""float64"", ""Column_2"": ""float64"", ""Column_3"": ""float64""}",0,3306,False,True,False,False,False,False,False,False
Run_161.csv,133328,3,"[""Column_1"", ""Column_2"", ""Column_3""]","{""Column_1"": ""float64"", ""Column_2"": ""float64"", ""Column_3"": ""float64""}",0,3551,False,True,False,False,False,False,False,False
Run_162.csv,133328,3,"[""Column_1"", ""Column_2"", ""Column_3""]","{""Column_1"": ""float64"", ""Column_2"": ""float64"", ""Column_3"": ""float64""}",0,7641,False,True,False,False,False,False,False,False
Run_163.csv,133328,3,"[""Column_1"", ""Column_2"", ""Column_3""]","{""Column_1"": ""float64"", ""Column_2"": ""float64"", ""Column_3"": ""float64""}",0,1211,False,True,False,False,False,False,False,False
Run_164.csv,133328,3,"[""Column_1"", ""Column_2"", ""Column_3""]","{""Column_1"": ""float64"", ""Column_2"": ""float64"", ""Column_3"": ""float64""}",0,5014,False,True,False,False,False,False,False,False
Run_165.csv,133328,3,"[""Column_1"", ""Column_2"", ""Column_3""]","{""Column_1"": ""float64"", ""Column_2"": ""float64"", ""Column_3"": ""float64""}",0,18883,False,True,False,False,False,False,False,False
Run_166.csv,133328,3,"[""Column_1"", ""Column_2"", ""Column_3""]","{""Column_1"": ""float64"", ""Column_2"": ""float64"", ""Column_3"": ""float64""}",0,11161,False,True,False,False,False,False,False,False
Run_167.csv,133328,3,"[""Column_1"", ""Column_2"", ""Column_3""]","{""Column_1"": ""float64"", ""Column_2"": ""float64"", ""Column_3"": ""float64""}",0,11818,False,True,False,False,False,False,False,False
Run_168.csv,133328,3,"[""Column_1"", ""Column_2"", ""Column_3""]","{""Column_1"": ""float64"", ""Column_2"": ""float64"", ""Column_3"": ""float64""}",0,5270,False,True,False,False,False,False,False,False
Run_169.csv,133328,3,"[""Column_1"", ""Column_2"", ""Column_3""]","{""Column_1"": ""float64"", ""Column_2"": ""float64"", ""Column_3"": ""float64""}",0,12044,False,True,False,False,False,False,False,False
Run_17.csv,133328,3,"[""Column_1"", ""Column_2"", ""Column_3""]","{""Column_1"": ""float64"", ""Column_2"": ""float64"", ""Column_3"": ""float64""}",0,4839,False,True,False,False,False,False,False,False
Run_170.csv,133328,3,"[""Column_1"", ""Column_2"", ""Column_3""]","{""Column_1"": ""float64"", ""Column_2"": ""float64"", ""Column_3"": ""float64""}",0,3785,False,True,False,False,False,False,False,False
Run_171.csv,133328,3,"[""Column_1"", ""Column_2"", ""Column_3""]","{""Column_1"": ""float64"", ""Column_2"": ""float64"", ""Column_3"": ""float64""}",0,11515,False,True,False,False,False,False,False,False
Run_172.csv,133328,3,"[""Column_1"", ""Column_2"", ""Column_3""]","{""Column_1"": ""float64"", ""Column_2"": ""float64"", ""Column_3"": ""float64""}",0,12575,False,True,False,False,False,False,False,False
Run_173.csv,133328,3,"[""Column_1"", ""Column_2"", ""Column_3""]","{""Column_1"": ""float64"", ""Column_2"": ""float64"", ""Column_3"": ""float64""}",0,1670,False,True,False,False,False,False,False,False
Run_174.csv,133328,3,"[""Column_1"", ""Column_2"", ""Column_3""]","{""Column_1"": ""float64"", ""Column_2"": ""float64"", ""Column_3"": ""float64""}",0,908,False,True,False,False,False,False,False,False
Run_175.csv,133327,3,"[""Column_1"", ""Column_2"", ""Column_3""]","{""Column_1"": ""float64"", ""Column_2"": ""float64"", ""Column_3"": ""float64""}",0,7460,False,True,False,False,False,False,False,False
Run_176.csv,133328,3,"[""Column_1"", ""Column_2"", ""Column_3""]","{""Column_1"": ""float64"", ""Column_2"": ""float64"", ""Column_3"": ""float64""}",0,18216,False,True,False,False,False,False,False,False
Run_177.csv,133328,3,"[""Column_1"", ""Column_2"", ""Column_3""]","{""Column_1"": ""float64"", ""Column_2"": ""float64"", ""Column_3"": ""float64""}",0,3442,False,True,False,False,False,False,False,False
Run_178.csv,133328,3,"[""Column_1"", ""Column_2"", ""Column_3""]","{""Column_1"": ""float64"", ""Column_2"": ""float64"", ""Column_3"": ""float64""}",0,7124,False,True,False,False,False,False,False,False
Run_179.csv,133328,3,"[""Column_1"", ""Column_2"", ""Column_3""]","{""Column_1"": ""float64"", ""Column_2"": ""float64"", ""Column_3"": ""float64""}",0,5138,False,True,False,False,False,False,False,False
Run_18.csv,133328,3,"[""Column_1"", ""Column_2"", ""Column_3""]","{""Column_1"": ""float64"", ""Column_2"": ""float64"", ""Column_3"": ""float64""}",0,9251,False,True,False,False,False,False,False,False
Run_180.csv,133328,3,"[""Column_1"", ""Column_2"", ""Column_3""]","{""Column_1"": ""float64"", ""Column_2"": ""float64"", ""Column_3"": ""float64""}",0,15181,False,True,False,False,False,False,False,False
Run_181.csv,133328,3,"[""Column_1"", ""Column_2"", ""Column_3""]","{""Column_1"": ""float64"", ""Column_2"": ""float64"", ""Column_3"": ""float64""}",0,13864,False,True,False,False,False,False,False,False
Run_182.csv,133328,3,"[""Column_1"", ""Column_2"", ""Column_3""]","{""Column_1"": ""float64"", ""Column_2"": ""float64"", ""Column_3"": ""float64""}",0,15324,False,True,False,False,False,False,False,False
Run_183.csv,133328,3,"[""Column_1"", ""Column_2"", ""Column_3""]","{""Column_1"": ""float64"", ""Column_2"": ""float64"", ""Column_3"": ""float64""}",0,6586,False,True,False,False,False,False,False,False
Run_184.csv,133325,3,"[""Column_1"", ""Column_2"", ""Column_3""]","{""Column_1"": ""float64"", ""Column_2"": ""float64"", ""Column_3"": ""float64""}",0,4002,False,True,False,False,False,False,False,False
Run_185.csv,133328,3,"[""Column_1"", ""Column_2"", ""Column_3""]","{""Column_1"": ""float64"", ""Column_2"": ""float64"", ""Column_3"": ""float64""}",0,4488,False,True,False,False,False,False,False,False
Run_186.csv,133328,3,"[""Column_1"", ""Column_2"", ""Column_3""]","{""Column_1"": ""float64"", ""Column_2"": ""float64"", ""Column_3"": ""float64""}",0,4699,False,True,False,False,False,False,False,False
Run_187.csv,133328,3,"[""Column_1"", ""Column_2"", ""Column_3""]","{""Column_1"": ""float64"", ""Column_2"": ""float64"", ""Column_3"": ""float64""}",0,18418,False,True,False,False,False,False,False,False
Run_188.csv,133328,3,"[""Column_1"", ""Column_2"", ""Column_3""]","{""Column_1"": ""float64"", ""Column_2"": ""float64"", ""Column_3"": ""float64""}",0,6360,False,True,False,False,False,False,False,False
Run_189.csv,133328,3,"[""Column_1"", ""Column_2"", ""Column_3""]","{""Column_1"": ""float64"", ""Column_2"": ""float64"", ""Column_3"": ""float64""}",0,7403,False,True,False,False,False,False,False,False
Run_19.csv,133328,3,"[""Column_1"", ""Column_2"", ""Column_3""]","{""Column_1"": ""float64"", ""Column_2"": ""float64"", ""Column_3"": ""float64""}",0,6115,False,True,False,False,False,False,False,False
Run_190.csv,133328,3,"[""Column_1"", ""Column_2"", ""Column_3""]","{""Column_1"": ""float64"", ""Column_2"": ""float64"", ""Column_3"": ""float64""}",0,7780,False,True,False,False,False,False,False,False
Run_191.csv,133328,3,"[""Column_1"", ""Column_2"", ""Column_3""]","{""Column_1"": ""float64"", ""Column_2"": ""float64"", ""Column_3"": ""float64""}",0,4306,False,True,False,False,False,False,False,False
Run_192.csv,133328,3,"[""Column_1"", ""Column_2"", ""Column_3""]","{""Column_1"": ""float64"", ""Column_2"": ""float64"", ""Column_3"": ""float64""}",0,2493,False,True,False,False,False,False,False,False
Run_193.csv,133328,3,"[""Column_1"", ""Column_2"", ""Column_3""]","{""Column_1"": ""float64"", ""Column_2"": ""float64"", ""Column_3"": ""float64""}",0,1668,False,True,False,False,False,False,False,False
Run_194.csv,133328,3,"[""Column_1"", ""Column_2"", ""Column_3""]","{""Column_1"": ""float64"", ""Column_2"": ""float64"", ""Column_3"": ""float64""}",0,9774,False,True,False,False,False,False,False,False
Run_195.csv,133328,3,"[""Column_1"", ""Column_2"", ""Column_3""]","{""Column_1"": ""float64"", ""Column_2"": ""float64"", ""Column_3"": ""float64""}",0,11459,False,True,False,False,False,False,False,False
Run_196.csv,133328,3,"[""Column_1"", ""Column_2"", ""Column_3""]","{""Column_1"": ""float64"", ""Column_2"": ""float64"", ""Column_3"": ""float64""}",0,2030,False,True,False,False,False,False,False,False
Run_197.csv,133328,3,"[""Column_1"", ""Column_2"", ""Column_3""]","{""Column_1"": ""float64"", ""Column_2"": ""float64"", ""Column_3"": ""float64""}",0,11751,False,True,False,False,False,False,False,False
Run_198.csv,133328,3,"[""Column_1"", ""Column_2"", ""Column_3""]","{""Column_1"": ""float64"", ""Column_2"": ""float64"", ""Column_3"": ""float64""}",0,3254,False,True,False,False,False,False,False,False
Run_199.csv,133328,3,"[""Column_1"", ""Column_2"", ""Column_3""]","{""Column_1"": ""float64"", ""Column_2"": ""float64"", ""Column_3"": ""float64""}",0,3819,False,True,False,False,False,False,False,False
Run_2.csv,133328,3,"[""Column_1"", ""Column_2"", ""Column_3""]","{""Column_1"": ""float64"", ""Column_2"": ""float64"", ""Column_3"": ""float64""}",0,5870,False,True,False,False,False,False,False,False
Run_20.csv,133328,3,"[""Column_1"", ""Column_2"", ""Column_3""]","{""Column_1"": ""float64"", ""Column_2"": ""float64"", ""Column_3"": ""float64""}",0,7427,False,True,False,False,False,False,False,False
Run_200.csv,133328,3,"[""Column_1"", ""Column_2"", ""Column_3""]","{""Column_1"": ""float64"", ""Column_2"": ""float64"", ""Column_3"": ""float64""}",0,3564,False,True,False,False,False,False,False,False
Run_201.csv,133328,3,"[""Column_1"", ""Column_2"", ""Column_3""]","{""Column_1"": ""float64"", ""Column_2"": ""float64"", ""Column_3"": ""float64""}",0,5508,False,True,False,False,False,False,False,False
Run_202.csv,133328,3,"[""Column_1"", ""Column_2"", ""Column_3""]","{""Column_1"": ""float64"", ""Column_2"": ""float64"", ""Column_3"": ""float64""}",0,3245,False,True,False,False,False,False,False,False
Run_203.csv,133328,3,"[""Column_1"", ""Column_2"", ""Column_3""]","{""Column_1"": ""float64"", ""Column_2"": ""float64"", ""Column_3"": ""float64""}",0,2636,False,True,False,False,False,False,False,False
Run_204.csv,133328,3,"[""Column_1"", ""Column_2"", ""Column_3""]","{""Column_1"": ""float64"", ""Column_2"": ""float64"", ""Column_3"": ""float64""}",0,6918,False,True,False,False,False,False,False,False
Run_205.csv,133328,3,"[""Column_1"", ""Column_2"", ""Column_3""]","{""Column_1"": ""float64"", ""Column_2"": ""float64"", ""Column_3"": ""float64""}",0,4990,False,True,False,False,False,False,False,False
Run_206.csv,133328,3,"[""Column_1"", ""Column_2"", ""Column_3""]","{""Column_1"": ""float64"", ""Column_2"": ""float64"", ""Column_3"": ""float64""}",0,2483,False,True,False,False,False,False,False,False
Run_207.csv,133328,3,"[""Column_1"", ""Column_2"", ""Column_3""]","{""Column_1"": ""float64"", ""Column_2"": ""float64"", ""Column_3"": ""float64""}",0,2595,False,True,False,False,False,False,False,False
Run_208.csv,133328,3,"[""Column_1"", ""Column_2"", ""Column_3""]","{""Column_1"": ""float64"", ""Column_2"": ""float64"", ""Column_3"": ""float64""}",0,13275,False,True,False,False,False,False,False,False
Run_209.csv,133328,3,"[""Column_1"", ""Column_2"", ""Column_3""]","{""Column_1"": ""float64"", ""Column_2"": ""float64"", ""Column_3"": ""float64""}",0,15664,False,True,False,False,False,False,False,False
Run_21.csv,133328,3,"[""Column_1"", ""Column_2"", ""Column_3""]","{""Column_1"": ""float64"", ""Column_2"": ""float64"", ""Column_3"": ""float64""}",0,7358,False,True,False,False,False,False,False,False
Run_210.csv,133328,3,"[""Column_1"", ""Column_2"", ""Column_3""]","{""Column_1"": ""float64"", ""Column_2"": ""float64"", ""Column_3"": ""float64""}",0,1234,False,True,False,False,False,False,False,False
Run_211.csv,133328,3,"[""Column_1"", ""Column_2"", ""Column_3""]","{""Column_1"": ""float64"", ""Column_2"": ""float64"", ""Column_3"": ""float64""}",0,8859,False,True,False,False,False,False,False,False
Run_212.csv,133328,3,"[""Column_1"", ""Column_2"", ""Column_3""]","{""Column_1"": ""float64"", ""Column_2"": ""float64"", ""Column_3"": ""float64""}",0,1909,False,True,False,False,False,False,False,False
Run_213.csv,133328,3,"[""Column_1"", ""Column_2"", ""Column_3""]","{""Column_1"": ""float64"", ""Column_2"": ""float64"", ""Column_3"": ""float64""}",0,16425,False,True,False,False,False,False,False,False
Run_214.csv,133328,3,"[""Column_1"", ""Column_2"", ""Column_3""]","{""Column_1"": ""float64"", ""Column_2"": ""float64"", ""Column_3"": ""float64""}",0,10011,False,True,False,False,False,False,False,False
Run_215.csv,133328,3,"[""Column_1"", ""Column_2"", ""Column_3""]","{""Column_1"": ""float64"", ""Column_2"": ""float64"", ""Column_3"": ""float64""}",0,9864,False,True,False,False,False,False,False,False
Run_216.csv,133328,3,"[""Column_1"", ""Column_2"", ""Column_3""]","{""Column_1"": ""float64"", ""Column_2"": ""float64"", ""Column_3"": ""float64""}",0,4350,False,True,False,False,False,False,False,False
Run_217.csv,133328,3,"[""Column_1"", ""Column_2"", ""Column_3""]","{""Column_1"": ""float64"", ""Column_2"": ""float64"", ""Column_3"": ""float64""}",0,9897,False,True,False,False,False,False,False,False
Run_218.csv,133328,3,"[""Column_1"", ""Column_2"", ""Column_3""]","{""Column_1"": ""float64"", ""Column_2"": ""float64"", ""Column_3"": ""float64""}",0,1459,False,True,False,False,False,False,False,False
Run_219.csv,133328,3,"[""Column_1"", ""Column_2"", ""Column_3""]","{""Column_1"": ""float64"", ""Column_2"": ""float64"", ""Column_3"": ""float64""}",0,11469,False,True,False,False,False,False,False,False
Run_22.csv,133328,3,"[""Column_1"", ""Column_2"", ""Column_3""]","{""Column_1"": ""float64"", ""Column_2"": ""float64"", ""Column_3"": ""float64""}",0,1873,False,True,False,False,False,False,False,False
Run_220.csv,133328,3,"[""Column_1"", ""Column_2"", ""Column_3""]","{""Column_1"": ""float64"", ""Column_2"": ""float64"", ""Column_3"": ""float64""}",0,10097,False,True,False,False,False,False,False,False
Run_221.csv,133328,3,"[""Column_1"", ""Column_2"", ""Column_3""]","{""Column_1"": ""float64"", ""Column_2"": ""float64"", ""Column_3"": ""float64""}",0,3979,False,True,False,False,False,False,False,False
Run_222.csv,133328,3,"[""Column_1"", ""Column_2"", ""Column_3""]","{""Column_1"": ""float64"", ""Column_2"": ""float64"", ""Column_3"": ""float64""}",0,14740,False,True,False,False,False,False,False,False
Run_223.csv,133328,3,"[""Column_1"", ""Column_2"", ""Column_3""]","{""Column_1"": ""float64"", ""Column_2"": ""float64"", ""Column_3"": ""float64""}",0,7759,False,True,False,False,False,False,False,False
Run_224.csv,133328,3,"[""Column_1"", ""Column_2"", ""Column_3""]","{""Column_1"": ""float64"", ""Column_2"": ""float64"", ""Column_3"": ""float64""}",0,2763,False,True,False,False,False,False,False,False
Run_225.csv,133328,3,"[""Column_1"", ""Column_2"", ""Column_3""]","{""Column_1"": ""float64"", ""Column_2"": ""float64"", ""Column_3"": ""float64""}",0,5390,False,True,False,False,False,False,False,False
Run_226.csv,133328,3,"[""Column_1"", ""Column_2"", ""Column_3""]","{""Column_1"": ""float64"", ""Column_2"": ""float64"", ""Column_3"": ""float64""}",0,2151,False,True,False,False,False,False,False,False
Run_227.csv,133328,3,"[""Column_1"", ""Column_2"", ""Column_3""]","{""Column_1"": ""float64"", ""Column_2"": ""float64"", ""Column_3"": ""float64""}",0,6487,False,True,False,False,False,False,False,False
Run_228.csv,133328,3,"[""Column_1"", ""Column_2"", ""Column_3""]","{""Column_1"": ""float64"", ""Column_2"": ""float64"", ""Column_3"": ""float64""}",0,16555,False,True,False,False,False,False,False,False
Run_229.csv,133328,3,"[""Column_1"", ""Column_2"", ""Column_3""]","{""Column_1"": ""float64"", ""Column_2"": ""float64"", ""Column_3"": ""float64""}",0,1468,False,True,False,False,False,False,False,False
Run_23.csv,133328,3,"[""Column_1"", ""Column_2"", ""Column_3""]","{""Column_1"": ""float64"", ""Column_2"": ""float64"", ""Column_3"": ""float64""}",0,6312,False,True,False,False,False,False,False,False
Run_230.csv,133328,3,"[""Column_1"", ""Column_2"", ""Column_3""]","{""Column_1"": ""float64"", ""Column_2"": ""float64"", ""Column_3"": ""float64""}",0,14038,False,True,False,False,False,False,False,False
Run_231.csv,133328,3,"[""Column_1"", ""Column_2"", ""Column_3""]","{""Column_1"": ""float64"", ""Column_2"": ""float64"", ""Column_3"": ""float64""}",0,1308,False,True,False,False,False,False,False,False
Run_232.csv,133328,3,"[""Column_1"", ""Column_2"", ""Column_3""]","{""Column_1"": ""float64"", ""Column_2"": ""float64"", ""Column_3"": ""float64""}",0,9589,False,True,False,False,False,False,False,False
Run_233.csv,133328,3,"[""Column_1"", ""Column_2"", ""Column_3""]","{""Column_1"": ""float64"", ""Column_2"": ""float64"", ""Column_3"": ""float64""}",0,7414,False,True,False,False,False,False,False,False
Run_234.csv,133327,3,"[""Column_1"", ""Column_2"", ""Column_3""]","{""Column_1"": ""float64"", ""Column_2"": ""float64"", ""Column_3"": ""float64""}",0,651,False,True,False,False,False,False,False,False
Run_235.csv,133328,3,"[""Column_1"", ""Column_2"", ""Column_3""]","{""Column_1"": ""float64"", ""Column_2"": ""float64"", ""Column_3"": ""float64""}",0,14157,False,True,False,False,False,False,False,False
Run_236.csv,133328,3,"[""Column_1"", ""Column_2"", ""Column_3""]","{""Column_1"": ""float64"", ""Column_2"": ""float64"", ""Column_3"": ""float64""}",0,18445,False,True,False,False,False,False,False,False
Run_237.csv,133328,3,"[""Column_1"", ""Column_2"", ""Column_3""]","{""Column_1"": ""float64"", ""Column_2"": ""float64"", ""Column_3"": ""float64""}",0,3905,False,True,False,False,False,False,False,False
Run_238.csv,133328,3,"[""Column_1"", ""Column_2"", ""Column_3""]","{""Column_1"": ""float64"", ""Column_2"": ""float64"", ""Column_3"": ""float64""}",0,8932,False,True,False,False,False,False,False,False
Run_239.csv,133328,3,"[""Column_1"", ""Column_2"", ""Column_3""]","{""Column_1"": ""float64"", ""Column_2"": ""float64"", ""Column_3"": ""float64""}",0,8455,False,True,False,False,False,False,False,False
Run_24.csv,133328,3,"[""Column_1"", ""Column_2"", ""Column_3""]","{""Column_1"": ""float64"", ""Column_2"": ""float64"", ""Column_3"": ""float64""}",0,16730,False,True,False,False,False,False,False,False
Run_240.csv,133328,3,"[""Column_1"", ""Column_2"", ""Column_3""]","{""Column_1"": ""float64"", ""Column_2"": ""float64"", ""Column_3"": ""float64""}",0,8443,False,True,False,False,False,False,False,False
Run_241.csv,133328,3,"[""Column_1"", ""Column_2"", ""Column_3""]","{""Column_1"": ""float64"", ""Column_2"": ""float64"", ""Column_3"": ""float64""}",0,16770,False,True,False,False,False,False,False,False
Run_242.csv,133328,3,"[""Column_1"", ""Column_2"", ""Column_3""]","{""Column_1"": ""float64"", ""Column_2"": ""float64"", ""Column_3"": ""float64""}",0,7426,False,True,False,False,False,False,False,False
Run_243.csv,133328,3,"[""Column_1"", ""Column_2"", ""Column_3""]","{""Column_1"": ""float64"", ""Column_2"": ""float64"", ""Column_3"": ""float64""}",0,14831,False,True,False,False,False,False,False,False
Run_244.csv,133328,3,"[""Column_1"", ""Column_2"", ""Column_3""]","{""Column_1"": ""float64"", ""Column_2"": ""float64"", ""Column_3"": ""float64""}",0,13094,False,True,False,False,False,False,False,False
Run_245.csv,133328,3,"[""Column_1"", ""Column_2"", ""Column_3""]","{""Column_1"": ""float64"", ""Column_2"": ""float64"", ""Column_3"": ""float64""}",0,9060,False,True,False,False,False,False,False,False
Run_246.csv,133328,3,"[""Column_1"", ""Column_2"", ""Column_3""]","{""Column_1"": ""float64"", ""Column_2"": ""float64"", ""Column_3"": ""float64""}",0,6201,False,True,False,False,False,False,False,False
Run_247.csv,133328,3,"[""Column_1"", ""Column_2"", ""Column_3""]","{""Column_1"": ""float64"", ""Column_2"": ""float64"", ""Column_3"": ""float64""}",0,14066,False,True,False,False,False,False,False,False
Run_248.csv,133328,3,"[""Column_1"", ""Column_2"", ""Column_3""]","{""Column_1"": ""float64"", ""Column_2"": ""float64"", ""Column_3"": ""float64""}",0,17789,False,True,False,False,False,False,False,False
Run_249.csv,133328,3,"[""Column_1"", ""Column_2"", ""Column_3""]","{""Column_1"": ""float64"", ""Column_2"": ""float64"", ""Column_3"": ""float64""}",0,3065,False,True,False,False,False,False,False,False
Run_25.csv,133328,3,"[""Column_1"", ""Column_2"", ""Column_3""]","{""Column_1"": ""float64"", ""Column_2"": ""float64"", ""Column_3"": ""float64""}",0,2633,False,True,False,False,False,False,False,False
Run_250.csv,133328,3,"[""Column_1"", ""Column_2"", ""Column_3""]","{""Column_1"": ""float64"", ""Column_2"": ""float64"", ""Column_3"": ""float64""}",0,9319,False,True,False,False,False,False,False,False
Run_251.csv,133328,3,"[""Column_1"", ""Column_2"", ""Column_3""]","{""Column_1"": ""float64"", ""Column_2"": ""float64"", ""Column_3"": ""float64""}",0,3107,False,True,False,False,False,False,False,False
Run_252.csv,133328,3,"[""Column_1"", ""Column_2"", ""Column_3""]","{""Column_1"": ""float64"", ""Column_2"": ""float64"", ""Column_3"": ""float64""}",0,15592,False,True,False,False,False,False,False,False
Run_253.csv,133328,3,"[""Column_1"", ""Column_2"", ""Column_3""]","{""Column_1"": ""float64"", ""Column_2"": ""float64"", ""Column_3"": ""float64""}",0,9706,False,True,False,False,False,False,False,False
Run_254.csv,133328,3,"[""Column_1"", ""Column_2"", ""Column_3""]","{""Column_1"": ""float64"", ""Column_2"": ""float64"", ""Column_3"": ""float64""}",0,10811,False,True,False,False,False,False,False,False
Run_255.csv,133328,3,"[""Column_1"", ""Column_2"", ""Column_3""]","{""Column_1"": ""float64"", ""Column_2"": ""float64"", ""Column_3"": ""float64""}",0,15574,False,True,False,False,False,False,False,False
Run_256.csv,133328,3,"[""Column_1"", ""Column_2"", ""Column_3""]","{""Column_1"": ""float64"", ""Column_2"": ""float64"", ""Column_3"": ""float64""}",0,3965,False,True,False,False,False,False,False,False
Run_257.csv,133328,3,"[""Column_1"", ""Column_2"", ""Column_3""]","{""Column_1"": ""float64"", ""Column_2"": ""float64"", ""Column_3"": ""float64""}",0,6967,False,True,False,False,False,False,False,False
Run_258.csv,133328,3,"[""Column_1"", ""Column_2"", ""Column_3""]","{""Column_1"": ""float64"", ""Column_2"": ""float64"", ""Column_3"": ""float64""}",0,3699,False,True,False,False,False,False,False,False
Run_259.csv,133328,3,"[""Column_1"", ""Column_2"", ""Column_3""]","{""Column_1"": ""float64"", ""Column_2"": ""float64"", ""Column_3"": ""float64""}",0,2091,False,True,False,False,False,False,False,False
Run_26.csv,133328,3,"[""Column_1"", ""Column_2"", ""Column_3""]","{""Column_1"": ""float64"", ""Column_2"": ""float64"", ""Column_3"": ""float64""}",0,1415,False,True,False,False,False,False,False,False
Run_260.csv,133328,3,"[""Column_1"", ""Column_2"", ""Column_3""]","{""Column_1"": ""float64"", ""Column_2"": ""float64"", ""Column_3"": ""float64""}",0,7439,False,True,False,False,False,False,False,False
Run_261.csv,133328,3,"[""Column_1"", ""Column_2"", ""Column_3""]","{""Column_1"": ""float64"", ""Column_2"": ""float64"", ""Column_3"": ""float64""}",0,13166,False,True,False,False,False,False,False,False
Run_262.csv,133328,3,"[""Column_1"", ""Column_2"", ""Column_3""]","{""Column_1"": ""float64"", ""Column_2"": ""float64"", ""Column_3"": ""float64""}",0,3304,False,True,False,False,False,False,False,False
Run_263.csv,133328,3,"[""Column_1"", ""Column_2"", ""Column_3""]","{""Column_1"": ""float64"", ""Column_2"": ""float64"", ""Column_3"": ""float64""}",0,8106,False,True,False,False,False,False,False,False
Run_264.csv,133328,3,"[""Column_1"", ""Column_2"", ""Column_3""]","{""Column_1"": ""float64"", ""Column_2"": ""float64"", ""Column_3"": ""float64""}",0,13965,False,True,False,False,False,False,False,False
Run_265.csv,133328,3,"[""Column_1"", ""Column_2"", ""Column_3""]","{""Column_1"": ""float64"", ""Column_2"": ""float64"", ""Column_3"": ""float64""}",0,4423,False,True,False,False,False,False,False,False
Run_266.csv,133328,3,"[""Column_1"", ""Column_2"", ""Column_3""]","{""Column_1"": ""float64"", ""Column_2"": ""float64"", ""Column_3"": ""float64""}",0,1675,False,True,False,False,False,False,False,False
Run_267.csv,133328,3,"[""Column_1"", ""Column_2"", ""Column_3""]","{""Column_1"": ""float64"", ""Column_2"": ""float64"", ""Column_3"": ""float64""}",0,3522,False,True,False,False,False,False,False,False
Run_268.csv,133328,3,"[""Column_1"", ""Column_2"", ""Column_3""]","{""Column_1"": ""float64"", ""Column_2"": ""float64"", ""Column_3"": ""float64""}",0,9260,False,True,False,False,False,False,False,False
Run_269.csv,133328,3,"[""Column_1"", ""Column_2"", ""Column_3""]","{""Column_1"": ""float64"", ""Column_2"": ""float64"", ""Column_3"": ""float64""}",0,19421,False,True,False,False,False,False,False,False
Run_27.csv,133328,3,"[""Column_1"", ""Column_2"", ""Column_3""]","{""Column_1"": ""float64"", ""Column_2"": ""float64"", ""Column_3"": ""float64""}",0,16714,False,True,False,False,False,False,False,False
Run_270.csv,133328,3,"[""Column_1"", ""Column_2"", ""Column_3""]","{""Column_1"": ""float64"", ""Column_2"": ""float64"", ""Column_3"": ""float64""}",0,1928,False,True,False,False,False,False,False,False
Run_271.csv,133328,3,"[""Column_1"", ""Column_2"", ""Column_3""]","{""Column_1"": ""float64"", ""Column_2"": ""float64"", ""Column_3"": ""float64""}",0,5074,False,True,False,False,False,False,False,False
Run_272.csv,133328,3,"[""Column_1"", ""Column_2"", ""Column_3""]","{""Column_1"": ""float64"", ""Column_2"": ""float64"", ""Column_3"": ""float64""}",0,11533,False,True,False,False,False,False,False,False
Run_273.csv,133328,3,"[""Column_1"", ""Column_2"", ""Column_3""]","{""Column_1"": ""float64"", ""Column_2"": ""float64"", ""Column_3"": ""float64""}",0,20459,False,True,False,False,False,False,False,False
Run_274.csv,133328,3,"[""Column_1"", ""Column_2"", ""Column_3""]","{""Column_1"": ""float64"", ""Column_2"": ""float64"", ""Column_3"": ""float64""}",0,12909,False,True,False,False,False,False,False,False
Run_275.csv,133328,3,"[""Column_1"", ""Column_2"", ""Column_3""]","{""Column_1"": ""float64"", ""Column_2"": ""float64"", ""Column_3"": ""float64""}",0,3701,False,True,False,False,False,False,False,False
Run_276.csv,133328,3,"[""Column_1"", ""Column_2"", ""Column_3""]","{""Column_1"": ""float64"", ""Column_2"": ""float64"", ""Column_3"": ""float64""}",0,7866,False,True,False,False,False,False,False,False
Run_277.csv,133328,3,"[""Column_1"", ""Column_2"", ""Column_3""]","{""Column_1"": ""float64"", ""Column_2"": ""float64"", ""Column_3"": ""float64""}",0,4435,False,True,False,False,False,False,False,False
Run_278.csv,133328,3,"[""Column_1"", ""Column_2"", ""Column_3""]","{""Column_1"": ""float64"", ""Column_2"": ""float64"", ""Column_3"": ""float64""}",0,19232,False,True,False,False,False,False,False,False
Run_279.csv,133328,3,"[""Column_1"", ""Column_2"", ""Column_3""]","{""Column_1"": ""float64"", ""Column_2"": ""float64"", ""Column_3"": ""float64""}",0,9884,False,True,False,False,False,False,False,False
Run_28.csv,133328,3,"[""Column_1"", ""Column_2"", ""Column_3""]","{""Column_1"": ""float64"", ""Column_2"": ""float64"", ""Column_3"": ""float64""}",0,6856,False,True,False,False,False,False,False,False
Run_280.csv,133328,3,"[""Column_1"", ""Column_2"", ""Column_3""]","{""Column_1"": ""float64"", ""Column_2"": ""float64"", ""Column_3"": ""float64""}",0,16809,False,True,False,False,False,False,False,False
Run_281.csv,133328,3,"[""Column_1"", ""Column_2"", ""Column_3""]","{""Column_1"": ""float64"", ""Column_2"": ""float64"", ""Column_3"": ""float64""}",0,1445,False,True,False,False,False,False,False,False
Run_282.csv,133328,3,"[""Column_1"", ""Column_2"", ""Column_3""]","{""Column_1"": ""float64"", ""Column_2"": ""float64"", ""Column_3"": ""float64""}",0,7635,False,True,False,False,False,False,False,False
Run_283.csv,133328,3,"[""Column_1"", ""Column_2"", ""Column_3""]","{""Column_1"": ""float64"", ""Column_2"": ""float64"", ""Column_3"": ""float64""}",0,1904,False,True,False,False,False,False,False,False
Run_284.csv,133328,3,"[""Column_1"", ""Column_2"", ""Column_3""]","{""Column_1"": ""float64"", ""Column_2"": ""float64"", ""Column_3"": ""float64""}",0,10418,False,True,False,False,False,False,False,False
Run_285.csv,133328,3,"[""Column_1"", ""Column_2"", ""Column_3""]","{""Column_1"": ""float64"", ""Column_2"": ""float64"", ""Column_3"": ""float64""}",0,9334,False,True,False,False,False,False,False,False
Run_286.csv,133328,3,"[""Column_1"", ""Column_2"", ""Column_3""]","{""Column_1"": ""float64"", ""Column_2"": ""float64"", ""Column_3"": ""float64""}",0,2577,False,True,False,False,False,False,False,False
Run_287.csv,133328,3,"[""Column_1"", ""Column_2"", ""Column_3""]","{""Column_1"": ""float64"", ""Column_2"": ""float64"", ""Column_3"": ""float64""}",0,13802,False,True,False,False,False,False,False,False
Run_288.csv,133328,3,"[""Column_1"", ""Column_2"", ""Column_3""]","{""Column_1"": ""float64"", ""Column_2"": ""float64"", ""Column_3"": ""float64""}",0,3333,False,True,False,False,False,False,False,False
Run_289.csv,133328,3,"[""Column_1"", ""Column_2"", ""Column_3""]","{""Column_1"": ""float64"", ""Column_2"": ""float64"", ""Column_3"": ""float64""}",0,2171,False,True,False,False,False,False,False,False
Run_29.csv,133328,3,"[""Column_1"", ""Column_2"", ""Column_3""]","{""Column_1"": ""float64"", ""Column_2"": ""float64"", ""Column_3"": ""float64""}",0,4883,False,True,False,False,False,False,False,False
Run_290.csv,133328,3,"[""Column_1"", ""Column_2"", ""Column_3""]","{""Column_1"": ""float64"", ""Column_2"": ""float64"", ""Column_3"": ""float64""}",0,5732,False,True,False,False,False,False,False,False
Run_291.csv,133328,3,"[""Column_1"", ""Column_2"", ""Column_3""]","{""Column_1"": ""float64"", ""Column_2"": ""float64"", ""Column_3"": ""float64""}",0,1366,False,True,False,False,False,False,False,False
Run_292.csv,133328,3,"[""Column_1"", ""Column_2"", ""Column_3""]","{""Column_1"": ""float64"", ""Column_2"": ""float64"", ""Column_3"": ""float64""}",0,11458,False,True,False,False,False,False,False,False
Run_293.csv,133328,3,"[""Column_1"", ""Column_2"", ""Column_3""]","{""Column_1"": ""float64"", ""Column_2"": ""float64"", ""Column_3"": ""float64""}",0,5888,False,True,False,False,False,False,False,False
Run_294.csv,133328,3,"[""Column_1"", ""Column_2"", ""Column_3""]","{""Column_1"": ""float64"", ""Column_2"": ""float64"", ""Column_3"": ""float64""}",0,1629,False,True,False,False,False,False,False,False
Run_295.csv,133328,3,"[""Column_1"", ""Column_2"", ""Column_3""]","{""Column_1"": ""float64"", ""Column_2"": ""float64"", ""Column_3"": ""float64""}",0,9794,False,True,False,False,False,False,False,False
Run_296.csv,133328,3,"[""Column_1"", ""Column_2"", ""Column_3""]","{""Column_1"": ""float64"", ""Column_2"": ""float64"", ""Column_3"": ""float64""}",0,2233,False,True,False,False,False,False,False,False
Run_297.csv,133328,3,"[""Column_1"", ""Column_2"", ""Column_3""]","{""Column_1"": ""float64"", ""Column_2"": ""float64"", ""Column_3"": ""float64""}",0,7357,False,True,False,False,False,False,False,False
Run_298.csv,133328,3,"[""Column_1"", ""Column_2"", ""Column_3""]","{""Column_1"": ""float64"", ""Column_2"": ""float64"", ""Column_3"": ""float64""}",0,11419,False,True,False,False,False,False,False,False
Run_299.csv,133328,3,"[""Column_1"", ""Column_2"", ""Column_3""]","{""Column_1"": ""float64"", ""Column_2"": ""float64"", ""Column_3"": ""float64""}",0,9819,False,True,False,False,False,False,False,False
Run_3.csv,133328,3,"[""Column_1"", ""Column_2"", ""Column_3""]","{""Column_1"": ""float64"", ""Column_2"": ""float64"", ""Column_3"": ""float64""}",0,557,False,True,False,False,False,False,False,False
Run_30.csv,133328,3,"[""Column_1"", ""Column_2"", ""Column_3""]","{""Column_1"": ""float64"", ""Column_2"": ""float64"", ""Column_3"": ""float64""}",0,1345,False,True,False,False,False,False,False,False
Run_300.csv,133328,3,"[""Column_1"", ""Column_2"", ""Column_3""]","{""Column_1"": ""float64"", ""Column_2"": ""float64"", ""Column_3"": ""float64""}",0,1840,False,True,False,False,False,False,False,False
Run_301.csv,133328,3,"[""Column_1"", ""Column_2"", ""Column_3""]","{""Column_1"": ""float64"", ""Column_2"": ""float64"", ""Column_3"": ""float64""}",0,6263,False,True,False,False,False,False,False,False
Run_302.csv,133328,3,"[""Column_1"", ""Column_2"", ""Column_3""]","{""Column_1"": ""float64"", ""Column_2"": ""float64"", ""Column_3"": ""float64""}",0,1432,False,True,False,False,False,False,False,False
Run_303.csv,133328,3,"[""Column_1"", ""Column_2"", ""Column_3""]","{""Column_1"": ""float64"", ""Column_2"": ""float64"", ""Column_3"": ""float64""}",0,13515,False,True,False,False,False,False,False,False
Run_304.csv,133328,3,"[""Column_1"", ""Column_2"", ""Column_3""]","{""Column_1"": ""float64"", ""Column_2"": ""float64"", ""Column_3"": ""float64""}",0,9847,False,True,False,False,False,False,False,False
Run_305.csv,133328,3,"[""Column_1"", ""Column_2"", ""Column_3""]","{""Column_1"": ""float64"", ""Column_2"": ""float64"", ""Column_3"": ""float64""}",0,4713,False,True,False,False,False,False,False,False
Run_306.csv,133328,3,"[""Column_1"", ""Column_2"", ""Column_3""]","{""Column_1"": ""float64"", ""Column_2"": ""float64"", ""Column_3"": ""float64""}",0,5095,False,True,False,False,False,False,False,False
Run_307.csv,133328,3,"[""Column_1"", ""Column_2"", ""Column_3""]","{""Column_1"": ""float64"", ""Column_2"": ""float64"", ""Column_3"": ""float64""}",0,12189,False,True,False,False,False,False,False,False
Run_308.csv,133328,3,"[""Column_1"", ""Column_2"", ""Column_3""]","{""Column_1"": ""float64"", ""Column_2"": ""float64"", ""Column_3"": ""float64""}",0,1297,False,True,False,False,False,False,False,False
Run_309.csv,133328,3,"[""Column_1"", ""Column_2"", ""Column_3""]","{""Column_1"": ""float64"", ""Column_2"": ""float64"", ""Column_3"": ""float64""}",0,11918,False,True,False,False,False,False,False,False
Run_31.csv,133328,3,"[""Column_1"", ""Column_2"", ""Column_3""]","{""Column_1"": ""float64"", ""Column_2"": ""float64"", ""Column_3"": ""float64""}",0,16038,False,True,False,False,False,False,False,False
Run_310.csv,133328,3,"[""Column_1"", ""Column_2"", ""Column_3""]","{""Column_1"": ""float64"", ""Column_2"": ""float64"", ""Column_3"": ""float64""}",0,5614,False,True,False,False,False,False,False,False
Run_311.csv,133328,3,"[""Column_1"", ""Column_2"", ""Column_3""]","{""Column_1"": ""float64"", ""Column_2"": ""float64"", ""Column_3"": ""float64""}",0,8917,False,True,False,False,False,False,False,False
Run_312.csv,133328,3,"[""Column_1"", ""Column_2"", ""Column_3""]","{""Column_1"": ""float64"", ""Column_2"": ""float64"", ""Column_3"": ""float64""}",0,2865,False,True,False,False,False,False,False,False
Run_313.csv,133328,3,"[""Column_1"", ""Column_2"", ""Column_3""]","{""Column_1"": ""float64"", ""Column_2"": ""float64"", ""Column_3"": ""float64""}",0,4945,False,True,False,False,False,False,False,False
Run_314.csv,133328,3,"[""Column_1"", ""Column_2"", ""Column_3""]","{""Column_1"": ""float64"", ""Column_2"": ""float64"", ""Column_3"": ""float64""}",0,1959,False,True,False,False,False,False,False,False
Run_315.csv,133328,3,"[""Column_1"", ""Column_2"", ""Column_3""]","{""Column_1"": ""float64"", ""Column_2"": ""float64"", ""Column_3"": ""float64""}",0,15463,False,True,False,False,False,False,False,False
Run_316.csv,133328,3,"[""Column_1"", ""Column_2"", ""Column_3""]","{""Column_1"": ""float64"", ""Column_2"": ""float64"", ""Column_3"": ""float64""}",0,12724,False,True,False,False,False,False,False,False
Run_317.csv,133328,3,"[""Column_1"", ""Column_2"", ""Column_3""]","{""Column_1"": ""float64"", ""Column_2"": ""float64"", ""Column_3"": ""float64""}",0,1976,False,True,False,False,False,False,False,False
Run_318.csv,133328,3,"[""Column_1"", ""Column_2"", ""Column_3""]","{""Column_1"": ""float64"", ""Column_2"": ""float64"", ""Column_3"": ""float64""}",0,8766,False,True,False,False,False,False,False,False
Run_319.csv,133328,3,"[""Column_1"", ""Column_2"", ""Column_3""]","{""Column_1"": ""float64"", ""Column_2"": ""float64"", ""Column_3"": ""float64""}",0,8200,False,True,False,False,False,False,False,False
Run_32.csv,133328,3,"[""Column_1"", ""Column_2"", ""Column_3""]","{""Column_1"": ""float64"", ""Column_2"": ""float64"", ""Column_3"": ""float64""}",0,878,False,True,False,False,False,False,False,False
Run_320.csv,133328,3,"[""Column_1"", ""Column_2"", ""Column_3""]","{""Column_1"": ""float64"", ""Column_2"": ""float64"", ""Column_3"": ""float64""}",0,7593,False,True,False,False,False,False,False,False
Run_321.csv,133328,3,"[""Column_1"", ""Column_2"", ""Column_3""]","{""Column_1"": ""float64"", ""Column_2"": ""float64"", ""Column_3"": ""float64""}",0,7030,False,True,False,False,False,False,False,False
Run_322.csv,133328,3,"[""Column_1"", ""Column_2"", ""Column_3""]","{""Column_1"": ""float64"", ""Column_2"": ""float64"", ""Column_3"": ""float64""}",0,16247,False,True,False,False,False,False,False,False
Run_323.csv,133328,3,"[""Column_1"", ""Column_2"", ""Column_3""]","{""Column_1"": ""float64"", ""Column_2"": ""float64"", ""Column_3"": ""float64""}",0,10417,False,True,False,False,False,False,False,False
Run_324.csv,133328,3,"[""Column_1"", ""Column_2"", ""Column_3""]","{""Column_1"": ""float64"", ""Column_2"": ""float64"", ""Column_3"": ""float64""}",0,12717,False,True,False,False,False,False,False,False
Run_325.csv,133328,3,"[""Column_1"", ""Column_2"", ""Column_3""]","{""Column_1"": ""float64"", ""Column_2"": ""float64"", ""Column_3"": ""float64""}",0,8896,False,True,False,False,False,False,False,False
Run_326.csv,133328,3,"[""Column_1"", ""Column_2"", ""Column_3""]","{""Column_1"": ""float64"", ""Column_2"": ""float64"", ""Column_3"": ""float64""}",0,12768,False,True,False,False,False,False,False,False
Run_327.csv,133328,3,"[""Column_1"", ""Column_2"", ""Column_3""]","{""Column_1"": ""float64"", ""Column_2"": ""float64"", ""Column_3"": ""float64""}",0,1545,False,True,False,False,False,False,False,False
Run_328.csv,133328,3,"[""Column_1"", ""Column_2"", ""Column_3""]","{""Column_1"": ""float64"", ""Column_2"": ""float64"", ""Column_3"": ""float64""}",0,18262,False,True,False,False,False,False,False,False
Run_329.csv,133328,3,"[""Column_1"", ""Column_2"", ""Column_3""]","{""Column_1"": ""float64"", ""Column_2"": ""float64"", ""Column_3"": ""float64""}",0,3602,False,True,False,False,False,False,False,False
Run_33.csv,133328,3,"[""Column_1"", ""Column_2"", ""Column_3""]","{""Column_1"": ""float64"", ""Column_2"": ""float64"", ""Column_3"": ""float64""}",0,6053,False,True,False,False,False,False,False,False
Run_330.csv,133328,3,"[""Column_1"", ""Column_2"", ""Column_3""]","{""Column_1"": ""float64"", ""Column_2"": ""float64"", ""Column_3"": ""float64""}",0,5014,False,True,False,False,False,False,False,False
Run_331.csv,133328,3,"[""Column_1"", ""Column_2"", ""Column_3""]","{""Column_1"": ""float64"", ""Column_2"": ""float64"", ""Column_3"": ""float64""}",0,7717,False,True,False,False,False,False,False,False
Run_332.csv,133328,3,"[""Column_1"", ""Column_2"", ""Column_3""]","{""Column_1"": ""float64"", ""Column_2"": ""float64"", ""Column_3"": ""float64""}",0,1932,False,True,False,False,False,False,False,False
Run_333.csv,133328,3,"[""Column_1"", ""Column_2"", ""Column_3""]","{""Column_1"": ""float64"", ""Column_2"": ""float64"", ""Column_3"": ""float64""}",0,22139,False,True,False,False,False,False,False,False
Run_334.csv,133328,3,"[""Column_1"", ""Column_2"", ""Column_3""]","{""Column_1"": ""float64"", ""Column_2"": ""float64"", ""Column_3"": ""float64""}",0,1100,False,True,False,False,False,False,False,False
Run_335.csv,133328,3,"[""Column_1"", ""Column_2"", ""Column_3""]","{""Column_1"": ""float64"", ""Column_2"": ""float64"", ""Column_3"": ""float64""}",0,2162,False,True,False,False,False,False,False,False
Run_336.csv,133328,3,"[""Column_1"", ""Column_2"", ""Column_3""]","{""Column_1"": ""float64"", ""Column_2"": ""float64"", ""Column_3"": ""float64""}",0,3674,False,True,False,False,False,False,False,False
Run_337.csv,133328,3,"[""Column_1"", ""Column_2"", ""Column_3""]","{""Column_1"": ""float64"", ""Column_2"": ""float64"", ""Column_3"": ""float64""}",0,5018,False,True,False,False,False,False,False,False
Run_338.csv,133328,3,"[""Column_1"", ""Column_2"", ""Column_3""]","{""Column_1"": ""float64"", ""Column_2"": ""float64"", ""Column_3"": ""float64""}",0,7472,False,True,False,False,False,False,False,False
Run_339.csv,133328,3,"[""Column_1"", ""Column_2"", ""Column_3""]","{""Column_1"": ""float64"", ""Column_2"": ""float64"", ""Column_3"": ""float64""}",0,1376,False,True,False,False,False,False,False,False
Run_34.csv,133328,3,"[""Column_1"", ""Column_2"", ""Column_3""]","{""Column_1"": ""float64"", ""Column_2"": ""float64"", ""Column_3"": ""float64""}",0,18243,False,True,False,False,False,False,False,False
Run_340.csv,133328,3,"[""Column_1"", ""Column_2"", ""Column_3""]","{""Column_1"": ""float64"", ""Column_2"": ""float64"", ""Column_3"": ""float64""}",0,2780,False,True,False,False,False,False,False,False
Run_341.csv,133328,3,"[""Column_1"", ""Column_2"", ""Column_3""]","{""Column_1"": ""float64"", ""Column_2"": ""float64"", ""Column_3"": ""float64""}",0,2589,False,True,False,False,False,False,False,False
Run_342.csv,133328,3,"[""Column_1"", ""Column_2"", ""Column_3""]","{""Column_1"": ""float64"", ""Column_2"": ""float64"", ""Column_3"": ""float64""}",0,8355,False,True,False,False,False,False,False,False
Run_343.csv,133328,3,"[""Column_1"", ""Column_2"", ""Column_3""]","{""Column_1"": ""float64"", ""Column_2"": ""float64"", ""Column_3"": ""float64""}",0,1574,False,True,False,False,False,False,False,False
Run_344.csv,133328,3,"[""Column_1"", ""Column_2"", ""Column_3""]","{""Column_1"": ""float64"", ""Column_2"": ""float64"", ""Column_3"": ""float64""}",0,1337,False,True,False,False,False,False,False,False
Run_345.csv,133328,3,"[""Column_1"", ""Column_2"", ""Column_3""]","{""Column_1"": ""float64"", ""Column_2"": ""float64"", ""Column_3"": ""float64""}",0,4954,False,True,False,False,False,False,False,False
Run_346.csv,133328,3,"[""Column_1"", ""Column_2"", ""Column_3""]","{""Column_1"": ""float64"", ""Column_2"": ""float64"", ""Column_3"": ""float64""}",0,5157,False,True,False,False,False,False,False,False
Run_347.csv,133328,3,"[""Column_1"", ""Column_2"", ""Column_3""]","{""Column_1"": ""float64"", ""Column_2"": ""float64"", ""Column_3"": ""float64""}",0,11948,False,True,False,False,False,False,False,False
Run_348.csv,133328,3,"[""Column_1"", ""Column_2"", ""Column_3""]","{""Column_1"": ""float64"", ""Column_2"": ""float64"", ""Column_3"": ""float64""}",0,5959,False,True,False,False,False,False,False,False
Run_349.csv,133328,3,"[""Column_1"", ""Column_2"", ""Column_3""]","{""Column_1"": ""float64"", ""Column_2"": ""float64"", ""Column_3"": ""float64""}",0,1884,False,True,False,False,False,False,False,False
Run_35.csv,133328,3,"[""Column_1"", ""Column_2"", ""Column_3""]","{""Column_1"": ""float64"", ""Column_2"": ""float64"", ""Column_3"": ""float64""}",0,5867,False,True,False,False,False,False,False,False
Run_350.csv,133328,3,"[""Column_1"", ""Column_2"", ""Column_3""]","{""Column_1"": ""float64"", ""Column_2"": ""float64"", ""Column_3"": ""float64""}",0,1897,False,True,False,False,False,False,False,False
Run_351.csv,133328,3,"[""Column_1"", ""Column_2"", ""Column_3""]","{""Column_1"": ""float64"", ""Column_2"": ""float64"", ""Column_3"": ""float64""}",0,8804,False,True,False,False,False,False,False,False
Run_352.csv,133327,3,"[""Column_1"", ""Column_2"", ""Column_3""]","{""Column_1"": ""float64"", ""Column_2"": ""float64"", ""Column_3"": ""float64""}",0,5569,False,True,False,False,False,False,False,False
Run_353.csv,133328,3,"[""Column_1"", ""Column_2"", ""Column_3""]","{""Column_1"": ""float64"", ""Column_2"": ""float64"", ""Column_3"": ""float64""}",0,6588,False,True,False,False,False,False,False,False
Run_354.csv,133328,3,"[""Column_1"", ""Column_2"", ""Column_3""]","{""Column_1"": ""float64"", ""Column_2"": ""float64"", ""Column_3"": ""float64""}",0,1531,False,True,False,False,False,False,False,False
Run_355.csv,133328,3,"[""Column_1"", ""Column_2"", ""Column_3""]","{""Column_1"": ""float64"", ""Column_2"": ""float64"", ""Column_3"": ""float64""}",0,4280,False,True,False,False,False,False,False,False
Run_356.csv,133328,3,"[""Column_1"", ""Column_2"", ""Column_3""]","{""Column_1"": ""float64"", ""Column_2"": ""float64"", ""Column_3"": ""float64""}",0,15328,False,True,False,False,False,False,False,False
Run_357.csv,133328,3,"[""Column_1"", ""Column_2"", ""Column_3""]","{""Column_1"": ""float64"", ""Column_2"": ""float64"", ""Column_3"": ""float64""}",0,17296,False,True,False,False,False,False,False,False
Run_358.csv,133328,3,"[""Column_1"", ""Column_2"", ""Column_3""]","{""Column_1"": ""float64"", ""Column_2"": ""float64"", ""Column_3"": ""float64""}",0,12947,False,True,False,False,False,False,False,False
Run_359.csv,133328,3,"[""Column_1"", ""Column_2"", ""Column_3""]","{""Column_1"": ""float64"", ""Column_2"": ""float64"", ""Column_3"": ""float64""}",0,1872,False,True,False,False,False,False,False,False
Run_36.csv,133328,3,"[""Column_1"", ""Column_2"", ""Column_3""]","{""Column_1"": ""float64"", ""Column_2"": ""float64"", ""Column_3"": ""float64""}",0,3965,False,True,False,False,False,False,False,False
Run_360.csv,133328,3,"[""Column_1"", ""Column_2"", ""Column_3""]","{""Column_1"": ""float64"", ""Column_2"": ""float64"", ""Column_3"": ""float64""}",0,14902,False,True,False,False,False,False,False,False
Run_361.csv,133328,3,"[""Column_1"", ""Column_2"", ""Column_3""]","{""Column_1"": ""float64"", ""Column_2"": ""float64"", ""Column_3"": ""float64""}",0,8289,False,True,False,False,False,False,False,False
Run_362.csv,133327,3,"[""Column_1"", ""Column_2"", ""Column_3""]","{""Column_1"": ""float64"", ""Column_2"": ""float64"", ""Column_3"": ""float64""}",0,4240,False,True,False,False,False,False,False,False
Run_363.csv,133328,3,"[""Column_1"", ""Column_2"", ""Column_3""]","{""Column_1"": ""float64"", ""Column_2"": ""float64"", ""Column_3"": ""float64""}",0,4973,False,True,False,False,False,False,False,False
Run_364.csv,133328,3,"[""Column_1"", ""Column_2"", ""Column_3""]","{""Column_1"": ""float64"", ""Column_2"": ""float64"", ""Column_3"": ""float64""}",0,7367,False,True,False,False,False,False,False,False
Run_365.csv,133328,3,"[""Column_1"", ""Column_2"", ""Column_3""]","{""Column_1"": ""float64"", ""Column_2"": ""float64"", ""Column_3"": ""float64""}",0,11644,False,True,False,False,False,False,False,False
Run_366.csv,133328,3,"[""Column_1"", ""Column_2"", ""Column_3""]","{""Column_1"": ""float64"", ""Column_2"": ""float64"", ""Column_3"": ""float64""}",0,3751,False,True,False,False,False,False,False,False
Run_367.csv,133328,3,"[""Column_1"", ""Column_2"", ""Column_3""]","{""Column_1"": ""float64"", ""Column_2"": ""float64"", ""Column_3"": ""float64""}",0,2342,False,True,False,False,False,False,False,False
Run_368.csv,133328,3,"[""Column_1"", ""Column_2"", ""Column_3""]","{""Column_1"": ""float64"", ""Column_2"": ""float64"", ""Column_3"": ""float64""}",0,8553,False,True,False,False,False,False,False,False
Run_369.csv,133327,3,"[""Column_1"", ""Column_2"", ""Column_3""]","{""Column_1"": ""float64"", ""Column_2"": ""float64"", ""Column_3"": ""float64""}",0,7776,False,True,False,False,False,False,False,False
Run_37.csv,122824,3,"[""Column_1"", ""Column_2"", ""Column_3""]","{""Column_1"": ""float64"", ""Column_2"": ""float64"", ""Column_3"": ""float64""}",0,2402,False,True,False,False,False,False,False,False
Run_370.csv,133328,3,"[""Column_1"", ""Column_2"", ""Column_3""]","{""Column_1"": ""float64"", ""Column_2"": ""float64"", ""Column_3"": ""float64""}",0,2107,False,True,False,False,False,False,False,False
Run_371.csv,133328,3,"[""Column_1"", ""Column_2"", ""Column_3""]","{""Column_1"": ""float64"", ""Column_2"": ""float64"", ""Column_3"": ""float64""}",0,12610,False,True,False,False,False,False,False,False
Run_372.csv,133328,3,"[""Column_1"", ""Column_2"", ""Column_3""]","{""Column_1"": ""float64"", ""Column_2"": ""float64"", ""Column_3"": ""float64""}",0,1940,False,True,False,False,False,False,False,False
Run_373.csv,133328,3,"[""Column_1"", ""Column_2"", ""Column_3""]","{""Column_1"": ""float64"", ""Column_2"": ""float64"", ""Column_3"": ""float64""}",0,3819,False,True,False,False,False,False,False,False
Run_374.csv,133328,3,"[""Column_1"", ""Column_2"", ""Column_3""]","{""Column_1"": ""float64"", ""Column_2"": ""float64"", ""Column_3"": ""float64""}",0,22710,False,True,False,False,False,False,False,False
Run_375.csv,133328,3,"[""Column_1"", ""Column_2"", ""Column_3""]","{""Column_1"": ""float64"", ""Column_2"": ""float64"", ""Column_3"": ""float64""}",0,3796,False,True,False,False,False,False,False,False
Run_376.csv,133328,3,"[""Column_1"", ""Column_2"", ""Column_3""]","{""Column_1"": ""float64"", ""Column_2"": ""float64"", ""Column_3"": ""float64""}",0,4429,False,True,False,False,False,False,False,False
Run_377.csv,133328,3,"[""Column_1"", ""Column_2"", ""Column_3""]","{""Column_1"": ""float64"", ""Column_2"": ""float64"", ""Column_3"": ""float64""}",0,5786,False,True,False,False,False,False,False,False
Run_378.csv,133328,3,"[""Column_1"", ""Column_2"", ""Column_3""]","{""Column_1"": ""float64"", ""Column_2"": ""float64"", ""Column_3"": ""float64""}",0,9666,False,True,False,False,False,False,False,False
Run_379.csv,133328,3,"[""Column_1"", ""Column_2"", ""Column_3""]","{""Column_1"": ""float64"", ""Column_2"": ""float64"", ""Column_3"": ""float64""}",0,23965,False,True,False,False,False,False,False,False
Run_38.csv,133328,3,"[""Column_1"", ""Column_2"", ""Column_3""]","{""Column_1"": ""float64"", ""Column_2"": ""float64"", ""Column_3"": ""float64""}",0,5196,False,True,False,False,False,False,False,False
Run_380.csv,133328,3,"[""Column_1"", ""Column_2"", ""Column_3""]","{""Column_1"": ""float64"", ""Column_2"": ""float64"", ""Column_3"": ""float64""}",0,20013,False,True,False,False,False,False,False,False
Run_381.csv,133328,3,"[""Column_1"", ""Column_2"", ""Column_3""]","{""Column_1"": ""float64"", ""Column_2"": ""float64"", ""Column_3"": ""float64""}",0,12863,False,True,False,False,False,False,False,False
Run_382.csv,133328,3,"[""Column_1"", ""Column_2"", ""Column_3""]","{""Column_1"": ""float64"", ""Column_2"": ""float64"", ""Column_3"": ""float64""}",0,2599,False,True,False,False,False,False,False,False
Run_383.csv,133328,3,"[""Column_1"", ""Column_2"", ""Column_3""]","{""Column_1"": ""float64"", ""Column_2"": ""float64"", ""Column_3"": ""float64""}",0,9405,False,True,False,False,False,False,False,False
Run_384.csv,133328,3,"[""Column_1"", ""Column_2"", ""Column_3""]","{""Column_1"": ""float64"", ""Column_2"": ""float64"", ""Column_3"": ""float64""}",0,3227,False,True,False,False,False,False,False,False
Run_385.csv,133328,3,"[""Column_1"", ""Column_2"", ""Column_3""]","{""Column_1"": ""float64"", ""Column_2"": ""float64"", ""Column_3"": ""float64""}",0,5125,False,True,False,False,False,False,False,False
Run_386.csv,133328,3,"[""Column_1"", ""Column_2"", ""Column_3""]","{""Column_1"": ""float64"", ""Column_2"": ""float64"", ""Column_3"": ""float64""}",0,4983,False,True,False,False,False,False,False,False
Run_387.csv,133328,3,"[""Column_1"", ""Column_2"", ""Column_3""]","{""Column_1"": ""float64"", ""Column_2"": ""float64"", ""Column_3"": ""float64""}",0,9747,False,True,False,False,False,False,False,False
Run_388.csv,133328,3,"[""Column_1"", ""Column_2"", ""Column_3""]","{""Column_1"": ""float64"", ""Column_2"": ""float64"", ""Column_3"": ""float64""}",0,12924,False,True,False,False,False,False,False,False
Run_389.csv,133328,3,"[""Column_1"", ""Column_2"", ""Column_3""]","{""Column_1"": ""float64"", ""Column_2"": ""float64"", ""Column_3"": ""float64""}",0,2649,False,True,False,False,False,False,False,False
Run_39.csv,133328,3,"[""Column_1"", ""Column_2"", ""Column_3""]","{""Column_1"": ""float64"", ""Column_2"": ""float64"", ""Column_3"": ""float64""}",0,5195,False,True,False,False,False,False,False,False
Run_390.csv,133328,3,"[""Column_1"", ""Column_2"", ""Column_3""]","{""Column_1"": ""float64"", ""Column_2"": ""float64"", ""Column_3"": ""float64""}",0,919,False,True,False,False,False,False,False,False
Run_391.csv,133328,3,"[""Column_1"", ""Column_2"", ""Column_3""]","{""Column_1"": ""float64"", ""Column_2"": ""float64"", ""Column_3"": ""float64""}",0,24885,False,True,False,False,False,False,False,False
Run_392.csv,133328,3,"[""Column_1"", ""Column_2"", ""Column_3""]","{""Column_1"": ""float64"", ""Column_2"": ""float64"", ""Column_3"": ""float64""}",0,5662,False,True,False,False,False,False,False,False
Run_393.csv,133328,3,"[""Column_1"", ""Column_2"", ""Column_3""]","{""Column_1"": ""float64"", ""Column_2"": ""float64"", ""Column_3"": ""float64""}",0,13621,False,True,False,False,False,False,False,False
Run_394.csv,133328,3,"[""Column_1"", ""Column_2"", ""Column_3""]","{""Column_1"": ""float64"", ""Column_2"": ""float64"", ""Column_3"": ""float64""}",0,1395,False,True,False,False,False,False,False,False
Run_395.csv,133328,3,"[""Column_1"", ""Column_2"", ""Column_3""]","{""Column_1"": ""float64"", ""Column_2"": ""float64"", ""Column_3"": ""float64""}",0,625,False,True,False,False,False,False,False,False
Run_396.csv,133328,3,"[""Column_1"", ""Column_2"", ""Column_3""]","{""Column_1"": ""float64"", ""Column_2"": ""float64"", ""Column_3"": ""float64""}",0,6397,False,True,False,False,False,False,False,False
Run_397.csv,133328,3,"[""Column_1"", ""Column_2"", ""Column_3""]","{""Column_1"": ""float64"", ""Column_2"": ""float64"", ""Column_3"": ""float64""}",0,1940,False,True,False,False,False,False,False,False
Run_398.csv,133328,3,"[""Column_1"", ""Column_2"", ""Column_3""]","{""Column_1"": ""float64"", ""Column_2"": ""float64"", ""Column_3"": ""float64""}",0,11575,False,True,False,False,False,False,False,False
Run_399.csv,133328,3,"[""Column_1"", ""Column_2"", ""Column_3""]","{""Column_1"": ""float64"", ""Column_2"": ""float64"", ""Column_3"": ""float64""}",0,830,False,True,False,False,False,False,False,False
Run_4.csv,133328,3,"[""Column_1"", ""Column_2"", ""Column_3""]","{""Column_1"": ""float64"", ""Column_2"": ""float64"", ""Column_3"": ""float64""}",0,12303,False,True,False,False,False,False,False,False
Run_40.csv,133328,3,"[""Column_1"", ""Column_2"", ""Column_3""]","{""Column_1"": ""float64"", ""Column_2"": ""float64"", ""Column_3"": ""float64""}",0,10823,False,True,False,False,False,False,False,False
Run_400.csv,133328,3,"[""Column_1"", ""Column_2"", ""Column_3""]","{""Column_1"": ""float64"", ""Column_2"": ""float64"", ""Column_3"": ""float64""}",0,6158,False,True,False,False,False,False,False,False
Run_401.csv,133328,3,"[""Column_1"", ""Column_2"", ""Column_3""]","{""Column_1"": ""float64"", ""Column_2"": ""float64"", ""Column_3"": ""float64""}",0,12647,False,True,False,False,False,False,False,False
Run_402.csv,133328,3,"[""Column_1"", ""Column_2"", ""Column_3""]","{""Column_1"": ""float64"", ""Column_2"": ""float64"", ""Column_3"": ""float64""}",0,17547,False,True,False,False,False,False,False,False
Run_403.csv,133328,3,"[""Column_1"", ""Column_2"", ""Column_3""]","{""Column_1"": ""float64"", ""Column_2"": ""float64"", ""Column_3"": ""float64""}",0,1485,False,True,False,False,False,False,False,False
Run_404.csv,133328,3,"[""Column_1"", ""Column_2"", ""Column_3""]","{""Column_1"": ""float64"", ""Column_2"": ""float64"", ""Column_3"": ""float64""}",0,1646,False,True,False,False,False,False,False,False
Run_405.csv,133328,3,"[""Column_1"", ""Column_2"", ""Column_3""]","{""Column_1"": ""float64"", ""Column_2"": ""float64"", ""Column_3"": ""float64""}",0,3602,False,True,False,False,False,False,False,False
Run_406.csv,133328,3,"[""Column_1"", ""Column_2"", ""Column_3""]","{""Column_1"": ""float64"", ""Column_2"": ""float64"", ""Column_3"": ""float64""}",0,11614,False,True,False,False,False,False,False,False
Run_407.csv,133328,3,"[""Column_1"", ""Column_2"", ""Column_3""]","{""Column_1"": ""float64"", ""Column_2"": ""float64"", ""Column_3"": ""float64""}",0,867,False,True,False,False,False,False,False,False
Run_408.csv,133328,3,"[""Column_1"", ""Column_2"", ""Column_3""]","{""Column_1"": ""float64"", ""Column_2"": ""float64"", ""Column_3"": ""float64""}",0,1645,False,True,False,False,False,False,False,False
Run_409.csv,133328,3,"[""Column_1"", ""Column_2"", ""Column_3""]","{""Column_1"": ""float64"", ""Column_2"": ""float64"", ""Column_3"": ""float64""}",0,16727,False,True,False,False,False,False,False,False
Run_41.csv,133328,3,"[""Column_1"", ""Column_2"", ""Column_3""]","{""Column_1"": ""float64"", ""Column_2"": ""float64"", ""Column_3"": ""float64""}",0,11478,False,True,False,False,False,False,False,False
Run_410.csv,133328,3,"[""Column_1"", ""Column_2"", ""Column_3""]","{""Column_1"": ""float64"", ""Column_2"": ""float64"", ""Column_3"": ""float64""}",0,10772,False,True,False,False,False,False,False,False
Run_411.csv,133328,3,"[""Column_1"", ""Column_2"", ""Column_3""]","{""Column_1"": ""float64"", ""Column_2"": ""float64"", ""Column_3"": ""float64""}",0,6164,False,True,False,False,False,False,False,False
Run_412.csv,133328,3,"[""Column_1"", ""Column_2"", ""Column_3""]","{""Column_1"": ""float64"", ""Column_2"": ""float64"", ""Column_3"": ""float64""}",0,17697,False,True,False,False,False,False,False,False
Run_413.csv,133328,3,"[""Column_1"", ""Column_2"", ""Column_3""]","{""Column_1"": ""float64"", ""Column_2"": ""float64"", ""Column_3"": ""float64""}",0,5910,False,True,False,False,False,False,False,False
Run_414.csv,133328,3,"[""Column_1"", ""Column_2"", ""Column_3""]","{""Column_1"": ""float64"", ""Column_2"": ""float64"", ""Column_3"": ""float64""}",0,9467,False,True,False,False,False,False,False,False
Run_415.csv,133328,3,"[""Column_1"", ""Column_2"", ""Column_3""]","{""Column_1"": ""float64"", ""Column_2"": ""float64"", ""Column_3"": ""float64""}",0,4596,False,True,False,False,False,False,False,False
Run_416.csv,133328,3,"[""Column_1"", ""Column_2"", ""Column_3""]","{""Column_1"": ""float64"", ""Column_2"": ""float64"", ""Column_3"": ""float64""}",0,4545,False,True,False,False,False,False,False,False
Run_417.csv,133328,3,"[""Column_1"", ""Column_2"", ""Column_3""]","{""Column_1"": ""float64"", ""Column_2"": ""float64"", ""Column_3"": ""float64""}",0,3141,False,True,False,False,False,False,False,False
Run_418.csv,133328,3,"[""Column_1"", ""Column_2"", ""Column_3""]","{""Column_1"": ""float64"", ""Column_2"": ""float64"", ""Column_3"": ""float64""}",0,3468,False,True,False,False,False,False,False,False
Run_419.csv,133328,3,"[""Column_1"", ""Column_2"", ""Column_3""]","{""Column_1"": ""float64"", ""Column_2"": ""float64"", ""Column_3"": ""float64""}",0,1951,False,True,False,False,False,False,False,False
Run_42.csv,133328,3,"[""Column_1"", ""Column_2"", ""Column_3""]","{""Column_1"": ""float64"", ""Column_2"": ""float64"", ""Column_3"": ""float64""}",0,2919,False,True,False,False,False,False,False,False
Run_420.csv,133328,3,"[""Column_1"", ""Column_2"", ""Column_3""]","{""Column_1"": ""float64"", ""Column_2"": ""float64"", ""Column_3"": ""float64""}",0,20010,False,True,False,False,False,False,False,False
Run_421.csv,133328,3,"[""Column_1"", ""Column_2"", ""Column_3""]","{""Column_1"": ""float64"", ""Column_2"": ""float64"", ""Column_3"": ""float64""}",0,9604,False,True,False,False,False,False,False,False
Run_422.csv,133328,3,"[""Column_1"", ""Column_2"", ""Column_3""]","{""Column_1"": ""float64"", ""Column_2"": ""float64"", ""Column_3"": ""float64""}",0,15176,False,True,False,False,False,False,False,False
Run_423.csv,133328,3,"[""Column_1"", ""Column_2"", ""Column_3""]","{""Column_1"": ""float64"", ""Column_2"": ""float64"", ""Column_3"": ""float64""}",0,11083,False,True,False,False,False,False,False,False
Run_424.csv,133328,3,"[""Column_1"", ""Column_2"", ""Column_3""]","{""Column_1"": ""float64"", ""Column_2"": ""float64"", ""Column_3"": ""float64""}",0,7757,False,True,False,False,False,False,False,False
Run_425.csv,133328,3,"[""Column_1"", ""Column_2"", ""Column_3""]","{""Column_1"": ""float64"", ""Column_2"": ""float64"", ""Column_3"": ""float64""}",0,1914,False,True,False,False,False,False,False,False
Run_426.csv,133328,3,"[""Column_1"", ""Column_2"", ""Column_3""]","{""Column_1"": ""float64"", ""Column_2"": ""float64"", ""Column_3"": ""float64""}",0,1662,False,True,False,False,False,False,False,False
Run_427.csv,133328,3,"[""Column_1"", ""Column_2"", ""Column_3""]","{""Column_1"": ""float64"", ""Column_2"": ""float64"", ""Column_3"": ""float64""}",0,11811,False,True,False,False,False,False,False,False
Run_428.csv,133327,3,"[""Column_1"", ""Column_2"", ""Column_3""]","{""Column_1"": ""float64"", ""Column_2"": ""float64"", ""Column_3"": ""float64""}",0,22029,False,True,False,False,False,False,False,False
Run_429.csv,133328,3,"[""Column_1"", ""Column_2"", ""Column_3""]","{""Column_1"": ""float64"", ""Column_2"": ""float64"", ""Column_3"": ""float64""}",0,7764,False,True,False,False,False,False,False,False
Run_43.csv,133328,3,"[""Column_1"", ""Column_2"", ""Column_3""]","{""Column_1"": ""float64"", ""Column_2"": ""float64"", ""Column_3"": ""float64""}",0,11381,False,True,False,False,False,False,False,False
Run_430.csv,133328,3,"[""Column_1"", ""Column_2"", ""Column_3""]","{""Column_1"": ""float64"", ""Column_2"": ""float64"", ""Column_3"": ""float64""}",0,804,False,True,False,False,False,False,False,False
Run_431.csv,133328,3,"[""Column_1"", ""Column_2"", ""Column_3""]","{""Column_1"": ""float64"", ""Column_2"": ""float64"", ""Column_3"": ""float64""}",0,22154,False,True,False,False,False,False,False,False
Run_432.csv,133328,3,"[""Column_1"", ""Column_2"", ""Column_3""]","{""Column_1"": ""float64"", ""Column_2"": ""float64"", ""Column_3"": ""float64""}",0,12740,False,True,False,False,False,False,False,False
Run_433.csv,133328,3,"[""Column_1"", ""Column_2"", ""Column_3""]","{""Column_1"": ""float64"", ""Column_2"": ""float64"", ""Column_3"": ""float64""}",0,4674,False,True,False,False,False,False,False,False
Run_434.csv,133328,3,"[""Column_1"", ""Column_2"", ""Column_3""]","{""Column_1"": ""float64"", ""Column_2"": ""float64"", ""Column_3"": ""float64""}",0,3621,False,True,False,False,False,False,False,False
Run_435.csv,133328,3,"[""Column_1"", ""Column_2"", ""Column_3""]","{""Column_1"": ""float64"", ""Column_2"": ""float64"", ""Column_3"": ""float64""}",0,4621,False,True,False,False,False,False,False,False
Run_436.csv,133328,3,"[""Column_1"", ""Column_2"", ""Column_3""]","{""Column_1"": ""float64"", ""Column_2"": ""float64"", ""Column_3"": ""float64""}",0,9068,False,True,False,False,False,False,False,False
Run_437.csv,133328,3,"[""Column_1"", ""Column_2"", ""Column_3""]","{""Column_1"": ""float64"", ""Column_2"": ""float64"", ""Column_3"": ""float64""}",0,15830,False,True,False,False,False,False,False,False
Run_438.csv,133328,3,"[""Column_1"", ""Column_2"", ""Column_3""]","{""Column_1"": ""float64"", ""Column_2"": ""float64"", ""Column_3"": ""float64""}",0,971,False,True,False,False,False,False,False,False
Run_439.csv,133328,3,"[""Column_1"", ""Column_2"", ""Column_3""]","{""Column_1"": ""float64"", ""Column_2"": ""float64"", ""Column_3"": ""float64""}",0,24089,False,True,False,False,False,False,False,False
Run_44.csv,133328,3,"[""Column_1"", ""Column_2"", ""Column_3""]","{""Column_1"": ""float64"", ""Column_2"": ""float64"", ""Column_3"": ""float64""}",0,15514,False,True,False,False,False,False,False,False
Run_440.csv,133328,3,"[""Column_1"", ""Column_2"", ""Column_3""]","{""Column_1"": ""float64"", ""Column_2"": ""float64"", ""Column_3"": ""float64""}",0,1447,False,True,False,False,False,False,False,False
Run_441.csv,133328,3,"[""Column_1"", ""Column_2"", ""Column_3""]","{""Column_1"": ""float64"", ""Column_2"": ""float64"", ""Column_3"": ""float64""}",0,15719,False,True,False,False,False,False,False,False
Run_442.csv,133328,3,"[""Column_1"", ""Column_2"", ""Column_3""]","{""Column_1"": ""float64"", ""Column_2"": ""float64"", ""Column_3"": ""float64""}",0,1732,False,True,False,False,False,False,False,False
Run_443.csv,133328,3,"[""Column_1"", ""Column_2"", ""Column_3""]","{""Column_1"": ""float64"", ""Column_2"": ""float64"", ""Column_3"": ""float64""}",0,1985,False,True,False,False,False,False,False,False
Run_444.csv,133328,3,"[""Column_1"", ""Column_2"", ""Column_3""]","{""Column_1"": ""float64"", ""Column_2"": ""float64"", ""Column_3"": ""float64""}",0,7336,False,True,False,False,False,False,False,False
Run_445.csv,133328,3,"[""Column_1"", ""Column_2"", ""Column_3""]","{""Column_1"": ""float64"", ""Column_2"": ""float64"", ""Column_3"": ""float64""}",0,1936,False,True,False,False,False,False,False,False
Run_446.csv,133328,3,"[""Column_1"", ""Column_2"", ""Column_3""]","{""Column_1"": ""float64"", ""Column_2"": ""float64"", ""Column_3"": ""float64""}",0,7696,False,True,False,False,False,False,False,False
Run_447.csv,133328,3,"[""Column_1"", ""Column_2"", ""Column_3""]","{""Column_1"": ""float64"", ""Column_2"": ""float64"", ""Column_3"": ""float64""}",0,1397,False,True,False,False,False,False,False,False
Run_448.csv,133328,3,"[""Column_1"", ""Column_2"", ""Column_3""]","{""Column_1"": ""float64"", ""Column_2"": ""float64"", ""Column_3"": ""float64""}",0,1287,False,True,False,False,False,False,False,False
Run_449.csv,133328,3,"[""Column_1"", ""Column_2"", ""Column_3""]","{""Column_1"": ""float64"", ""Column_2"": ""float64"", ""Column_3"": ""float64""}",0,6163,False,True,False,False,False,False,False,False
Run_45.csv,133328,3,"[""Column_1"", ""Column_2"", ""Column_3""]","{""Column_1"": ""float64"", ""Column_2"": ""float64"", ""Column_3"": ""float64""}",0,8855,False,True,False,False,False,False,False,False
Run_450.csv,133328,3,"[""Column_1"", ""Column_2"", ""Column_3""]","{""Column_1"": ""float64"", ""Column_2"": ""float64"", ""Column_3"": ""float64""}",0,3993,False,True,False,False,False,False,False,False
Run_451.csv,133328,3,"[""Column_1"", ""Column_2"", ""Column_3""]","{""Column_1"": ""float64"", ""Column_2"": ""float64"", ""Column_3"": ""float64""}",0,3494,False,True,False,False,False,False,False,False
Run_452.csv,133328,3,"[""Column_1"", ""Column_2"", ""Column_3""]","{""Column_1"": ""float64"", ""Column_2"": ""float64"", ""Column_3"": ""float64""}",0,4869,False,True,False,False,False,False,False,False
Run_453.csv,133328,3,"[""Column_1"", ""Column_2"", ""Column_3""]","{""Column_1"": ""float64"", ""Column_2"": ""float64"", ""Column_3"": ""float64""}",0,6197,False,True,False,False,False,False,False,False
Run_454.csv,133328,3,"[""Column_1"", ""Column_2"", ""Column_3""]","{""Column_1"": ""float64"", ""Column_2"": ""float64"", ""Column_3"": ""float64""}",0,11672,False,True,False,False,False,False,False,False
Run_455.csv,133328,3,"[""Column_1"", ""Column_2"", ""Column_3""]","{""Column_1"": ""float64"", ""Column_2"": ""float64"", ""Column_3"": ""float64""}",0,593,False,True,False,False,False,False,False,False
Run_456.csv,133328,3,"[""Column_1"", ""Column_2"", ""Column_3""]","{""Column_1"": ""float64"", ""Column_2"": ""float64"", ""Column_3"": ""float64""}",0,22058,False,True,False,False,False,False,False,False
Run_457.csv,133328,3,"[""Column_1"", ""Column_2"", ""Column_3""]","{""Column_1"": ""float64"", ""Column_2"": ""float64"", ""Column_3"": ""float64""}",0,21825,False,True,False,False,False,False,False,False
Run_458.csv,133328,3,"[""Column_1"", ""Column_2"", ""Column_3""]","{""Column_1"": ""float64"", ""Column_2"": ""float64"", ""Column_3"": ""float64""}",0,3617,False,True,False,False,False,False,False,False
Run_459.csv,133328,3,"[""Column_1"", ""Column_2"", ""Column_3""]","{""Column_1"": ""float64"", ""Column_2"": ""float64"", ""Column_3"": ""float64""}",0,5157,False,True,False,False,False,False,False,False
Run_46.csv,133328,3,"[""Column_1"", ""Column_2"", ""Column_3""]","{""Column_1"": ""float64"", ""Column_2"": ""float64"", ""Column_3"": ""float64""}",0,18281,False,True,False,False,False,False,False,False
Run_460.csv,133328,3,"[""Column_1"", ""Column_2"", ""Column_3""]","{""Column_1"": ""float64"", ""Column_2"": ""float64"", ""Column_3"": ""float64""}",0,9812,False,True,False,False,False,False,False,False
Run_461.csv,133328,3,"[""Column_1"", ""Column_2"", ""Column_3""]","{""Column_1"": ""float64"", ""Column_2"": ""float64"", ""Column_3"": ""float64""}",0,3796,False,True,False,False,False,False,False,False
Run_462.csv,133328,3,"[""Column_1"", ""Column_2"", ""Column_3""]","{""Column_1"": ""float64"", ""Column_2"": ""float64"", ""Column_3"": ""float64""}",0,14995,False,True,False,False,False,False,False,False
Run_463.csv,133328,3,"[""Column_1"", ""Column_2"", ""Column_3""]","{""Column_1"": ""float64"", ""Column_2"": ""float64"", ""Column_3"": ""float64""}",0,9126,False,True,False,False,False,False,False,False
Run_464.csv,133328,3,"[""Column_1"", ""Column_2"", ""Column_3""]","{""Column_1"": ""float64"", ""Column_2"": ""float64"", ""Column_3"": ""float64""}",0,1341,False,True,False,False,False,False,False,False
Run_465.csv,133328,3,"[""Column_1"", ""Column_2"", ""Column_3""]","{""Column_1"": ""float64"", ""Column_2"": ""float64"", ""Column_3"": ""float64""}",0,3050,False,True,False,False,False,False,False,False
Run_466.csv,133328,3,"[""Column_1"", ""Column_2"", ""Column_3""]","{""Column_1"": ""float64"", ""Column_2"": ""float64"", ""Column_3"": ""float64""}",0,3644,False,True,False,False,False,False,False,False
Run_467.csv,133328,3,"[""Column_1"", ""Column_2"", ""Column_3""]","{""Column_1"": ""float64"", ""Column_2"": ""float64"", ""Column_3"": ""float64""}",0,4307,False,True,False,False,False,False,False,False
Run_468.csv,133328,3,"[""Column_1"", ""Column_2"", ""Column_3""]","{""Column_1"": ""float64"", ""Column_2"": ""float64"", ""Column_3"": ""float64""}",0,9572,False,True,False,False,False,False,False,False
Run_469.csv,133328,3,"[""Column_1"", ""Column_2"", ""Column_3""]","{""Column_1"": ""float64"", ""Column_2"": ""float64"", ""Column_3"": ""float64""}",0,2478,False,True,False,False,False,False,False,False
Run_47.csv,133328,3,"[""Column_1"", ""Column_2"", ""Column_3""]","{""Column_1"": ""float64"", ""Column_2"": ""float64"", ""Column_3"": ""float64""}",0,7897,False,True,False,False,False,False,False,False
Run_470.csv,133328,3,"[""Column_1"", ""Column_2"", ""Column_3""]","{""Column_1"": ""float64"", ""Column_2"": ""float64"", ""Column_3"": ""float64""}",0,16014,False,True,False,False,False,False,False,False
Run_471.csv,133328,3,"[""Column_1"", ""Column_2"", ""Column_3""]","{""Column_1"": ""float64"", ""Column_2"": ""float64"", ""Column_3"": ""float64""}",0,4968,False,True,False,False,False,False,False,False
Run_472.csv,133328,3,"[""Column_1"", ""Column_2"", ""Column_3""]","{""Column_1"": ""float64"", ""Column_2"": ""float64"", ""Column_3"": ""float64""}",0,2295,False,True,False,False,False,False,False,False
Run_473.csv,133328,3,"[""Column_1"", ""Column_2"", ""Column_3""]","{""Column_1"": ""float64"", ""Column_2"": ""float64"", ""Column_3"": ""float64""}",0,8169,False,True,False,False,False,False,False,False
Run_474.csv,133328,3,"[""Column_1"", ""Column_2"", ""Column_3""]","{""Column_1"": ""float64"", ""Column_2"": ""float64"", ""Column_3"": ""float64""}",0,7564,False,True,False,False,False,False,False,False
Run_475.csv,133328,3,"[""Column_1"", ""Column_2"", ""Column_3""]","{""Column_1"": ""float64"", ""Column_2"": ""float64"", ""Column_3"": ""float64""}",0,2001,False,True,False,False,False,False,False,False
Run_476.csv,133328,3,"[""Column_1"", ""Column_2"", ""Column_3""]","{""Column_1"": ""float64"", ""Column_2"": ""float64"", ""Column_3"": ""float64""}",0,13401,False,True,False,False,False,False,False,False
Run_477.csv,133328,3,"[""Column_1"", ""Column_2"", ""Column_3""]","{""Column_1"": ""float64"", ""Column_2"": ""float64"", ""Column_3"": ""float64""}",0,4284,False,True,False,False,False,False,False,False
Run_478.csv,133328,3,"[""Column_1"", ""Column_2"", ""Column_3""]","{""Column_1"": ""float64"", ""Column_2"": ""float64"", ""Column_3"": ""float64""}",0,846,False,True,False,False,False,False,False,False
Run_479.csv,133328,3,"[""Column_1"", ""Column_2"", ""Column_3""]","{""Column_1"": ""float64"", ""Column_2"": ""float64"", ""Column_3"": ""float64""}",0,8879,False,True,False,False,False,False,False,False
Run_48.csv,133328,3,"[""Column_1"", ""Column_2"", ""Column_3""]","{""Column_1"": ""float64"", ""Column_2"": ""float64"", ""Column_3"": ""float64""}",0,17806,False,True,False,False,False,False,False,False
Run_480.csv,133328,3,"[""Column_1"", ""Column_2"", ""Column_3""]","{""Column_1"": ""float64"", ""Column_2"": ""float64"", ""Column_3"": ""float64""}",0,21499,False,True,False,False,False,False,False,False
Run_481.csv,133328,3,"[""Column_1"", ""Column_2"", ""Column_3""]","{""Column_1"": ""float64"", ""Column_2"": ""float64"", ""Column_3"": ""float64""}",0,4260,False,True,False,False,False,False,False,False
Run_482.csv,133328,3,"[""Column_1"", ""Column_2"", ""Column_3""]","{""Column_1"": ""float64"", ""Column_2"": ""float64"", ""Column_3"": ""float64""}",0,4746,False,True,False,False,False,False,False,False
Run_483.csv,133328,3,"[""Column_1"", ""Column_2"", ""Column_3""]","{""Column_1"": ""float64"", ""Column_2"": ""float64"", ""Column_3"": ""float64""}",0,1036,False,True,False,False,False,False,False,False
Run_484.csv,133328,3,"[""Column_1"", ""Column_2"", ""Column_3""]","{""Column_1"": ""float64"", ""Column_2"": ""float64"", ""Column_3"": ""float64""}",0,1963,False,True,False,False,False,False,False,False
Run_485.csv,133328,3,"[""Column_1"", ""Column_2"", ""Column_3""]","{""Column_1"": ""float64"", ""Column_2"": ""float64"", ""Column_3"": ""float64""}",0,4273,False,True,False,False,False,False,False,False
Run_486.csv,133328,3,"[""Column_1"", ""Column_2"", ""Column_3""]","{""Column_1"": ""float64"", ""Column_2"": ""float64"", ""Column_3"": ""float64""}",0,4950,False,True,False,False,False,False,False,False
Run_487.csv,133328,3,"[""Column_1"", ""Column_2"", ""Column_3""]","{""Column_1"": ""float64"", ""Column_2"": ""float64"", ""Column_3"": ""float64""}",0,2947,False,True,False,False,False,False,False,False
Run_488.csv,133328,3,"[""Column_1"", ""Column_2"", ""Column_3""]","{""Column_1"": ""float64"", ""Column_2"": ""float64"", ""Column_3"": ""float64""}",0,11573,False,True,False,False,False,False,False,False
Run_489.csv,133328,3,"[""Column_1"", ""Column_2"", ""Column_3""]","{""Column_1"": ""float64"", ""Column_2"": ""float64"", ""Column_3"": ""float64""}",0,1015,False,True,False,False,False,False,False,False
Run_49.csv,133328,3,"[""Column_1"", ""Column_2"", ""Column_3""]","{""Column_1"": ""float64"", ""Column_2"": ""float64"", ""Column_3"": ""float64""}",0,7096,False,True,False,False,False,False,False,False
Run_490.csv,133326,3,"[""Column_1"", ""Column_2"", ""Column_3""]","{""Column_1"": ""float64"", ""Column_2"": ""float64"", ""Column_3"": ""float64""}",0,21610,False,True,False,False,False,False,False,False
Run_491.csv,133328,3,"[""Column_1"", ""Column_2"", ""Column_3""]","{""Column_1"": ""float64"", ""Column_2"": ""float64"", ""Column_3"": ""float64""}",0,1438,False,True,False,False,False,False,False,False
Run_492.csv,133328,3,"[""Column_1"", ""Column_2"", ""Column_3""]","{""Column_1"": ""float64"", ""Column_2"": ""float64"", ""Column_3"": ""float64""}",0,21652,False,True,False,False,False,False,False,False
Run_493.csv,133328,3,"[""Column_1"", ""Column_2"", ""Column_3""]","{""Column_1"": ""float64"", ""Column_2"": ""float64"", ""Column_3"": ""float64""}",0,12842,False,True,False,False,False,False,False,False
Run_494.csv,133328,3,"[""Column_1"", ""Column_2"", ""Column_3""]","{""Column_1"": ""float64"", ""Column_2"": ""float64"", ""Column_3"": ""float64""}",0,8802,False,True,False,False,False,False,False,False
Run_495.csv,133328,3,"[""Column_1"", ""Column_2"", ""Column_3""]","{""Column_1"": ""float64"", ""Column_2"": ""float64"", ""Column_3"": ""float64""}",0,14095,False,True,False,False,False,False,False,False
Run_496.csv,133328,3,"[""Column_1"", ""Column_2"", ""Column_3""]","{""Column_1"": ""float64"", ""Column_2"": ""float64"", ""Column_3"": ""float64""}",0,5323,False,True,False,False,False,False,False,False
Run_497.csv,133328,3,"[""Column_1"", ""Column_2"", ""Column_3""]","{""Column_1"": ""float64"", ""Column_2"": ""float64"", ""Column_3"": ""float64""}",0,13840,False,True,False,False,False,False,False,False
Run_498.csv,133328,3,"[""Column_1"", ""Column_2"", ""Column_3""]","{""Column_1"": ""float64"", ""Column_2"": ""float64"", ""Column_3"": ""float64""}",0,6633,False,True,False,False,False,False,False,False
Run_499.csv,133328,3,"[""Column_1"", ""Column_2"", ""Column_3""]","{""Column_1"": ""float64"", ""Column_2"": ""float64"", ""Column_3"": ""float64""}",0,4356,False,True,False,False,False,False,False,False
Run_5.csv,133328,3,"[""Column_1"", ""Column_2"", ""Column_3""]","{""Column_1"": ""float64"", ""Column_2"": ""float64"", ""Column_3"": ""float64""}",0,9056,False,True,False,False,False,False,False,False
Run_50.csv,133328,3,"[""Column_1"", ""Column_2"", ""Column_3""]","{""Column_1"": ""float64"", ""Column_2"": ""float64"", ""Column_3"": ""float64""}",0,9229,False,True,False,False,False,False,False,False
Run_500.csv,133327,3,"[""Column_1"", ""Column_2"", ""Column_3""]","{""Column_1"": ""float64"", ""Column_2"": ""float64"", ""Column_3"": ""float64""}",0,9911,False,True,False,False,False,False,False,False
Run_501.csv,133328,3,"[""Column_1"", ""Column_2"", ""Column_3""]","{""Column_1"": ""float64"", ""Column_2"": ""float64"", ""Column_3"": ""float64""}",0,11963,False,True,False,False,False,False,False,False
Run_502.csv,133328,3,"[""Column_1"", ""Column_2"", ""Column_3""]","{""Column_1"": ""float64"", ""Column_2"": ""float64"", ""Column_3"": ""float64""}",0,8816,False,True,False,False,False,False,False,False
Run_503.csv,133328,3,"[""Column_1"", ""Column_2"", ""Column_3""]","{""Column_1"": ""float64"", ""Column_2"": ""float64"", ""Column_3"": ""float64""}",0,5053,False,True,False,False,False,False,False,False
Run_504.csv,133328,3,"[""Column_1"", ""Column_2"", ""Column_3""]","{""Column_1"": ""float64"", ""Column_2"": ""float64"", ""Column_3"": ""float64""}",0,13931,False,True,False,False,False,False,False,False
Run_505.csv,133328,3,"[""Column_1"", ""Column_2"", ""Column_3""]","{""Column_1"": ""float64"", ""Column_2"": ""float64"", ""Column_3"": ""float64""}",0,14219,False,True,False,False,False,False,False,False
Run_506.csv,133328,3,"[""Column_1"", ""Column_2"", ""Column_3""]","{""Column_1"": ""float64"", ""Column_2"": ""float64"", ""Column_3"": ""float64""}",0,10490,False,True,False,False,False,False,False,False
Run_507.csv,133328,3,"[""Column_1"", ""Column_2"", ""Column_3""]","{""Column_1"": ""float64"", ""Column_2"": ""float64"", ""Column_3"": ""float64""}",0,1967,False,True,False,False,False,False,False,False
Run_508.csv,133328,3,"[""Column_1"", ""Column_2"", ""Column_3""]","{""Column_1"": ""float64"", ""Column_2"": ""float64"", ""Column_3"": ""float64""}",0,11297,False,True,False,False,False,False,False,False
Run_509.csv,133328,3,"[""Column_1"", ""Column_2"", ""Column_3""]","{""Column_1"": ""float64"", ""Column_2"": ""float64"", ""Column_3"": ""float64""}",0,2016,False,True,False,False,False,False,False,False
Run_51.csv,133328,3,"[""Column_1"", ""Column_2"", ""Column_3""]","{""Column_1"": ""float64"", ""Column_2"": ""float64"", ""Column_3"": ""float64""}",0,8006,False,True,False,False,False,False,False,False
Run_510.csv,133328,3,"[""Column_1"", ""Column_2"", ""Column_3""]","{""Column_1"": ""float64"", ""Column_2"": ""float64"", ""Column_3"": ""float64""}",0,20747,False,True,False,False,False,False,False,False
Run_511.csv,133328,3,"[""Column_1"", ""Column_2"", ""Column_3""]","{""Column_1"": ""float64"", ""Column_2"": ""float64"", ""Column_3"": ""float64""}",0,11828,False,True,False,False,False,False,False,False
Run_512.csv,133328,3,"[""Column_1"", ""Column_2"", ""Column_3""]","{""Column_1"": ""float64"", ""Column_2"": ""float64"", ""Column_3"": ""float64""}",0,21635,False,True,False,False,False,False,False,False
Run_513.csv,133328,3,"[""Column_1"", ""Column_2"", ""Column_3""]","{""Column_1"": ""float64"", ""Column_2"": ""float64"", ""Column_3"": ""float64""}",0,21205,False,True,False,False,False,False,False,False
Run_514.csv,133328,3,"[""Column_1"", ""Column_2"", ""Column_3""]","{""Column_1"": ""float64"", ""Column_2"": ""float64"", ""Column_3"": ""float64""}",0,11576,False,True,False,False,False,False,False,False
Run_515.csv,133328,3,"[""Column_1"", ""Column_2"", ""Column_3""]","{""Column_1"": ""float64"", ""Column_2"": ""float64"", ""Column_3"": ""float64""}",0,3570,False,True,False,False,False,False,False,False
Run_516.csv,133328,3,"[""Column_1"", ""Column_2"", ""Column_3""]","{""Column_1"": ""float64"", ""Column_2"": ""float64"", ""Column_3"": ""float64""}",0,3394,False,True,False,False,False,False,False,False
Run_517.csv,133328,3,"[""Column_1"", ""Column_2"", ""Column_3""]","{""Column_1"": ""float64"", ""Column_2"": ""float64"", ""Column_3"": ""float64""}",0,620,False,True,False,False,False,False,False,False
Run_518.csv,133328,3,"[""Column_1"", ""Column_2"", ""Column_3""]","{""Column_1"": ""float64"", ""Column_2"": ""float64"", ""Column_3"": ""float64""}",0,1695,False,True,False,False,False,False,False,False
Run_519.csv,133328,3,"[""Column_1"", ""Column_2"", ""Column_3""]","{""Column_1"": ""float64"", ""Column_2"": ""float64"", ""Column_3"": ""float64""}",0,13615,False,True,False,False,False,False,False,False
Run_52.csv,133328,3,"[""Column_1"", ""Column_2"", ""Column_3""]","{""Column_1"": ""float64"", ""Column_2"": ""float64"", ""Column_3"": ""float64""}",0,8498,False,True,False,False,False,False,False,False
Run_520.csv,133328,3,"[""Column_1"", ""Column_2"", ""Column_3""]","{""Column_1"": ""float64"", ""Column_2"": ""float64"", ""Column_3"": ""float64""}",0,3971,False,True,False,False,False,False,False,False
Run_521.csv,133328,3,"[""Column_1"", ""Column_2"", ""Column_3""]","{""Column_1"": ""float64"", ""Column_2"": ""float64"", ""Column_3"": ""float64""}",0,3743,False,True,False,False,False,False,False,False
Run_522.csv,133328,3,"[""Column_1"", ""Column_2"", ""Column_3""]","{""Column_1"": ""float64"", ""Column_2"": ""float64"", ""Column_3"": ""float64""}",0,5353,False,True,False,False,False,False,False,False
Run_523.csv,133328,3,"[""Column_1"", ""Column_2"", ""Column_3""]","{""Column_1"": ""float64"", ""Column_2"": ""float64"", ""Column_3"": ""float64""}",0,8597,False,True,False,False,False,False,False,False
Run_524.csv,133328,3,"[""Column_1"", ""Column_2"", ""Column_3""]","{""Column_1"": ""float64"", ""Column_2"": ""float64"", ""Column_3"": ""float64""}",0,18164,False,True,False,False,False,False,False,False
Run_525.csv,133328,3,"[""Column_1"", ""Column_2"", ""Column_3""]","{""Column_1"": ""float64"", ""Column_2"": ""float64"", ""Column_3"": ""float64""}",0,5487,False,True,False,False,False,False,False,False
Run_526.csv,133328,3,"[""Column_1"", ""Column_2"", ""Column_3""]","{""Column_1"": ""float64"", ""Column_2"": ""float64"", ""Column_3"": ""float64""}",0,4286,False,True,False,False,False,False,False,False
Run_527.csv,133328,3,"[""Column_1"", ""Column_2"", ""Column_3""]","{""Column_1"": ""float64"", ""Column_2"": ""float64"", ""Column_3"": ""float64""}",0,11278,False,True,False,False,False,False,False,False
Run_528.csv,133328,3,"[""Column_1"", ""Column_2"", ""Column_3""]","{""Column_1"": ""float64"", ""Column_2"": ""float64"", ""Column_3"": ""float64""}",0,16266,False,True,False,False,False,False,False,False
Run_529.csv,133328,3,"[""Column_1"", ""Column_2"", ""Column_3""]","{""Column_1"": ""float64"", ""Column_2"": ""float64"", ""Column_3"": ""float64""}",0,2731,False,True,False,False,False,False,False,False
Run_53.csv,133328,3,"[""Column_1"", ""Column_2"", ""Column_3""]","{""Column_1"": ""float64"", ""Column_2"": ""float64"", ""Column_3"": ""float64""}",0,7775,False,True,False,False,False,False,False,False
Run_530.csv,133328,3,"[""Column_1"", ""Column_2"", ""Column_3""]","{""Column_1"": ""float64"", ""Column_2"": ""float64"", ""Column_3"": ""float64""}",0,5083,False,True,False,False,False,False,False,False
Run_531.csv,133328,3,"[""Column_1"", ""Column_2"", ""Column_3""]","{""Column_1"": ""float64"", ""Column_2"": ""float64"", ""Column_3"": ""float64""}",0,13645,False,True,False,False,False,False,False,False
Run_532.csv,133328,3,"[""Column_1"", ""Column_2"", ""Column_3""]","{""Column_1"": ""float64"", ""Column_2"": ""float64"", ""Column_3"": ""float64""}",0,581,False,True,False,False,False,False,False,False
Run_533.csv,133328,3,"[""Column_1"", ""Column_2"", ""Column_3""]","{""Column_1"": ""float64"", ""Column_2"": ""float64"", ""Column_3"": ""float64""}",0,8119,False,True,False,False,False,False,False,False
Run_534.csv,133328,3,"[""Column_1"", ""Column_2"", ""Column_3""]","{""Column_1"": ""float64"", ""Column_2"": ""float64"", ""Column_3"": ""float64""}",0,5176,False,True,False,False,False,False,False,False
Run_535.csv,133328,3,"[""Column_1"", ""Column_2"", ""Column_3""]","{""Column_1"": ""float64"", ""Column_2"": ""float64"", ""Column_3"": ""float64""}",0,3764,False,True,False,False,False,False,False,False
Run_536.csv,133328,3,"[""Column_1"", ""Column_2"", ""Column_3""]","{""Column_1"": ""float64"", ""Column_2"": ""float64"", ""Column_3"": ""float64""}",0,4341,False,True,False,False,False,False,False,False
Run_537.csv,133328,3,"[""Column_1"", ""Column_2"", ""Column_3""]","{""Column_1"": ""float64"", ""Column_2"": ""float64"", ""Column_3"": ""float64""}",0,8533,False,True,False,False,False,False,False,False
Run_538.csv,133328,3,"[""Column_1"", ""Column_2"", ""Column_3""]","{""Column_1"": ""float64"", ""Column_2"": ""float64"", ""Column_3"": ""float64""}",0,6190,False,True,False,False,False,False,False,False
Run_539.csv,133328,3,"[""Column_1"", ""Column_2"", ""Column_3""]","{""Column_1"": ""float64"", ""Column_2"": ""float64"", ""Column_3"": ""float64""}",0,7908,False,True,False,False,False,False,False,False
Run_54.csv,133328,3,"[""Column_1"", ""Column_2"", ""Column_3""]","{""Column_1"": ""float64"", ""Column_2"": ""float64"", ""Column_3"": ""float64""}",0,22205,False,True,False,False,False,False,False,False
Run_540.csv,133328,3,"[""Column_1"", ""Column_2"", ""Column_3""]","{""Column_1"": ""float64"", ""Column_2"": ""float64"", ""Column_3"": ""float64""}",0,12897,False,True,False,False,False,False,False,False
Run_541.csv,133328,3,"[""Column_1"", ""Column_2"", ""Column_3""]","{""Column_1"": ""float64"", ""Column_2"": ""float64"", ""Column_3"": ""float64""}",0,3430,False,True,False,False,False,False,False,False
Run_542.csv,133328,3,"[""Column_1"", ""Column_2"", ""Column_3""]","{""Column_1"": ""float64"", ""Column_2"": ""float64"", ""Column_3"": ""float64""}",0,17976,False,True,False,False,False,False,False,False
Run_543.csv,133325,3,"[""Column_1"", ""Column_2"", ""Column_3""]","{""Column_1"": ""float64"", ""Column_2"": ""float64"", ""Column_3"": ""float64""}",0,4115,False,True,False,False,False,False,False,False
Run_544.csv,133328,3,"[""Column_1"", ""Column_2"", ""Column_3""]","{""Column_1"": ""float64"", ""Column_2"": ""float64"", ""Column_3"": ""float64""}",0,5111,False,True,False,False,False,False,False,False
Run_545.csv,133328,3,"[""Column_1"", ""Column_2"", ""Column_3""]","{""Column_1"": ""float64"", ""Column_2"": ""float64"", ""Column_3"": ""float64""}",0,3887,False,True,False,False,False,False,False,False
Run_546.csv,133328,3,"[""Column_1"", ""Column_2"", ""Column_3""]","{""Column_1"": ""float64"", ""Column_2"": ""float64"", ""Column_3"": ""float64""}",0,19117,False,True,False,False,False,False,False,False
Run_547.csv,133328,3,"[""Column_1"", ""Column_2"", ""Column_3""]","{""Column_1"": ""float64"", ""Column_2"": ""float64"", ""Column_3"": ""float64""}",0,15887,False,True,False,False,False,False,False,False
Run_548.csv,133328,3,"[""Column_1"", ""Column_2"", ""Column_3""]","{""Column_1"": ""float64"", ""Column_2"": ""float64"", ""Column_3"": ""float64""}",0,19506,False,True,False,False,False,False,False,False
Run_549.csv,133328,3,"[""Column_1"", ""Column_2"", ""Column_3""]","{""Column_1"": ""float64"", ""Column_2"": ""float64"", ""Column_3"": ""float64""}",0,5138,False,True,False,False,False,False,False,False
Run_55.csv,133328,3,"[""Column_1"", ""Column_2"", ""Column_3""]","{""Column_1"": ""float64"", ""Column_2"": ""float64"", ""Column_3"": ""float64""}",0,8805,False,True,False,False,False,False,False,False
Run_550.csv,133328,3,"[""Column_1"", ""Column_2"", ""Column_3""]","{""Column_1"": ""float64"", ""Column_2"": ""float64"", ""Column_3"": ""float64""}",0,2090,False,True,False,False,False,False,False,False
Run_551.csv,133328,3,"[""Column_1"", ""Column_2"", ""Column_3""]","{""Column_1"": ""float64"", ""Column_2"": ""float64"", ""Column_3"": ""float64""}",0,20826,False,True,False,False,False,False,False,False
Run_552.csv,133328,3,"[""Column_1"", ""Column_2"", ""Column_3""]","{""Column_1"": ""float64"", ""Column_2"": ""float64"", ""Column_3"": ""float64""}",0,492,False,True,False,False,False,False,False,False
Run_553.csv,133328,3,"[""Column_1"", ""Column_2"", ""Column_3""]","{""Column_1"": ""float64"", ""Column_2"": ""float64"", ""Column_3"": ""float64""}",0,15528,False,True,False,False,False,False,False,False
Run_554.csv,133328,3,"[""Column_1"", ""Column_2"", ""Column_3""]","{""Column_1"": ""float64"", ""Column_2"": ""float64"", ""Column_3"": ""float64""}",0,21669,False,True,False,False,False,False,False,False
Run_555.csv,133328,3,"[""Column_1"", ""Column_2"", ""Column_3""]","{""Column_1"": ""float64"", ""Column_2"": ""float64"", ""Column_3"": ""float64""}",0,1536,False,True,False,False,False,False,False,False
Run_556.csv,133328,3,"[""Column_1"", ""Column_2"", ""Column_3""]","{""Column_1"": ""float64"", ""Column_2"": ""float64"", ""Column_3"": ""float64""}",0,6373,False,True,False,False,False,False,False,False
Run_557.csv,133328,3,"[""Column_1"", ""Column_2"", ""Column_3""]","{""Column_1"": ""float64"", ""Column_2"": ""float64"", ""Column_3"": ""float64""}",0,16367,False,True,False,False,False,False,False,False
Run_558.csv,133328,3,"[""Column_1"", ""Column_2"", ""Column_3""]","{""Column_1"": ""float64"", ""Column_2"": ""float64"", ""Column_3"": ""float64""}",0,19440,False,True,False,False,False,False,False,False
Run_559.csv,133328,3,"[""Column_1"", ""Column_2"", ""Column_3""]","{""Column_1"": ""float64"", ""Column_2"": ""float64"", ""Column_3"": ""float64""}",0,3362,False,True,False,False,False,False,False,False
Run_56.csv,133328,3,"[""Column_1"", ""Column_2"", ""Column_3""]","{""Column_1"": ""float64"", ""Column_2"": ""float64"", ""Column_3"": ""float64""}",0,10679,False,True,False,False,False,False,False,False
Run_560.csv,133328,3,"[""Column_1"", ""Column_2"", ""Column_3""]","{""Column_1"": ""float64"", ""Column_2"": ""float64"", ""Column_3"": ""float64""}",0,8915,False,True,False,False,False,False,False,False
Run_57.csv,133328,3,"[""Column_1"", ""Column_2"", ""Column_3""]","{""Column_1"": ""float64"", ""Column_2"": ""float64"", ""Column_3"": ""float64""}",0,3255,False,True,False,False,False,False,False,False
Run_58.csv,133328,3,"[""Column_1"", ""Column_2"", ""Column_3""]","{""Column_1"": ""float64"", ""Column_2"": ""float64"", ""Column_3"": ""float64""}",0,1309,False,True,False,False,False,False,False,False
Run_59.csv,133328,3,"[""Column_1"", ""Column_2"", ""Column_3""]","{""Column_1"": ""float64"", ""Column_2"": ""float64"", ""Column_3"": ""float64""}",0,20922,False,True,False,False,False,False,False,False
Run_6.csv,133328,3,"[""Column_1"", ""Column_2"", ""Column_3""]","{""Column_1"": ""float64"", ""Column_2"": ""float64"", ""Column_3"": ""float64""}",0,1422,False,True,False,False,False,False,False,False
Run_60.csv,133327,3,"[""Column_1"", ""Column_2"", ""Column_3""]","{""Column_1"": ""float64"", ""Column_2"": ""float64"", ""Column_3"": ""float64""}",0,9962,False,True,False,False,False,False,False,False
Run_61.csv,133328,3,"[""Column_1"", ""Column_2"", ""Column_3""]","{""Column_1"": ""float64"", ""Column_2"": ""float64"", ""Column_3"": ""float64""}",0,11931,False,True,False,False,False,False,False,False
Run_62.csv,133328,3,"[""Column_1"", ""Column_2"", ""Column_3""]","{""Column_1"": ""float64"", ""Column_2"": ""float64"", ""Column_3"": ""float64""}",0,14428,False,True,False,False,False,False,False,False
Run_63.csv,133328,3,"[""Column_1"", ""Column_2"", ""Column_3""]","{""Column_1"": ""float64"", ""Column_2"": ""float64"", ""Column_3"": ""float64""}",0,2572,False,True,False,False,False,False,False,False
Run_64.csv,133328,3,"[""Column_1"", ""Column_2"", ""Column_3""]","{""Column_1"": ""float64"", ""Column_2"": ""float64"", ""Column_3"": ""float64""}",0,13301,False,True,False,False,False,False,False,False
Run_65.csv,133328,3,"[""Column_1"", ""Column_2"", ""Column_3""]","{""Column_1"": ""float64"", ""Column_2"": ""float64"", ""Column_3"": ""float64""}",0,5717,False,True,False,False,False,False,False,False
Run_66.csv,133328,3,"[""Column_1"", ""Column_2"", ""Column_3""]","{""Column_1"": ""float64"", ""Column_2"": ""float64"", ""Column_3"": ""float64""}",0,2493,False,True,False,False,False,False,False,False
Run_67.csv,133328,3,"[""Column_1"", ""Column_2"", ""Column_3""]","{""Column_1"": ""float64"", ""Column_2"": ""float64"", ""Column_3"": ""float64""}",0,1848,False,True,False,False,False,False,False,False
Run_68.csv,133328,3,"[""Column_1"", ""Column_2"", ""Column_3""]","{""Column_1"": ""float64"", ""Column_2"": ""float64"", ""Column_3"": ""float64""}",0,1421,False,True,False,False,False,False,False,False
Run_69.csv,133328,3,"[""Column_1"", ""Column_2"", ""Column_3""]","{""Column_1"": ""float64"", ""Column_2"": ""float64"", ""Column_3"": ""float64""}",0,20245,False,True,False,False,False,False,False,False
Run_7.csv,133328,3,"[""Column_1"", ""Column_2"", ""Column_3""]","{""Column_1"": ""float64"", ""Column_2"": ""float64"", ""Column_3"": ""float64""}",0,5675,False,True,False,False,False,False,False,False
Run_70.csv,133328,3,"[""Column_1"", ""Column_2"", ""Column_3""]","{""Column_1"": ""float64"", ""Column_2"": ""float64"", ""Column_3"": ""float64""}",0,20111,False,True,False,False,False,False,False,False
Run_71.csv,133328,3,"[""Column_1"", ""Column_2"", ""Column_3""]","{""Column_1"": ""float64"", ""Column_2"": ""float64"", ""Column_3"": ""float64""}",0,14968,False,True,False,False,False,False,False,False
Run_72.csv,133328,3,"[""Column_1"", ""Column_2"", ""Column_3""]","{""Column_1"": ""float64"", ""Column_2"": ""float64"", ""Column_3"": ""float64""}",0,13562,False,True,False,False,False,False,False,False
Run_73.csv,133328,3,"[""Column_1"", ""Column_2"", ""Column_3""]","{""Column_1"": ""float64"", ""Column_2"": ""float64"", ""Column_3"": ""float64""}",0,4290,False,True,False,False,False,False,False,False
Run_74.csv,133328,3,"[""Column_1"", ""Column_2"", ""Column_3""]","{""Column_1"": ""float64"", ""Column_2"": ""float64"", ""Column_3"": ""float64""}",0,5894,False,True,False,False,False,False,False,False
Run_75.csv,133328,3,"[""Column_1"", ""Column_2"", ""Column_3""]","{""Column_1"": ""float64"", ""Column_2"": ""float64"", ""Column_3"": ""float64""}",0,16055,False,True,False,False,False,False,False,False
Run_76.csv,133328,3,"[""Column_1"", ""Column_2"", ""Column_3""]","{""Column_1"": ""float64"", ""Column_2"": ""float64"", ""Column_3"": ""float64""}",0,8480,False,True,False,False,False,False,False,False
Run_77.csv,133328,3,"[""Column_1"", ""Column_2"", ""Column_3""]","{""Column_1"": ""float64"", ""Column_2"": ""float64"", ""Column_3"": ""float64""}",0,15436,False,True,False,False,False,False,False,False
Run_78.csv,133328,3,"[""Column_1"", ""Column_2"", ""Column_3""]","{""Column_1"": ""float64"", ""Column_2"": ""float64"", ""Column_3"": ""float64""}",0,5962,False,True,False,False,False,False,False,False
Run_79.csv,133328,3,"[""Column_1"", ""Column_2"", ""Column_3""]","{""Column_1"": ""float64"", ""Column_2"": ""float64"", ""Column_3"": ""float64""}",0,6109,False,True,False,False,False,False,False,False
Run_8.csv,133328,3,"[""Column_1"", ""Column_2"", ""Column_3""]","{""Column_1"": ""float64"", ""Column_2"": ""float64"", ""Column_3"": ""float64""}",0,15253,False,True,False,False,False,False,False,False
Run_80.csv,133328,3,"[""Column_1"", ""Column_2"", ""Column_3""]","{""Column_1"": ""float64"", ""Column_2"": ""float64"", ""Column_3"": ""float64""}",0,1703,False,True,False,False,False,False,False,False
Run_81.csv,133327,3,"[""Column_1"", ""Column_2"", ""Column_3""]","{""Column_1"": ""float64"", ""Column_2"": ""float64"", ""Column_3"": ""float64""}",0,4535,False,True,False,False,False,False,False,False
Run_82.csv,133328,3,"[""Column_1"", ""Column_2"", ""Column_3""]","{""Column_1"": ""float64"", ""Column_2"": ""float64"", ""Column_3"": ""float64""}",0,4807,False,True,False,False,False,False,False,False
Run_83.csv,133328,3,"[""Column_1"", ""Column_2"", ""Column_3""]","{""Column_1"": ""float64"", ""Column_2"": ""float64"", ""Column_3"": ""float64""}",0,4221,False,True,False,False,False,False,False,False
Run_84.csv,133328,3,"[""Column_1"", ""Column_2"", ""Column_3""]","{""Column_1"": ""float64"", ""Column_2"": ""float64"", ""Column_3"": ""float64""}",0,24621,False,True,False,False,False,False,False,False
Run_85.csv,133328,3,"[""Column_1"", ""Column_2"", ""Column_3""]","{""Column_1"": ""float64"", ""Column_2"": ""float64"", ""Column_3"": ""float64""}",0,7023,False,True,False,False,False,False,False,False
Run_86.csv,133328,3,"[""Column_1"", ""Column_2"", ""Column_3""]","{""Column_1"": ""float64"", ""Column_2"": ""float64"", ""Column_3"": ""float64""}",0,3727,False,True,False,False,False,False,False,False
Run_87.csv,133328,3,"[""Column_1"", ""Column_2"", ""Column_3""]","{""Column_1"": ""float64"", ""Column_2"": ""float64"", ""Column_3"": ""float64""}",0,9537,False,True,False,False,False,False,False,False
Run_88.csv,133328,3,"[""Column_1"", ""Column_2"", ""Column_3""]","{""Column_1"": ""float64"", ""Column_2"": ""float64"", ""Column_3"": ""float64""}",0,14083,False,True,False,False,False,False,False,False
Run_89.csv,133328,3,"[""Column_1"", ""Column_2"", ""Column_3""]","{""Column_1"": ""float64"", ""Column_2"": ""float64"", ""Column_3"": ""float64""}",0,989,False,True,False,False,False,False,False,False
Run_9.csv,133328,3,"[""Column_1"", ""Column_2"", ""Column_3""]","{""Column_1"": ""float64"", ""Column_2"": ""float64"", ""Column_3"": ""float64""}",0,5782,False,True,False,False,False,False,False,False
Run_90.csv,133328,3,"[""Column_1"", ""Column_2"", ""Column_3""]","{""Column_1"": ""float64"", ""Column_2"": ""float64"", ""Column_3"": ""float64""}",0,1824,False,True,False,False,False,False,False,False
Run_91.csv,133328,3,"[""Column_1"", ""Column_2"", ""Column_3""]","{""Column_1"": ""float64"", ""Column_2"": ""float64"", ""Column_3"": ""float64""}",0,8452,False,True,False,False,False,False,False,False
Run_92.csv,133328,3,"[""Column_1"", ""Column_2"", ""Column_3""]","{""Column_1"": ""float64"", ""Column_2"": ""float64"", ""Column_3"": ""float64""}",0,5871,False,True,False,False,False,False,False,False
Run_93.csv,133328,3,"[""Column_1"", ""Column_2"", ""Column_3""]","{""Column_1"": ""float64"", ""Column_2"": ""float64"", ""Column_3"": ""float64""}",0,3904,False,True,False,False,False,False,False,False
Run_94.csv,133328,3,"[""Column_1"", ""Column_2"", ""Column_3""]","{""Column_1"": ""float64"", ""Column_2"": ""float64"", ""Column_3"": ""float64""}",0,10185,False,True,False,False,False,False,False,False
Run_95.csv,133328,3,"[""Column_1"", ""Column_2"", ""Column_3""]","{""Column_1"": ""float64"", ""Column_2"": ""float64"", ""Column_3"": ""float64""}",0,2657,False,True,False,False,False,False,False,False
Run_96.csv,133328,3,"[""Column_1"", ""Column_2"", ""Column_3""]","{""Column_1"": ""float64"", ""Column_2"": ""float64"", ""Column_3"": ""float64""}",0,13899,False,True,False,False,False,False,False,False
Run_97.csv,133328,3,"[""Column_1"", ""Column_2"", ""Column_3""]","{""Column_1"": ""float64"", ""Column_2"": ""float64"", ""Column_3"": ""float64""}",0,6107,False,True,False,False,False,False,False,False
Run_98.csv,133328,3,"[""Column_1"", ""Column_2"", ""Column_3""]","{""Column_1"": ""float64"", ""Column_2"": ""float64"", ""Column_3"": ""float64""}",0,7560,False,True,False,False,False,False,False,False
Run_99.csv,133328,3,"[""Column_1"", ""Column_2"", ""Column_3""]","{""Column_1"": ""float64"", ""Column_2"": ""float64"", ""Column_3"": ""float64""}",0,2321,False,True,False,False,False,False,False,False
