run_id,window_id,window_size,signal_length,mean_Signal_1,std_Signal_1,variance_Signal_1,rms_Signal_1,min_Signal_1,max_Signal_1,peak_to_peak_Signal_1,kurtosis_Signal_1,skewness_Signal_1,mean_Signal_2,std_Signal_2,variance_Signal_2,rms_Signal_2,min_Signal_2,max_Signal_2,peak_to_peak_Signal_2,kurtosis_Signal_2,skewness_Signal_2,mean_Signal_3,std_Signal_3,variance_Signal_3,rms_Signal_3,min_Signal_3,max_Signal_3,peak_to_peak_Signal_3,kurtosis_Signal_3,skewness_Signal_3
Run_1,0,1024,1024,0.021737067607421875,0.009555097971762759,9.129989724998481e-05,0.023744473155233706,-0.013428,0.050049,0.063477,0.10029220990282761,-0.1849807113769001,0.0002679174902343749,0.016830205615208763,0.00028325582105020455,0.016832337949072258,-0.051575,0.074768,0.126343,2.249918021802653,0.6945634427065785,2.3369803554687496,2.4245506466928624,5.878445838378777,3.367480218238204,0.021973,4.9475,4.925527,-1.9855718691015372,0.12224070930655499
Run_1,1,1024,1024,0.02126886624023437,0.013964692755609326,0.0001950126437585676,0.025443610492686553,-0.059357,0.068817,0.128174,4.4427633172202174,-0.5482855839326588,0.00035509794921875006,0.01641174280750133,0.0002693453019795716,0.01641558395346053,-0.059052,0.072327,0.131379,1.036423295640712,0.11119607778728414,2.3521685244140627,2.4255720024931784,5.883399539278768,3.3787714196913345,0.021973,4.95,4.928027,-1.9881717044756788,0.11018607950794977
Run_1,2,1024,1024,0.021085588779296876,0.011216463088972678,0.0001258090442262865,0.023883280729328136,-0.023956,0.061493,0.085449,1.101199414966783,0.16903615929519974,0.000290122451171875,0.016617576531556384,0.00027614384978213357,0.016620108929210047,-0.073853,0.067749,0.141602,1.503492790421494,0.057679460036451594,2.4440226689453124,2.4285943713096683,5.898070620357002,3.4454778226939107,-0.025635,4.9475,4.973135,-1.9989830878909096,0.033414363053028175
Run_1,3,1024,1024,0.02191067173828125,0.012278759495777806,0.00015076793475515363,0.025116637330221382,-0.011139,0.055389,0.066528,-0.4210425295684104,0.12830224129675336,0.001026533505859375,0.020200836907730033,0.0004080738117727079,0.020226902452213483,-0.10193,0.12054,0.22247,4.509532141745802,0.3825451941599298,2.4655840195312497,2.4293103232771296,5.901548646780832,3.461308019253517,0.021973,4.9463,4.924327,-1.9999501105708364,0.016343159209437574
Run_1,4,1024,1024,0.021335315517578127,0.008364405502698513,6.996327941357318e-05,0.022916347170702907,-0.017395,0.043182,0.060577,0.9104253555770292,-0.4693201787068826,0.0002996595703124998,0.014961686272025824,0.00022385205610252597,0.014964686831357541,-0.057831,0.069733,0.127564,1.3047609016197788,0.08802062373544102,2.437627686523437,2.42903150117075,5.900194033679826,3.441253081623819,0.021973,4.95,4.928027,-1.9987518016866166,0.03938549847917495
Run_1,5,1024,1024,0.02097293607421875,0.012431770961166762,0.0001545489292309092,0.02438058606359116,-0.050201,0.061951,0.112152,4.001133286851537,-0.5661715524161064,0.00027388262695312486,0.01673396459090356,0.00028002557092961407,0.016736205741534154,-0.068359,0.08255,0.15090900000000002,1.968106012835019,0.30508661120107744,2.3132791767578125,2.423729995840721,5.87446709273806,3.350481703033067,0.026855,4.9451,4.918245,-1.9812430884819525,0.14204174842149805
Run_1,6,1024,1024,0.021809786416015622,0.01272147147635166,0.00016183583652362886,0.025248814230293046,-0.02594,0.060272,0.086212,0.40066030123747387,0.02671632683755874,0.0006555102539062499,0.018623472291438976,0.00034683372018999526,0.018635005067962056,-0.088959,0.081024,0.169983,2.003079582803154,0.16187751714156204,2.3346598525390627,2.4245058641237964,5.878228685170677,3.3658379806859977,0.026855,4.95,4.923145,-1.985232665839439,0.12429311369386463
Run_1,7,1024,1024,0.021397477216796877,0.009300775543606449,8.650442571254783e-05,0.023331447810967264,-0.013885,0.065002,0.078887,0.6680240475010373,0.1534320317676175,0.00082984265625,0.01735242188534531,0.00030110654528701095,0.017372253282782375,-0.089569,0.095673,0.185242,5.367343913266017,-0.11364930262575765,2.4008764863281247,2.427545233976316,5.892975863001126,3.4142618185494222,0.025635,4.9512,4.925565,-1.9954169510478799,0.06971520409684502
Run_1,8,1024,1024,0.021173204960937497,0.008656370467530882,7.493274967114083e-05,0.02287438213349181,-0.0054932,0.042572,0.0480652,0.07803173234844518,-0.3775985554697723,0.0002643383593749998,0.015791367713940522,0.0002493672942768831,0.015793579994577547,-0.052338,0.069275,0.121613,1.7057537695320066,0.4052762885411155,2.4424509814453126,2.4284665947834445,5.897450001979099,3.4442730435815143,0.023193,4.9475,4.924307,-1.999044771282599,0.03493246225512934
Run_1,9,1024,1024,0.021390306083984376,0.008838478883101108,7.811870896702422e-05,0.023144414084905307,-0.0061035,0.050201,0.0563045,0.2015224236664217,0.13768557509176335,0.0004097795312500001,0.015343083154825582,0.00023541020069589255,0.015348554328018129,-0.059357,0.079498,0.138855,2.5674185718896094,0.2331886776974311,2.4520897265625,2.4288516096168347,5.899320141538288,3.4513858330606335,0.025635,4.9475,4.9218649999999995,-1.999426786237265,0.027383600877186727
Run_1,10,1024,1024,0.021513701923828125,0.014428743078041123,0.00020818862681211964,0.02590420809983285,-0.042267,0.068359,0.110626,1.8761862511381606,-0.31111412754934414,0.0002887771582031251,0.01914193625209454,0.00036641372347925123,0.01914411438866659,-0.061035,0.077972,0.139007,0.9824819281706465,0.3051062053596496,2.3865083271484373,2.4279515574288095,5.894948765220982,3.4044633587057174,0.020752,4.9512,4.930448,-1.9946702815418371,0.0814371370650203
Run_1,11,1024,1024,0.021163228095703125,0.009496607422866265,9.018555254403866e-05,0.02319628797835543,-0.0036621,0.046692,0.0503541,-0.38569393398260043,-0.12159849089567205,0.00047549751953125,0.01728248720667338,0.000298684364048829,0.017289027212076143,-0.088959,0.088806,0.177765,3.07513683731044,0.3054085015748442,2.3260729814453125,2.4236929652896655,5.874287589994612,3.3593009845806456,0.023193,4.9524,4.929207,-1.9827610989509719,0.1316132412327992
Run_1,12,1024,1024,0.021783108945312497,0.011761337077121202,0.0001383290498416659,0.024755461723931133,-0.024109,0.057983,0.082092,1.1040506658014015,-0.2982870896078682,0.0012278659472656245,0.021057829162743284,0.0004434321690472815,0.021093596749528896,-0.11978,0.12177,0.24155,6.554083910267193,-0.2513384157299505,2.3310847802734376,2.4250143779617837,5.880694733321377,3.363725759651615,0.019531,4.95,4.930469,-1.9848111050497108,0.12747544616721734
Run_1,13,1024,1024,0.0215429092578125,0.010006704593840595,0.00010013413682839046,0.02375354870579834,-0.015411,0.053253,0.068664,0.45897022288648914,-0.10690608699387125,-0.00012307912109375,0.015720396030371404,0.000247130851351717,0.015720877832416554,-0.10254,0.062408,0.164948,3.3271782220759993,-0.244724114718199,2.4612340185546873,2.4305416988235393,5.907532949720016,3.4590758655760747,0.024414,4.95,4.925586,-2.000764239348637,0.019654811149680148
Run_1,14,1024,1024,0.020911242099609373,0.012935138200420086,0.00016731780026396696,0.02458857145936792,-0.044556,0.058594,0.10314999999999999,3.163999160790187,-0.6153995035070327,0.00021233055664062492,0.01613314669588923,0.0002602784223110816,0.016134543891178486,-0.070953,0.066528,0.13748100000000002,2.2421187798071553,-0.07804681925321352,2.4544399296875,2.4295060104639785,5.902499454880597,3.4535162984015257,0.020752,4.9475,4.926748,-2.000621116275127,0.02565488040864765
Run_1,15,1024,1024,0.0215591366015625,0.010591804034294243,0.00011218631270089178,0.02402046385284272,-0.015869,0.056458,0.072327,0.4934050413949773,-0.11306595089785619,0.0008812578808593753,0.015090370895492854,0.0002277192937635378,0.015116081146120994,-0.049133,0.067444,0.11657700000000001,0.88676556900529,-0.0018199154781600442,2.4500020703125,2.4296072400073765,5.902991340696261,3.4504349704394945,0.026855,4.9524,4.925545,-1.99989939247862,0.028977898466985993
Run_1,16,1024,1024,0.021614725908203125,0.010120821986474866,0.00010243103768191306,0.023866868537130305,-0.0068665,0.056152,0.0630185,0.3908890535208265,0.3622700039380011,0.0006471624218750001,0.01616396950597204,0.0002612739101899939,0.01617691965085693,-0.061646,0.059204,0.12085,1.1241665079665868,0.04928887726816181,2.340078890625,2.4252724784982314,5.881946594960954,3.370150710177467,0.026855,4.9512,4.924345,-1.986468592858543,0.11954680126032126
Run_1,17,1024,1024,0.021344576962890625,0.010502511109466891,0.00011030273960447546,0.023788520452714932,-0.017853,0.053558,0.071411,0.6930720205611598,-0.24602264072998442,7.137211914062507e-05,0.018091786396202483,0.00032731273500581724,0.01809192717720276,-0.063934,0.093536,0.15747,2.211401680102397,0.3721485024151206,2.3281111074218748,2.423947742712775,5.875522659402356,3.3608963072227422,0.020752,4.95,4.929248,-1.9841184539917662,0.12966924824617507
Run_1,18,1024,1024,0.0208349252734375,0.008683691101147325,7.540649114014524e-05,0.022572120022050876,-0.0094604,0.044861,0.0543214,0.22107337053994236,-0.041974865548841056,0.0005091686718750004,0.018033324067487432,0.0003252007769230215,0.018040510792642222,-0.09491,0.093689,0.188599,4.204775434095494,0.3008999797531865,2.3577186328125,2.424843275738428,5.87986491189387,3.38211502811556,0.023193,4.95,4.926807,-1.9888620238527623,0.1059362326706809
Run_1,19,1024,1024,0.022042251689453125,0.014328478729067685,0.0002053053026893451,0.026290039220787483,-0.051422,0.067444,0.118866,2.9568182534758325,-0.7335549806919387,0.000582188359375,0.019875870288171105,0.000395050219712203,0.019884394961828603,-0.064697,0.077972,0.142669,0.4005774137312872,-0.017597873481266048,2.4704815185546876,2.4285847926187114,5.8980240949388705,3.464289685990354,0.021973,4.9487,4.926727,-1.999879023302892,0.012198885160694346
Run_1,20,1024,1024,0.02110957822265625,0.010427566164834793,0.00010873413612200739,0.0235446050903482,-0.025787,0.053101,0.078888,0.4582210385191803,-0.3646170323836323,0.0004920403515625004,0.016673624170394537,0.00027800974297556493,0.01668088267098389,-0.075836,0.070648,0.146484,1.0769213430143338,0.2530409924431143,2.459883905273437,2.429662573947688,5.903260223242105,3.457497512748983,0.023193,4.9475,4.924307,-1.9999890630769264,0.02065170284921852
Run_1,21,1024,1024,0.02111806455078125,0.010329507474571795,0.00010669872466723457,0.02350896371680807,-0.014648,0.050964,0.065612,-0.09616879609224815,0.06571512889206196,0.0005818913183593753,0.014783705703999433,0.00021855795434246538,0.014795152984976107,-0.061493,0.051422,0.112915,1.0239351581799339,-0.06391011007878551,2.3835566884765624,2.428132270158789,5.895826321386473,3.4025238880230995,-0.60547,4.95,5.55547,-1.9935425091231147,0.08342387364954693
Run_1,22,1024,1024,0.021839584072265626,0.007936113615181666,6.29818993130718e-05,0.023236809844783563,-0.0076294,0.048676,0.0563054,0.4507036825030988,-0.057707802059618826,0.00017643649414062515,0.015610483530126174,0.00024368719604434054,0.015611480579394293,-0.065155,0.075836,0.140991,2.5685937457699026,-0.08500620990566868,2.331595298828125,2.424409769372695,5.877762729829764,3.363643763442731,0.021973,4.9475,4.925527,-1.9848282176881678,0.12592365430051203
Run_1,23,1024,1024,0.021062791845703126,0.013929221573601365,0.00019402321364648167,0.02525201801800996,-0.054321,0.076447,0.130768,4.281494937952938,-0.3842607861134195,0.0003023364843749999,0.01823914007327989,0.00033266623061272435,0.018241645703239294,-0.069275,0.072479,0.141754,1.262785712525326,0.09192928544100956,2.3375246162109375,2.4250781723541626,5.881004142028605,3.3682377400386536,0.021973,4.9524,4.930427,-1.9861814692028905,0.12087253380128204
Run_1,24,1024,1024,0.021231920283203125,0.00963922340589451,9.291462786874454e-05,0.023317569915860377,-0.007782,0.054779,0.062561,0.35825921160306295,0.25757377271894033,0.0003056274609375001,0.014510210071033596,0.00021054619630552483,0.014513428418206496,-0.058594,0.06958,0.128174,1.406257289396426,0.06693913951566936,2.4045546953125,2.4300498900319667,5.905142468044373,3.41862922101736,0.023193,4.9475,4.924307,-1.997151891084977,0.06694999906464716
Run_1,25,1024,1024,0.022127940400390626,0.01208984121862839,0.000146164260691646,0.025215273289315856,-0.0074768,0.061188,0.0686648,-0.21340084498059309,0.16907930658205503,0.0011917968359375,0.01714959497040817,0.0002941086076490492,0.017190956557073835,-0.068665,0.090332,0.158997,1.967560926014687,0.19286754525365993,2.46853051953125,2.4303709859451392,5.906703129323949,3.4641515635406557,0.020752,4.9475,4.926748,-2.0010659855209587,0.013337505778092168
Run_1,26,1024,1024,0.021245184677734376,0.008851713640748639,7.835283437781552e-05,0.023015444952658528,-0.01236,0.04425,0.056609999999999994,0.503291396784018,-0.3246264252507143,9.834643554687501e-05,0.016405961268928966,0.00026915556515759735,0.016406256037834535,-0.075226,0.078735,0.15396100000000001,2.399691310332252,0.3161091431053475,2.4624443447265625,2.4302257554215285,5.90599722231414,3.459715215619628,-0.41382,4.95,5.3638200000000005,-2.0004670952949257,0.01844152532312521
Run_1,27,1024,1024,0.020780999873046876,0.012831912269737832,0.00016465797249824832,0.024423511791342018,-0.057526,0.059662,0.117188,5.007292000617173,-0.9198912806136456,0.00036612012695312493,0.018301322942860104,0.0003349384214588577,0.018304984714722323,-0.089722,0.10147,0.191192,4.028879177249199,-0.12352321187397627,2.346741595703125,2.425938595844543,5.885178070808194,3.3752591289872016,0.023193,4.95,4.926807,-1.9880177084895863,0.11369014973901377
Run_1,28,1024,1024,0.02201199580078125,0.012777051851625396,0.00016325305401912398,0.025451542451347335,-0.025024,0.065155,0.09017900000000001,0.6653079969480902,0.07196029758375107,0.0004649098632812502,0.018642458414617,0.0003475412557407242,0.01864825452748059,-0.06958,0.10162,0.17120000000000002,2.6582810277174964,0.11295704823668651,2.3320295498046875,2.425399045304049,5.8825605289617915,3.3646578355196897,0.023193,4.9487,4.925507,-1.9848424310287751,0.12660228958263336
Run_1,29,1024,1024,0.02134487384765625,0.010025357546464553,0.00010050779393445375,0.023582015043392995,-0.0090027,0.050049,0.059051700000000006,-0.21556880148451185,-0.07482918067848204,0.0010345952050781248,0.017235462891758643,0.0002970611810931892,0.017266486855511746,-0.064392,0.083771,0.148163,2.4219904021729004,0.6235274017095781,2.3468668287109375,2.4267096501798955,5.88891972627623,3.3759004188482757,-0.0024414,4.9487,4.9511414,-1.9884019756325677,0.11394698284733479
Run_1,30,1024,1024,0.02125785240234375,0.008677501345095795,7.529902959413934e-05,0.022960734272970698,-0.0033569,0.045929,0.0492859,0.15474298714837964,-0.017588295235961404,0.00015050481445312507,0.014009812295790406,0.00019627484056328003,0.014010620695117458,-0.061951,0.051727,0.113678,1.6475951354716614,-0.06283012846445989,2.4389734443359377,2.4279056702684936,5.8947259437219035,3.441412123808744,0.020752,4.9487,4.927948,-1.9981772982424861,0.03803951827178001
Run_1,31,1024,1024,0.021273195449218747,0.008697197669510702,7.564124730254238e-05,0.02298238655847568,-0.014343,0.04837,0.062713,0.07528851673005255,0.011543900875542697,0.00017270063476562501,0.016337798783698804,0.00026692366909663017,0.016338711534447218,-0.062561,0.056915,0.119476,1.134732421526011,-0.014617471125027263,2.4543341816406246,2.430251612876477,5.9061229018887165,3.453965717412127,0.023193,4.95,4.926807,-2.001373202133415,0.025556185585523576
Run_1,32,1024,1024,0.021651536533203126,0.014289713335150852,0.00020419590720078808,0.025941953308288444,-0.051117,0.058441,0.109558,2.212589364911482,-0.43634104640941634,0.0004020281347656253,0.020526019847787076,0.000421317490791749,0.020529956585752736,-0.08255,0.079803,0.162353,1.580222177024556,0.23849748967716697,2.4385307861328127,2.4291421796456407,5.900731728933574,3.4419709649924544,-0.053711,4.9463,5.000011,-1.999434957493728,0.038232331262722775
Run_1,33,1024,1024,0.021034481943359374,0.008603250412310191,7.401591765691546e-05,0.022725873982807065,-0.0042725,0.042572,0.0468445,-0.3480374467355061,0.02871745282144146,0.0005795064843750002,0.014622201137623832,0.0002138087661091277,0.01463368012068599,-0.066833,0.070648,0.13748100000000002,1.9113233711860085,-0.1410077319320029,2.33344796875,2.4240001912287528,5.87577692707703,3.364633167217569,0.024414,4.9487,4.9242859999999995,-1.9840817470177035,0.12716744087201265
Run_1,34,1024,1024,0.022003810546875,0.010973544643253013,0.0001204186820374669,0.024588337898691616,-0.027313,0.054474,0.081787,1.986033053853979,-0.37842839441955406,0.0009597887792968749,0.01803003702236122,0.00032508223502771623,0.018055565057028274,-0.08316,0.067139,0.15029900000000002,1.1710206739103537,-0.01952026420241085,2.3280445458984373,2.425756020575711,5.8842922713593095,3.362154618551439,0.024414,4.95,4.925586,-1.9850487634999991,0.1296935365448753
Run_1,35,1024,1024,0.021344284160156247,0.009584373012245724,9.186020603786416e-05,0.023397407385164732,-0.0083923,0.055237,0.0636293,0.03683549097547223,0.07346387541540984,-7.048261718750008e-05,0.016978811954941515,0.00028828005540126487,0.016978958248390578,-0.094299,0.090942,0.185241,4.181209069369887,0.19431247191541762,2.4007762529296874,2.429437590440573,5.902167005845697,3.4155370913630563,0.019531,4.9487,4.929169,-1.9968406638933889,0.06931016401849757
Run_1,36,1024,1024,0.02088905048828125,0.014077997165522764,0.00019819000419246696,0.025190125733994068,-0.051422,0.066071,0.11749300000000001,2.676824202096639,-0.39621489291742296,0.00016526254882812501,0.018235797010678158,0.00033254429261465846,0.01823654584412036,-0.084991,0.078278,0.163269,3.3030338209568892,-0.07766597792987064,2.4493269541015623,2.4293970476395526,5.901970015079774,3.4498076095875567,0.023193,4.9475,4.924307,-2.00048867069484,0.03022098467990007
Run_1,37,1024,1024,0.021449639609375,0.011697950735572555,0.00013684205141188246,0.02443213234214221,-0.022583,0.064697,0.08728,1.0311231687975777,0.08160099455885594,0.00075578712890625,0.018522759950723944,0.00034309263619214294,0.018538172789581052,-0.097961,0.11322,0.211181,3.729376585390342,0.18795707888959695,2.4419363857421876,2.4286925853704258,5.898547674233282,3.44406750605224,-0.093994,4.95,5.0439940000000005,-1.9989591199271612,0.035864525132197185
Run_1,38,1024,1024,0.021758669003906248,0.008997286389747464,8.095116237913495e-05,0.023545505711296277,-0.0035095,0.045166,0.0486755,-0.1351809274750555,-0.0614143422565058,0.0008001836035156249,0.015093335005236562,0.0002278087615802994,0.015114531265627614,-0.065613,0.074005,0.13961800000000002,2.699894626644692,0.24394230266353498,2.3874322011718747,2.4275178343482335,5.892842836078737,3.404801807928197,0.026855,4.9475,4.9206449999999995,-1.994361391984713,0.08034866775071388
Run_1,39,1024,1024,0.021362313349609377,0.009926348607049102,9.853239666866563e-05,0.02355590856484981,-0.013123,0.046692,0.05981499999999999,-0.15333488880238466,-0.2162360777058576,-0.00010013394531250007,0.015492702313841061,0.00024002382498529618,0.015493025908204634,-0.067444,0.073395,0.140839,2.199392685323132,0.4089838294646955,2.322995234375,2.4256325620578787,5.88369332611547,3.3585711522974218,0.024414,4.9487,4.9242859999999995,-1.984056572283657,0.13389537099181942
Run_1,40,1024,1024,0.020874894990234375,0.008955394816016291,8.019909631073145e-05,0.022714760336927257,-0.0022888,0.046539,0.0488278,-0.39664399723858734,0.07286411520119206,0.00045299822265624986,0.018502689515112237,0.0003423495192926443,0.018508234023870942,-0.091858,0.090637,0.182495,4.090336645623588,-0.02923206449267794,2.3208865771484373,2.4232293616595064,5.872040539208738,3.355377034432424,0.023193,4.95,4.926807,-1.9815113276017384,0.13516413704094593
Run_1,41,1024,1024,0.02181216265625,0.014342508332140161,0.00020570754525750995,0.026105133307459224,-0.04364,0.065002,0.108642,2.106530155052651,-0.239805690740402,0.000644773427734375,0.019707287373081157,0.00038837717560520396,0.019717832243386094,-0.08316,0.10925,0.19241,2.511029931720789,0.17165336995780406,2.4580544892578127,2.430852994804804,5.909046282351484,3.457033143392173,-0.6311,4.95,5.5811,-2.0005019245061617,0.022554107184402702
Run_1,42,1024,1024,0.02114654646484375,0.010641068392460748,0.00011323233653302716,0.023672954271126003,-0.010376,0.05127,0.061646000000000006,-0.11250291462005046,-0.10480648038186631,0.0004217110937500001,0.015990281301985206,0.00025568909611661773,0.01599584122086768,-0.069733,0.060272,0.130005,2.051024232832172,-0.15410459154195374,2.4643930429687497,2.430063913135824,5.905210621924994,3.4609888315563473,0.025635,4.9512,4.925565,-2.001364505682935,0.01745249899843539
Run_1,43,1024,1024,0.0213749799609375,0.010985081686945262,0.00012067201966886017,0.02403251522415704,-0.010376,0.065613,0.075989,0.5745307241413209,0.16154895778676093,0.0005876830566406251,0.016683208749270796,0.0002783294541717457,0.01669355640799192,-0.066681,0.069733,0.136414,1.574998583897277,-0.18080542203519873,2.4294901533203124,2.428120669674836,5.895769986502173,3.4348496898092247,0.024414,4.9512,4.926786,-1.9980745139912677,0.04711437508095709
Run_1,44,1024,1024,0.021638587607421877,0.009200759970925605,8.465398404258695e-05,0.02351345269599211,-0.0073242,0.050507,0.057831200000000006,0.06508594169635762,-0.19376049166308765,0.000310246396484375,0.016763168216974742,0.0002810038086705921,0.016766038932828582,-0.047455,0.077362,0.124817,1.6654535538801314,0.5175694864004255,2.3274186054687496,2.4243538517198258,5.877491598348755,3.3607095922484667,0.025635,4.9512,4.925565,-1.983830637676134,0.12963293436272902
Run_1,45,1024,1024,0.0213444330859375,0.015039735403544224,0.00022619364100862156,0.026110887858682343,-0.054932,0.070801,0.125733,3.5366592293681887,-0.5378751095037659,8.821881835937521e-05,0.020097473431449984,0.00040390843832783797,0.02009766705087311,-0.067444,0.081024,0.148468,1.2215893008165706,0.13799581147389395,2.3273246064453126,2.4240310058923398,5.875926317527428,3.360411602957777,0.024414,4.9463,4.921886,-1.983269635222447,0.13081770573983703
Run_1,46,1024,1024,0.020994235283203124,0.009402288884099075,8.840303626005304e-05,0.02300349867708267,-0.011444,0.053711,0.065155,0.4897246474110646,0.11076719153364574,0.000546578115234375,0.01688611535273046,0.0002851408917057194,0.01689495899201216,-0.10422,0.072632,0.176852,3.8442934729189027,-0.06708967211476913,2.3672165634765623,2.4272660943513267,5.891620692787543,3.3904770978706416,0.026855,4.9451,4.918245,-1.9913827116610874,0.09765075211100684
Run_1,47,1024,1024,0.02206220337890625,0.012162876535425299,0.00014793556561599932,0.025192784354815204,-0.018158,0.057526,0.075684,0.02502087299073441,0.07692501630837016,0.0011669208105468747,0.016748678246423867,0.0002805182230022321,0.01678928012692383,-0.0737,0.071106,0.144806,1.84486677818116,0.32281997648073435,2.4684594501953123,2.4297601789050276,5.903734526992592,3.4636724129529246,0.026855,4.95,4.923145,-2.000715776620046,0.01378815699823924
Run_1,48,1024,1024,0.021196293398437496,0.008463316905095171,7.162773303606971e-05,0.022823465706783334,-0.0021362,0.046844,0.048980199999999995,0.08740408673715327,0.12335149257867907,-8.061747070312492e-05,0.015526932202766967,0.00024108562362932186,0.015527141488564608,-0.083771,0.054626,0.138397,1.656274049504563,-0.09112878297875478,2.4699103916015623,2.429576295735703,5.902840976800819,3.4645776538190343,0.023193,4.9475,4.924307,-2.000545647750477,0.011892587782181179
Run_1,49,1024,1024,0.02095429771484375,0.013657063923599217,0.00018651539501327524,0.02501195689536469,-0.047302,0.065918,0.11322,2.380322927736585,-0.4530984972014351,0.0004915895996093749,0.020212389651402488,0.00040854069542012235,0.0202183667924629,-0.083771,0.086975,0.170746,2.021750597113561,-0.0661678598554062,2.3933691845703127,2.425253405562473,5.881854081192374,3.407355299178989,0.021973,4.95,4.928027,-1.9927273068348994,0.0763188402533889
Run_1,50,1024,1024,0.021893684521484377,0.012815707042040454,0.00016424234698740527,0.02536879518056957,-0.025635,0.059204,0.084839,0.4004427219325142,0.19808096736929134,0.0004226020312499999,0.017178487836623537,0.0002951004443530228,0.017183685193515374,-0.075684,0.072937,0.148621,1.197836058452757,0.13247364842422826,2.330593638671875,2.4235936915129352,5.873806381541297,3.3623612373091483,0.014648,4.9475,4.932852,-1.9835473454727661,0.12768775864380366
Run_1,51,1024,1024,0.021442180830078122,0.009617215330079849,9.249083070512284e-05,0.02350016913672948,-0.015869,0.048676,0.06454499999999999,0.39145149228366627,-0.09176586595536532,0.0008287923144531249,0.02069370548512424,0.000428229446705061,0.02071029558952642,-0.14465,0.15274,0.29739,10.43078663530142,0.04637449702612399,2.3350364931640626,2.4243717574407246,5.8775784182762285,3.366002650427381,0.025635,4.9463,4.920665,-1.9855882177778148,0.12323148267075505
Run_1,52,1024,1024,0.021205380156250002,0.00893227692020452,7.978557097921834e-05,0.023009861332704714,-0.012054,0.047302,0.059356,0.39912800743069976,-0.21537908994075664,0.0003056182812500002,0.014443795662259172,0.00020862323313309685,0.01444702861030361,-0.07431,0.05661,0.13092,1.6239879168110543,0.06321035715069502,2.4179925751953126,2.4287445382108968,5.8988000318892615,3.427169112487582,0.021973,4.9512,4.929227,-1.9976244375562173,0.05548088273921475
Run_1,53,1024,1024,0.02122788673828125,0.008483356391183717,7.196733565983761e-05,0.022860238647773007,-0.0048828,0.04776,0.0526428,-0.057117650680253096,-0.024978386681725806,0.0004039760351562501,0.017115808829316397,0.0002929509118817052,0.017120575589584765,-0.085449,0.093536,0.178985,3.8890397177454226,-0.275330873189958,2.45095294140625,2.4286199190355453,5.898194711136219,3.4504151970631254,0.023193,4.95,4.926807,-1.9988089273597431,0.028080152640247998
Run_1,54,1024,1024,0.02181902388671875,0.015135923007239524,0.00022909616528108274,0.02655496128128012,-0.040131,0.062866,0.102997,1.0537237136678268,-0.3574991448190339,0.0003874429394531249,0.019364374999373712,0.0003749790191163696,0.019368250595954754,-0.067444,0.084839,0.152283,1.1733550789715457,0.3115189676293853,2.466498197265625,2.428642274755262,5.898303298728413,3.4614905251701886,0.026855,4.95,4.923145,-1.9993966629378692,0.016449025227246773
Run_1,55,1024,1024,0.020949532431640626,0.008715359385348079,7.595748921577486e-05,0.022690094718183465,-0.0062561,0.048828,0.055084100000000004,0.0690222550295605,0.17378954677856406,0.00037878060546875017,0.013638140997970604,0.0001859988898805266,0.01364340003912536,-0.049896,0.044556,0.09445200000000001,0.4833867730468122,0.14265995401173245,2.3363782480468753,2.42461490087737,5.878757417556579,3.367108661077507,0.026855,4.95,4.923145,-1.985832977620613,0.12310012073415093
Run_1,56,1024,1024,0.021794282001953123,0.011708549195524573,0.00013709012426401914,0.02474026782887924,-0.031891,0.060425,0.09231600000000001,2.115663564807443,-0.4455117779583811,0.00127345919921875,0.01833094613073139,0.00033602358604777614,0.018375126785408882,-0.11307,0.075531,0.18860100000000002,3.196543975764886,-0.336332227085726,2.311245446289062,2.423834093139328,5.874971711064548,3.3491532100004733,0.026855,4.95,4.923145,-1.9815067458352005,0.14301271992494177
Run_1,57,1024,1024,0.021525599990234373,0.009671175747684764,9.353164034260596e-05,0.023598370606509763,-0.0079346,0.05661,0.06454460000000001,0.1817478353733688,0.19115432120815812,-0.0002203945312500001,0.016019380926625217,0.0002566205652723238,0.01602089694810277,-0.074615,0.056152,0.130767,1.1988639240360142,0.03080556550853211,2.381014844726562,2.427510446226047,5.8928069665365825,3.400299789333999,0.020752,4.9463,4.925548,-1.9933849497916918,0.08692741522511774
Run_1,58,1024,1024,0.021002599169921875,0.013478614284355315,0.00018167304302642713,0.024955604879842726,-0.051117,0.071564,0.12268100000000001,3.301907460949992,-0.43323810901600324,0.0002950407324218749,0.01752257252027325,0.00030704054772823534,0.017525056255602245,-0.055847,0.074921,0.130768,1.815425058775335,0.2670899513404351,2.4552764150390622,2.4302314545560644,5.906024922713684,3.454621136530134,0.021973,4.9463,4.924327,-2.0008230934726354,0.025341530996808446
Run_1,59,1024,1024,0.021369013056640625,0.012030307267347225,0.00014472829294678743,0.02452270400999174,-0.01709,0.061493,0.078583,0.11574207566636652,0.12819648190902194,0.0008532421777343751,0.01702114892461083,0.0002897195107137803,0.01704252131955965,-0.066681,0.089417,0.15609800000000001,2.1003242151932344,0.2682512866657103,2.4533526259765623,2.4290141240550263,5.900109614858806,3.4523975324757865,0.021973,4.95,4.928027,-1.9994979715989207,0.026687554930082777
Run_1,60,1024,1024,0.021943005615234375,0.009966138310008945,9.932391281422794e-05,0.024100195191002816,-0.0041199,0.054932,0.059051900000000004,-0.240440150173431,0.11117942342090681,0.0007729372656250001,0.01799719980276327,0.00032389920074058236,0.0180137900719747,-0.066528,0.078583,0.145111,2.001895370523547,0.035948507926440415,2.4250543173828127,2.427874610803605,5.894575125784757,3.4315395332185488,0.023193,4.9463,4.923107,-1.9977735389091886,0.049049286375316754
Run_1,61,1024,1024,0.021284367050781253,0.01079513518448971,0.00011653494365140771,0.023865439958311897,-0.025482,0.049591,0.075073,0.5508203008838297,-0.09347902219541508,3.427324218750093e-06,0.01865397718734699,0.000347970864906062,0.018653977502200794,-0.09079,0.084534,0.17532399999999998,2.7772103956905783,-0.019498548133445745,2.32433237890625,2.423966948317009,5.875615766533274,3.3582937295843047,0.023193,4.9463,4.923107,-1.983023056191126,0.13266756599306437
Run_1,62,1024,1024,0.02073137150390625,0.008952886223986833,8.015417173965321e-05,0.022581938273156035,-0.0097656,0.045166,0.0549316,-0.1702849932928978,0.05743056032813011,0.00036716785156249993,0.016913302320843336,0.0002860597953962446,0.016917287241974277,-0.07843,0.075684,0.154114,2.2931204499561035,0.20486093212218362,2.315186647460937,2.423212593920457,5.87195927533471,3.351424844437978,-0.087891,4.9487,5.036591,-1.9803203483197782,0.13977640602893684
Run_1,63,1024,1024,0.022025395068359377,0.014280784861289055,0.00020394081625442264,0.02624993036508349,-0.041656,0.068207,0.109863,1.720313701642402,-0.34162994965861543,0.000734332255859375,0.01941143361319496,0.0003768037549194751,0.019425318498842447,-0.066223,0.10605,0.172273,1.3294219797229463,0.22933575410233997,2.425892427734375,2.4297792720865408,5.9038273110614,3.4334794861773066,-0.59326,4.95,5.54326,-1.9979594255932462,0.04782333591326894
Run_1,64,1024,1024,0.021033587392578122,0.010818808444721835,0.0001170466161635845,0.023652873287717202,-0.029297,0.060883,0.09018,0.7505983995002783,-0.04214133915645089,0.0006182491113281252,0.017826871935901694,0.0003177973630190394,0.017837589382612703,-0.075226,0.081482,0.15670800000000001,2.06905679057203,0.2880234359092798,2.4673388740234374,2.42986626846626,5.904250082630147,3.462948339478571,0.019531,4.9475,4.927969,-2.0012857561653528,0.01454988265120641
Run_1,65,1024,1024,0.021448420126953124,0.010178792176546254,0.00010360781017331922,0.023741157008781336,-0.0094604,0.059509,0.0689694,0.32809099130536534,0.01935446895070703,0.0004871243750000001,0.014698231253752232,0.0002160380019887789,0.014706301103455555,-0.069733,0.05188,0.121613,0.9243323752030528,-0.13201519835869024,2.4381196240234377,2.429848762194766,5.9041650071394365,3.4421784248042147,0.021973,4.9451,4.923127,-1.999644124913032,0.038409122196652885
Run_1,66,1024,1024,0.021546765283203123,0.008628062331136865,7.444345958998292e-05,0.023210052859901683,-0.0073242,0.04425,0.0515742,0.06066945751714714,-0.11531705440806829,0.00019685067382812512,0.018740911839353665,0.00035122177657042643,0.018741945650284364,-0.099182,0.12772,0.226902,7.34247022158129,0.4309702256876819,2.3589968164062496,2.4248301377897206,5.8798011971333155,3.382996774599133,0.026855,4.9487,4.921844999999999,-1.9882933679724857,0.1041454228834131
Run_1,67,1024,1024,0.021324753876953127,0.013893418572636165,0.00019302707963447156,0.025451369463097638,-0.060577,0.065613,0.12619,4.556701033625716,-0.7111328128817374,0.00037370529296875006,0.017857000460348778,0.00031887246544089643,0.01786091042155716,-0.095825,0.059814,0.155639,2.43954042776733,-0.01306476967526877,2.3277402626953125,2.4256573712305913,5.883813682605304,3.361872753864748,0.024414,4.95,4.925586,-1.9849189019949018,0.1301075578465903
Run_1,68,1024,1024,0.02108797078125,0.009650723391522082,9.313646197967146e-05,0.023191355580270103,-0.0021362,0.052032,0.0541682,0.14579994536354368,0.2647459003994187,0.0002841581640625001,0.014463034164250045,0.00020917935723626402,0.014465825351443567,-0.075226,0.070343,0.145569,1.6963143748157865,0.03278674464375446,2.330424854492188,2.425313891732876,5.882147473432468,3.3634844247992883,-0.51025,4.95,5.46025,-1.9841530800675942,0.12751967866301028
Run_1,69,1024,1024,0.02209990955078125,0.01240785646277356,0.0001539549020007916,0.025344839793407726,-0.01297,0.060577,0.073547,-0.3712714442900502,0.10652404236233691,0.0011812058007812497,0.02024825354769867,0.0004099917717318918,0.020282677803379192,-0.12161,0.11002,0.23163,4.997161951579748,-0.32982653761915115,2.45688759765625,2.4302325381100247,5.906030189288693,3.4557671878767806,0.021973,4.9487,4.926727,-2.000752929285921,0.022575226044470965
Run_1,70,1024,1024,0.021179772021484376,0.008965901387493775,8.03873876902628e-05,0.022999350655449276,-0.0065613,0.048676,0.055237299999999996,0.05613598482720006,-0.13728700297042384,0.00022322819335937507,0.01607019254033236,0.00025825108828335386,0.01607174287716377,-0.065155,0.083923,0.149078,2.945818844653947,0.36940652092414117,2.461238001953125,2.4280707266096533,5.895527453418729,3.457342903976541,0.019531,4.9451,4.925569,-1.9986706225761757,0.01983800924304121
Run_1,71,1024,1024,0.021008841259765626,0.012997261835989277,0.00016892881523326335,0.024704255226808476,-0.053558,0.053711,0.107269,4.200894167689375,-0.8461393441817933,0.0002819222460937502,0.016192084213809792,0.00026218359118710825,0.016194538318209346,-0.062714,0.073395,0.136109,1.6057109334817357,0.09774041786794027,2.4257790634765626,2.4302035555601287,5.9058893214570904,3.433699664539448,-0.075684,4.9536,5.029284,-1.9996762782171282,0.04871730736475024
Run_1,72,1024,1024,0.021863115947265623,0.013409605686839726,0.00017981752467652432,0.025647872496565964,-0.018768,0.070801,0.08956900000000001,0.4272088417396085,0.1312427742156838,0.0005163269238281249,0.018573256314900873,0.0003449658501390051,0.018580431739636055,-0.068054,0.091705,0.15975899999999998,1.6973326328137066,0.004633915315466562,2.3298047480468753,2.42316063196636,5.871707448311609,3.361502285040629,0.023193,4.95,4.926807,-1.983128754919865,0.12835573580245632
Run_1,73,1024,1024,0.02147913287109375,0.009789262574908933,9.582966176051267e-05,0.02360472009269783,-0.0050354,0.053864,0.058899400000000005,0.26666283801041946,0.33415892831006305,0.001039657109375,0.015818324520403142,0.00025021939063278733,0.015852453360217192,-0.056458,0.067139,0.12359700000000001,1.1151719058833045,0.2864774098527642,2.3368745214843747,2.4250766602722305,5.880996808197114,3.3677855242517953,0.020752,4.9475,4.926748,-1.9858636932071756,0.12166266433479027
Run_1,74,1024,1024,0.021180223154296875,0.008829713100758948,7.796383344171417e-05,0.022947019115944618,-0.011444,0.046387,0.057830999999999994,0.42369933405703764,-0.35789219971902636,-1.1928613281249947e-05,0.01423819063736883,0.00020272607262605743,0.014238195634204226,-0.059967,0.046082,0.106049,1.1264531648338796,-0.2327627597389816,2.3856573515625,2.42924753633503,5.901243592789812,3.404791416791051,0.025635,4.9463,4.920665,-1.9952777761630773,0.08275482733404706
Run_1,75,1024,1024,0.021423831884765626,0.009576322791844479,9.170595821360005e-05,0.023466711121081715,-0.007782,0.064087,0.071869,1.0660682255929856,0.5576451067665907,0.0003845971093749998,0.01910780518147493,0.00036510821885320027,0.019111675326609644,-0.093079,0.11276,0.205839,3.531573717330164,0.3428001866894538,2.4477564873046873,2.428994762937904,5.9000155583797635,3.4484093984795288,0.023193,4.95,4.926807,-1.999690592580375,0.03053393244137447
Run_1,76,1024,1024,0.021616509140624997,0.01453144253886577,0.00021116282226035766,0.02604680958749232,-0.047913,0.067139,0.115052,2.0021413826572427,-0.3196282588534465,0.00052436908203125,0.021591232759917648,0.0004661813320929411,0.021597599288511942,-0.074615,0.080719,0.155334,0.8280443391202805,0.3095809827993016,2.4659610947265627,2.4285510450458347,5.897860178393216,3.461043816408316,0.023193,4.95,4.926807,-1.999596767403301,0.015882595476357935
Run_1,77,1024,1024,0.0208653527734375,0.008778801884537175,7.706736252795346e-05,0.022636923573841686,-0.0047302,0.046539,0.0512692,-0.24136985708426506,0.03499959639343314,0.0005118542285156249,0.012928528908115884,0.0001671468597279881,0.01293865736771932,-0.044403,0.059662,0.10406499999999999,1.04727920290125,-0.01070620455030861,2.367608424804687,2.4270529964302785,5.890586247481194,3.390598162667957,0.021973,4.9475,4.925527,-1.9915247366392654,0.09714276622379475
Run_1,78,1024,1024,0.021846744033203126,0.011654591661301991,0.0001358295067916899,0.024761052716796718,-0.022125,0.059357,0.081482,0.9059206872501715,-0.13389942087493625,0.0010614107421875003,0.018594331378888513,0.00034574915942791804,0.01862460072569474,-0.063324,0.07019,0.13351400000000002,0.8812388950493046,0.05378833360592252,2.3289705185546876,2.423518525798342,5.873442044887769,3.361182191013254,0.026855,4.9475,4.9206449999999995,-1.983459922941084,0.12865484017592085
Run_1,79,1024,1024,0.0213979067578125,0.00960555836522989,9.226675150783792e-05,0.023455002987078807,-0.015106,0.058899,0.074005,-0.10213351293049167,-0.0018654288764655478,-9.491092773437492e-05,0.01806777304052198,0.0003264444226438129,0.01806802232475974,-0.092621,0.10056,0.193181,4.29112732508433,0.04619938861328338,2.3431319785156246,2.4250111072176916,5.880678870129174,3.372083382550277,0.023193,4.95,4.926807,-1.986487472749357,0.1176590601146756
Run_1,80,1024,1024,0.021009599052734376,0.013535834240387097,0.00018321880858323573,0.024992440075748766,-0.049896,0.063171,0.113067,3.4750684746185696,-0.5103960745564547,0.00022381189453125005,0.018153446096057475,0.0003295476051624644,0.018154825720083298,-0.086823,0.10605,0.19287300000000002,4.462098430733827,0.1229465758952321,2.4497094589843753,2.4306179036243223,5.907903393419096,3.450938977561993,0.024414,4.9487,4.9242859999999995,-2.001008864594319,0.029576219532334944
Run_1,81,1024,1024,0.021515488291015624,0.010141160774345034,0.00010284314185111438,0.023785696925924724,-0.014343,0.059357,0.0737,0.8555854789362458,0.05843785260852148,0.0009006351269531251,0.015927883952216452,0.0002536974871952744,0.01595332663826502,-0.076599,0.068665,0.145264,1.6779157616494613,-0.026788873311376162,2.441847955078125,2.4292190751635965,5.90110531513868,3.444376104733323,0.020752,4.9451,4.924348,-1.9993720685529062,0.03567205216934961
Run_1,82,1024,1024,0.0218875608203125,0.009093285617114874,8.268784331442823e-05,0.023701332493708177,-0.0054932,0.052185,0.0576782,0.17536833734559432,0.22947638783485172,0.0008872165039062497,0.01573427149406839,0.0002475672994490532,0.015759265610232505,-0.079041,0.087433,0.166474,2.8891777125416436,0.10062743320881852,2.4590232587890624,2.4281635792084604,5.8959783673944415,3.4558318469885108,0.020752,4.9463,4.925548,-1.9996651829586916,0.021812680621753937
Run_1,83,1024,1024,0.02125351653320312,0.010856893146102026,0.00011787212878587716,0.023865960986581194,-0.015869,0.054016,0.069885,0.0948740374557766,-0.08270647612922735,-0.00015258683593750007,0.01586685218522744,0.0002517569982678568,0.015867585859555267,-0.067291,0.070801,0.138092,1.8291087511729218,0.33320135170499227,2.3261943564453125,2.423555397446562,5.873620764492362,3.359285779514804,0.019531,4.9512,4.931669,-1.9832131083727618,0.1313900147932538
Run_1,84,1024,1024,0.020887242412109375,0.00884138181849021,7.817003246032924e-05,0.02268142253128207,-0.0033569,0.063171,0.0665279,0.5465686518453481,0.33815862522094653,0.00029341493164062487,0.01839060285286461,0.000338214273291792,0.018392943364614098,-0.09491,0.10071,0.19562,5.640465451257572,0.2928026461547613,2.3135938515624996,2.4225711622833686,5.8688510363269915,3.3498608249171777,0.019531,4.9487,4.929169,-1.9794476719688858,0.14197196381437874
Run_1,85,1024,1024,0.021952095810546877,0.013795431459195054,0.00019031392914534856,0.02592698284839133,-0.046997,0.066833,0.11383,2.784186405374408,-0.6167989166758031,0.0008700854687499998,0.019539664114021516,0.00038179847368878024,0.019559026622296676,-0.085144,0.080414,0.16555799999999998,1.6071556842253782,-0.21232595422549766,2.3846622314453123,2.4274395484394726,5.892462761328032,3.4028042434747503,0.025635,4.9463,4.920665,-1.9929789203631554,0.08342181801854855
Run_1,86,1024,1024,0.021042833818359377,0.010992352638453757,0.00012083181652812128,0.023740949257247703,-0.010223,0.067139,0.077362,0.45297254608093107,0.018516085585397638,0.00030742696289062473,0.017162263763856926,0.00029454329750019654,0.01716501700662451,-0.069885,0.09079,0.160675,3.666169604852599,0.4167816992211463,2.4573400390625,2.4292011104917006,5.901018035214111,3.4553636715682767,0.023193,4.95,4.926807,-2.0003582511273645,0.02296771548383987
Run_1,87,1024,1024,0.021513404716796875,0.011123836411712506,0.00012373973651454094,0.024219131260704605,-0.018616,0.057373,0.075989,0.23923833549133722,-0.010577555163717842,0.0006295716113281253,0.016422709974609744,0.00026970540291014635,0.016434772992771657,-0.063629,0.060577,0.12420600000000001,1.0368273636192908,0.04899190402560789,2.4450534453124995,2.4286002954405355,5.8980993950138565,3.446213247239408,0.021973,4.9475,4.925527,-1.9992238697076494,0.03311568930603255
Run_1,88,1024,1024,0.02127960841796875,0.010298212951398348,0.00010605318999234867,0.02364053562029497,-0.007019,0.056,0.063019,0.22875758561198056,0.17001540443158128,0.00020548383789062495,0.01733115489516796,0.0003003689300003043,0.017332372994138413,-0.054016,0.085144,0.13916,1.330587499565464,0.3528414061614113,2.389882396484375,2.427835040065033,5.894382981767581,3.406746373123993,-0.62866,4.9487,5.57736,-1.9933912888068455,0.0781895480814651
Run_1,89,1024,1024,0.0215864074609375,0.0142864688398421,0.0002041031919117793,0.02588582969466881,-0.068054,0.074768,0.142822,5.099034151199029,-0.6781949058383029,0.00036239215820312487,0.01990058330218442,0.0003960332157671813,0.01990388263237875,-0.069122,0.095062,0.164184,1.9809434666516923,0.37158810174741264,2.3327180517578125,2.425088374210144,5.881053622729199,3.364911162531035,0.024414,4.9475,4.923086,-1.985255021808559,0.12555849936805782
Run_1,90,1024,1024,0.021019873662109376,0.010939332099791838,0.0001196689867895361,0.023696077218826234,-0.023651,0.075073,0.098724,2.9603270001459734,0.27245806028997777,0.0004008379199218749,0.01752854658839153,0.00030724994550141235,0.017533129114321255,-0.094452,0.08316,0.177612,3.63343769779331,-0.2148715979861995,2.319311568359375,2.424893160770771,5.880106841152861,3.355489977973185,0.020752,4.9487,4.927948,-1.9826917945474511,0.13714871555978803
Run_1,91,1024,1024,0.022067429580078124,0.01123691302167301,0.00012626821425664445,0.02476367627248328,-0.010529,0.056,0.066529,-0.0846301914396479,0.07613725949344471,0.001101782744140625,0.01603354944279613,0.0002570747077345881,0.016071360644011264,-0.071259,0.063782,0.13504100000000002,1.7991119991791553,0.176277344698947,2.4412035966796872,2.4290549013234184,5.900307713643322,3.443803524315109,0.018311,4.9475,4.929189,-1.9993466090016403,0.036526961294663346
Run_1,92,1024,1024,0.021210887626953126,0.008111146364464722,6.579069534576928e-05,0.02270886279118799,-0.0016785,0.041199,0.0428775,-0.11590491648096579,-0.2158574245991943,-2.2344824218746844e-06,0.013657534019617541,0.00018652823549701047,0.013657534202407189,-0.048218,0.045624,0.093842,0.6109673506169235,0.021289169043876777,2.46892877734375,2.428511365823647,5.897667453934634,3.4631310632909544,0.021973,4.9536,4.931627,-1.9995236922762585,0.013240211018839826
Run_1,93,1024,1024,0.02089366783203125,0.013048316280450641,0.00017025855775467324,0.024633390209833697,-0.048065,0.060883,0.10894799999999999,3.3400175266219687,-0.7061305760032515,0.000323952041015625,0.01855057253568188,0.0003441237414015948,0.018553400936929944,-0.10712,0.12009,0.22721000000000002,4.162849192523917,0.06688567582066923,2.4533727890625,2.4292168436495856,5.901094473470854,3.4525544913271338,-0.32227,4.9463,5.2685699999999995,-1.999143416023956,0.02556159895306318
Run_1,94,1024,1024,0.02187491345703125,0.01257602976501446,0.00015815652465052965,0.025232288112716543,-0.04364,0.068512,0.112152,1.766425926597833,0.16887682517917618,0.0005342081249999999,0.015958000225273328,0.00025465777118982363,0.015966939265577473,-0.070038,0.077972,0.14801,1.937503660123392,0.5046885113172648,2.3431229941406246,2.4266749349530397,5.88875123992934,3.373273870529914,-0.24048,4.9463,5.18678,-1.9878240748026323,0.11650137298711916
Run_1,95,1024,1024,0.021641983046875,0.009957965864635342,9.916108416124268e-05,0.02382302487851758,-0.0085449,0.055542,0.0640869,0.008035977105445902,0.1150075152001657,0.0009627600781250003,0.01650412981393631,0.00027238630091526135,0.016532187026624536,-0.068054,0.074005,0.142059,2.2922434043484357,0.12637177009591752,2.3285339443359376,2.4232292765174663,5.872040126571363,3.360671131856856,0.021973,4.9487,4.926727,-1.9834727533775058,0.12957433271557472
Run_1,96,1024,1024,0.021075144013671873,0.008370428485919417,7.006407303789122e-05,0.022676546655849093,-0.0038147,0.047607,0.051421699999999994,-0.06125805134082274,-0.2139916491468317,0.00017807197265624965,0.015021139381262599,0.00022563462831131815,0.015022194844255078,-0.06134,0.058899,0.120239,1.2036437042663435,0.038110002400126006,2.35194162109375,2.4258199957072284,5.884602651573017,3.3787915059390854,0.019531,4.9463,4.926769,-1.98772580295094,0.11083303545776703
Run_1,97,1024,1024,0.021230733847656252,0.008729266642018195,7.620009610745161e-05,0.022955264228875005,-0.0018311,0.050964,0.052795100000000005,0.09845894081959505,0.2135398868568188,0.0002649482421875,0.016308341638574798,0.00026596200700047253,0.016310493694904234,-0.07309,0.084076,0.157166,4.416715905860223,0.08830650534897128,2.4518816318359375,2.428769919499217,5.898923321864235,3.4511805021468662,0.026855,4.9475,4.9206449999999995,-1.9996819725347676,0.02784927201375258
Run_1,98,1024,1024,0.021851663310546873,0.014475370764047596,0.00020953635875664385,0.02621128665659403,-0.042419,0.065155,0.107574,1.75566189460704,-0.275730118454618,0.0005362856640624997,0.020098556689908044,0.00040395198101744745,0.02010571021702358,-0.073395,0.075989,0.14938400000000002,0.7647081037534043,0.2076424692482268,2.4769197499999995,2.4292775797488257,5.901389559470313,3.4693689638622143,0.020752,4.9487,4.927948,-2.000193251597631,0.007270193521146059
Run_1,99,1024,1024,0.02075702123046875,0.008990390615789953,8.082712342448404e-05,0.02262036811784049,-0.0068665,0.050659,0.0575255,-0.05467048672343555,0.14807515569128063,0.00046595828124999995,0.01577016940200622,0.0002486982429679732,0.015777051691866852,-0.07843,0.073395,0.151825,2.5879867854724248,0.1470061267641331,2.403400103515625,2.428492415365883,5.897575411489621,3.416710035848599,0.021973,4.9451,4.923127,-1.9964032475911284,0.0674792059585315
Run_1,100,1024,1024,0.02188725873046875,0.011394522158106227,0.00012983513521157378,0.024675640416128096,-0.027771,0.057526,0.085297,1.6503208728550156,-0.29831538441121824,0.0011822573828125004,0.01682144184156609,0.0002829609056291904,0.01686293681860918,-0.09964,0.083618,0.183258,3.465578955559794,-0.21189414976099846,2.32570766015625,2.423439398220809,5.873058516848836,3.3588650817438754,0.026855,4.9524,4.925545,-1.9830541365571897,0.1322494166949303
Run_1,101,1024,1024,0.0213549832421875,0.010105627295895012,0.00010212370304353833,0.023625389146374864,-0.0068665,0.048981,0.055847499999999994,-0.19066483307923088,-0.0554946515179622,-9.790071289062505e-05,0.01722667656500735,0.00029675838547537346,0.017226954751927512,-0.090332,0.065765,0.15609699999999999,1.765659776845684,0.0010376394988986107,2.3411798535156247,2.42441998137127,5.877812246072269,3.3703019675660686,0.024414,4.95,4.925586,-1.9862573185378862,0.11889675909392981
Run_1,102,1024,1024,0.021152204912109375,0.013865766745532356,0.00019225948744151095,0.025291802230868698,-0.05127,0.066376,0.117646,3.477347427532715,-0.46790604207273845,0.00030399138671874994,0.016410771381479873,0.00026931341733519887,0.01641358669207916,-0.055237,0.072937,0.128174,1.2973307861134336,0.19997796189479342,2.4200978125,2.4303614601556873,5.906656827010085,3.4298003220417033,0.021973,4.9475,4.925527,-1.9988638078114676,0.053153766595871094
Run_1,103,1024,1024,0.021575987578124997,0.010278660781898633,0.00010565086746934101,0.023899249097842915,-0.014801,0.055847,0.070648,0.8153371191572445,-0.0450847395717015,0.000834615517578125,0.015321515767641531,0.00023474884541808803,0.015344231114013833,-0.059204,0.06012,0.119324,1.901855766266678,-0.05757545656435674,2.453652173828125,2.429467603922338,5.902312838508147,3.4529294560763373,0.026855,4.9487,4.921844999999999,-2.0003069783547396,0.025851628599350834
Run_1,104,1024,1024,0.02180770873046875,0.010032100069112794,0.00010064303179669292,0.024004566062931772,-0.0050354,0.05722,0.0622554,0.20056514723047503,0.21295634721235823,0.000863960498046875,0.018258178249269195,0.00033336107298208675,0.01827860773484327,-0.096436,0.080261,0.176697,2.865650849111854,-0.15199922873775745,2.4586070996093747,2.4291041233173,5.900546841917109,3.4561967120183903,0.021973,4.9487,4.926727,-2.000114679261415,0.021874596720874797
Run_1,105,1024,1024,0.021140726865234376,0.010524020105832293,0.00011075499918796234,0.02361536219452085,-0.0099182,0.046844,0.0567622,-0.36483118559213734,-0.017357088271943523,-5.1115937499999955e-05,0.014781558611856899,0.00021849447499576084,0.014781646993309892,-0.05127,0.057373,0.108643,0.781507917060313,0.21384958160491546,2.3460607509765627,2.4258569260143488,5.8847818254917845,3.3747270812266428,0.024414,4.95,4.925586,-1.98781649744031,0.11453619094243284
Run_1,106,1024,1024,0.020979935917968748,0.008300973989029509,6.890616916654448e-05,0.022562444022947065,-0.0057983,0.049133,0.0549313,0.059117794938952084,-0.020781732401471624,0.0001521395898437499,0.01473159113359723,0.0002170197773274805,0.014732376718719839,-0.065155,0.06897,0.134125,1.893617066998031,0.06480176387872606,2.325740994140625,2.4253161933728125,5.882158637836389,3.360242522447243,0.026855,4.9463,4.919445,-1.984332832666901,0.1315906030486485
Run_1,107,1024,1024,0.021907243056640626,0.014807590105425818,0.0002192647247303046,0.026442239373264766,-0.037079,0.076141,0.11322,1.3199183781710548,-0.10350311963849812,0.001013123681640625,0.019813017627768558,0.0003925556675182676,0.019838903374747523,-0.078583,0.07843,0.157013,0.8437828333360939,0.13130539424979604,2.3596208203124998,2.427326881526702,5.8919157897821455,3.3852217365239725,-0.24048,4.9475,5.18798,-1.9899417296607866,0.10297224605558007
Run_1,108,1024,1024,0.021218806816406248,0.010231761428018918,0.00010468894191989573,0.02355688231986279,-0.016937,0.049591,0.066528,0.44674972618671616,-0.24099300830173115,0.00020755718749999993,0.019229571217268544,0.0003697764092000028,0.01923069133406508,-0.084534,0.10391,0.188444,3.425907717467836,0.10785846114317969,2.4652079892578125,2.429531180194108,5.902621755535375,3.4611951961477008,0.025635,4.9487,4.923064999999999,-2.000493211475595,0.016766637857295687
Run_1,109,1024,1024,0.021379875048828125,0.009970647978773551,9.941382111662109e-05,0.023590525178980744,-0.011749,0.053864,0.065613,0.4556340362837856,0.18346870866713025,0.0005885912304687501,0.014781395295973563,0.00021848964689582934,0.014793109427446756,-0.074158,0.065918,0.140076,1.5959597419545277,0.25402952865461403,2.4424271230468753,2.42831827028907,5.896729621819702,3.4441515462033223,0.023193,4.95,4.926807,-1.999174567777538,0.037038822141376486
Run_1,110,1024,1024,0.021377354560546874,0.008459214843919066,7.155831577558067e-05,0.02299020669291416,-0.0071716,0.047302,0.0544736,0.3309919992564492,-0.017019980842351325,0.0002783446777343753,0.016302343087086262,0.00026576639012906926,0.016304719129402147,-0.063477,0.083466,0.146943,2.099294297776268,-0.0827325233449615,2.424640275390625,2.4284537184695476,5.897387462748572,3.4316567322205898,0.023193,4.9561,4.932907,-1.9980705261903944,0.04963500449871222
Run_1,111,1024,1024,0.021310464052734374,0.014247676998574226,0.00020299629985570108,0.02563458948371487,-0.055389,0.064697,0.120086,3.2144334459690196,-0.5624304765251084,0.00023901602539062508,0.018233354712361382,0.000332455224066791,0.018234921242692124,-0.068359,0.08728,0.155639,1.9938467084387845,0.4959550324284377,2.333349873144531,2.424034059100134,5.8759411196774725,3.3645895366568968,0.0036621,4.9487,4.9450379,-1.984626935961413,0.12480621973727979
Run_1,112,1024,1024,0.021140270361328123,0.009685878487320651,9.381624207114099e-05,0.023253543235842347,-0.0082397,0.06012,0.0683597,0.9471570463652572,0.277893630196461,0.00054553966796875,0.014073414542209837,0.0001980609968768833,0.014083984180842108,-0.072174,0.061188,0.133362,2.289741631393885,-0.14780958117692347,2.3224464345703124,2.4245082039502632,5.8782400310221306,3.357379554424922,0.019531,4.9475,4.927969,-1.9830135256139971,0.13363288823771544
Run_1,113,1024,1024,0.022175460478515624,0.011650960615184397,0.000135744883256578,0.025049868875720416,-0.0067139,0.051727,0.058440900000000004,-0.47631265560538427,0.023546792889255496,0.001120565380859375,0.017100416563250512,0.00029242424663669246,0.017137091743043013,-0.061188,0.076141,0.137329,1.0411768003406818,0.14115333154555593,2.4083910498046874,2.4291774922167857,5.900903288692631,3.4207090986331994,0.019531,4.95,4.930469,-1.9969156475796785,0.06295963264503586
Run_1,114,1024,1024,0.02097309071289062,0.00896313511015034,8.033779100280976e-05,0.022808075873557345,-0.0050354,0.056458,0.061493400000000004,0.5595001476094965,0.08912422339195014,9.417856445312491e-05,0.01565076321561863,0.0002449463892313611,0.015651046573100583,-0.066681,0.073242,0.13992300000000002,3.2312242620744094,-0.02351415035531465,2.467267046875,2.428505475897368,5.897638846463502,3.4619424499923137,0.023193,4.95,4.926807,-2.000106507356506,0.014860984710799082
Run_1,115,1024,1024,0.020901863564453123,0.013501308767001763,0.00018228533842191866,0.024883191895111283,-0.055542,0.063324,0.118866,4.1857081098197355,-0.7734044232648644,0.00017477844726562495,0.0158336146253064,0.0002507033521027167,0.015834579236858336,-0.067749,0.067139,0.134888,1.5716900867533328,-0.1439615172660775,2.45190875,2.429531252896217,5.902622108799463,3.451735596352366,0.019531,4.9463,4.926769,-2.0001915252298117,0.02726988940140384
Run_1,116,1024,1024,0.021977261337890623,0.012800165526533984,0.00016384423750666902,0.025433132984762435,-0.017548,0.072784,0.090332,0.6850482585412565,0.1670469820980381,0.0007779992187499998,0.0198662887963967,0.0003946694305418371,0.019881516876893792,-0.06485,0.077667,0.142517,1.062074121246341,0.30892379544075466,2.3600144248046875,2.424190572789991,5.876699933203865,3.3832481461592594,0.010986,4.95,4.939014,-1.9883954499233503,0.10391091958897547
Run_1,117,1024,1024,0.02165778345703125,0.009856807817236071,9.715666034592612e-05,0.02379529879235776,-0.0099182,0.054016,0.0639342,0.016214714096021154,0.02592592940339677,0.000963211767578125,0.018844310032419574,0.00035510802059794905,0.018868910872309245,-0.090179,0.081635,0.171814,3.0232623109599723,-0.1781559925110786,2.332914661132812,2.425078091807958,5.8810037513669275,3.365040054367162,0.023193,4.9512,4.928007,-1.9852163808772372,0.125156286693149
Run_1,118,1024,1024,0.021095270234375,0.008939100428495174,7.99075164707226e-05,0.022911087768415328,-0.013885,0.053864,0.067749,0.47088641761832006,-0.2617342938525668,-6.362990234375008e-05,0.01392197803089761,0.0001938214722927957,0.013922123439233972,-0.046997,0.062103,0.1091,1.3056953660143629,0.10540613682336326,2.3260529375,2.424667472964739,5.879012354453213,3.359990271192104,0.020752,4.9487,4.927948,-1.983395561507732,0.13101279548946698
Run_1,119,1024,1024,0.021223276728515626,0.008815977582215547,7.77214607301271e-05,0.022981491157565908,-0.005188,0.045166,0.050353999999999996,-0.3470494468256855,0.06868100212901784,0.00023186537109375012,0.017582707380103313,0.00030915159881433955,0.017584236132532228,-0.072479,0.069427,0.141906,1.496284839161845,0.0963195764080951,2.4524567226562497,2.4294935334328334,5.902438828991954,3.4520983192101857,0.023193,4.95,4.926807,-2.0002744190028947,0.02698985626944338
Run_1,120,1024,1024,0.021853741435546872,0.01460355198795091,0.00021326373066478496,0.026284020723559842,-0.037231,0.067291,0.104522,1.517764541437729,-0.06442284790334962,0.0005038115136718748,0.01830520942648982,0.0003350806921476517,0.018312141278096345,-0.07019,0.071564,0.141754,0.5704415477023672,0.2708233427768188,2.4747393447265624,2.4282937054352582,5.896610319856496,3.467123468265033,0.020752,4.95,4.929248,-1.999900990720241,0.009530818023047855
Run_1,121,1024,1024,0.020800831357421876,0.008654796835742192,7.490550826797307e-05,0.022529538242668852,-0.0030518,0.047607,0.0506588,-0.2003804003280245,0.12115193949251588,0.0005370396777343751,0.014875574389881614,0.00022128271342890176,0.014885265366944681,-0.063934,0.071411,0.135345,2.8314805300629855,-0.10160807619033707,2.4354241796875,2.4292402236276978,5.9012080640907465,3.4398399670765616,0.024414,4.9487,4.9242859999999995,-1.9989438948918803,0.04072833736750205
Run_1,122,1024,1024,0.02185492615234375,0.012183115197036461,0.00014842829590426077,0.025021312775884874,-0.031281,0.057373,0.08865400000000001,2.1257127736407746,-0.39167731851171117,0.00094234896484375,0.0186889001374187,0.0003492749883464087,0.018712643050033066,-0.092926,0.070953,0.163879,1.2617138202455038,-0.12814422957371452,2.3273880449218747,2.4250282923088915,5.880762218498578,3.3611749924905494,0.023193,4.9463,4.923107,-1.9838296264213837,0.1297908618414151
Run_1,123,1024,1024,0.0213259337890625,0.009561426501270476,9.142087673919737e-05,0.023371271439839875,-0.0065613,0.049591,0.0561523,0.12946743593808874,0.12703882993957985,1.927226562499864e-06,0.017924227682533937,0.00032127793801531594,0.017924227786142367,-0.10468,0.12314,0.22782,8.406191086775372,0.4291831949989507,2.3321586025390624,2.424460433014547,5.8780083912530845,3.3640707689717284,0.021973,4.95,4.928027,-1.9842963706074448,0.1263491435106683
Run_1,124,1024,1024,0.0211019838671875,0.013530169316247252,0.00018306548172631864,0.025067094064876373,-0.051727,0.065613,0.11734,3.627530198895899,-0.47469169824760843,0.0003315702441406248,0.015897591585861716,0.0002527334182308612,0.015901048929478228,-0.072784,0.052795,0.125579,0.46077934286279154,-0.00409355158405051,2.390150615234375,2.4282573924331103,5.8964339639060475,3.407235525673461,0.023193,4.95,4.926807,-1.9949843628557047,0.07809703302677133
Run_1,125,1024,1024,0.02164765490234375,0.011616190887215126,0.00013493589072821973,0.024567394112912897,-0.014801,0.063629,0.07843,1.2223066758098904,0.18626764136211058,0.0006906726367187502,0.015556478502079946,0.0002420040233856755,0.015571803109363652,-0.067291,0.081787,0.149078,2.4505493211642033,0.22188369937954136,2.443838055664062,2.4284717757835845,5.897475165777476,3.445260455769546,0.023193,4.95,4.926807,-1.9993015602122797,0.034064248399495206
Run_1,126,1024,1024,0.021844507529296876,0.009387614627705465,8.812730839830962e-05,0.0237762448169558,-0.0030518,0.046539,0.0495908,-0.38025501861288946,-0.1434042617527069,0.0008925722265625,0.015687881757199696,0.000246109634027879,0.015713252979810063,-0.078735,0.067749,0.146484,2.7520483459032725,-0.041668016006704535,2.4585335703124995,2.429974677403332,5.904776932821429,3.456756319033055,0.020752,4.9487,4.927948,-2.000890540611108,0.022715618172626233
Run_1,127,1024,1024,0.021051166044921875,0.010213631832539536,0.00010431827521066493,0.023398074003249426,-0.0099182,0.046997,0.0569152,-0.4367269455188687,-0.1653323053984203,-0.00019788913085937512,0.016687661545059268,0.0002784780478424499,0.016688834829027527,-0.074921,0.074005,0.148926,1.6916810817497776,0.0705801660954284,2.374817462890625,2.427111414302924,5.8908698174395395,3.395677811496521,0.021973,4.9463,4.924327,-1.9921305507704112,0.09137560547663327
Run_1,128,1024,1024,0.021025846777343746,0.008350756882738175,6.973514051459899e-05,0.02262346952213421,-0.0010681,0.050812,0.051880100000000005,0.3496482539262207,0.4520163519099192,0.0003232049023437501,0.016102758024215368,0.0002592988159864324,0.01610600128509033,-0.067444,0.063782,0.131226,1.9822440489770878,-0.09075447362296293,2.320895736328125,2.4247363366771033,5.8793463024023,3.3564718561770137,0.020752,4.95,4.929248,-1.9825800125609054,0.13621833620457616
Run_1,129,1024,1024,0.0218717693359375,0.01534965362837282,0.00023561186651101888,0.026720519463428755,-0.045776,0.069275,0.115051,1.7426240454844084,-0.19806375336876214,0.0008270138085937503,0.01997499584586699,0.0003990004590424035,0.019992108715240826,-0.077362,0.070953,0.148315,1.6327806940447624,-0.14313971525469113,2.3358898740234375,2.423563268395786,5.873658915917266,3.366012540006721,0.023193,4.9475,4.924307,-1.9845119147009942,0.12320743983151673
Run_2,0,1024,1024,0.02135872556640625,0.005750556422167009,3.306889916452624e-05,0.02211931411652681,-0.002594,0.043793,0.046387,2.068862201514653,-0.15972605337673534,0.0004014420996093751,0.00982578524105604,9.654605560335469e-05,0.009833982477241529,-0.043335,0.04425,0.087585,2.6752769339472424,0.11325293648447292,2.341096236328125,2.4248532292860476,5.8799131835789735,3.370555558261677,0.024414,4.9451,4.920686,-1.9864012954479973,0.11850584599858692
Run_2,1,1024,1024,0.022281405078124997,0.006198778624770441,3.842485643891093e-05,0.023127599717532418,-0.0061035,0.049744,0.055847499999999994,2.2742579033294525,-0.3019778627144702,0.00128745984375,0.011615066099050319,0.00013490976048530798,0.0116862018352661,-0.092926,0.06424,0.157166,14.402776598763158,-1.5908763625376903,2.3584622431640625,2.427535877576913,5.8929304369231135,3.3845641653473755,0.026855,4.9475,4.9206449999999995,-1.9908601966308472,0.10418781636729552
Run_2,2,1024,1024,0.021105248828125,0.005807370045985898,3.372554685101425e-05,0.02188965680288492,0.0016785,0.041809,0.0401305,0.13704229724069927,0.03981081498165637,-0.0006130326855468748,0.01382027381697635,0.00019099996837620205,0.013833863431802082,-0.067444,0.063477,0.130921,4.070275202546231,0.0556581997635043,2.4123508564453124,2.428527948894175,5.897747998560149,3.423037343230801,0.023193,4.9512,4.928007,-1.9975466894277398,0.06012100955540859
Run_2,3,1024,1024,0.021660332207031247,0.010457193027250318,0.00010935288600917268,0.02405250251695503,-0.022278,0.069733,0.09201100000000001,2.168286383144295,-0.05558952022394114,0.0014492906640625005,0.013497707606099642,0.0001821881106197601,0.01357529204285119,-0.055237,0.056763,0.112,1.4225630263937754,0.3089144885195027,2.447047422851562,2.4305275770720365,5.907464302907664,3.4489861398086448,0.026855,4.9487,4.921844999999999,-2.0006426396415105,0.031478365235433715
Run_2,4,1024,1024,0.021346199511718747,0.006561725536395896,4.305624201499e-05,0.022331960854548617,0.0027466,0.049133,0.0463864,0.989064737758484,0.5841286323666198,0.00023052693359375026,0.011506762097798088,0.00013240557397532266,0.011509071059057492,-0.05188,0.067749,0.11962900000000001,4.599489887743003,0.4253637135143089,2.4720079697265627,2.429942281111375,5.904619489532754,3.466329887925325,0.026855,4.9475,4.9206449999999995,-2.001048840749302,0.011549415278511107
Run_2,5,1024,1024,0.021328480019531252,0.006038301636022936,3.646108664759727e-05,0.022166757692345107,-0.0035095,0.049133,0.0526425,2.0205061841560843,0.2037307197949453,1.1924794921875086e-05,0.01136730823207326,0.0001292156964429605,0.01136731448688275,-0.055084,0.063629,0.11871300000000001,5.482232096112932,0.04706497549638064,2.4571513623046872,2.4300012535101643,5.904906092060969,3.4557920813232887,0.024414,4.9487,4.9242859999999995,-2.000372411492208,0.024146726100820606
Run_2,6,1024,1024,0.022130596484375,0.005606227308134761,3.142978463047593e-05,0.02282965364136537,0.005188,0.037384,0.032196,-0.3460215947349097,0.006590834090946004,0.00161602873046875,0.010199732404744656,0.0001040345411283982,0.010326959377575697,-0.058136,0.056305,0.114441,2.970965663847341,0.19195733643855106,2.363319146484375,2.42891488149323,5.899627501539273,3.3889386081307094,-0.070801,4.9512,5.022001,-1.992038420774562,0.10048353567723185
Run_2,7,1024,1024,0.02111598265625,0.005912437677853487,3.495691929450154e-05,0.02192810166962823,-0.00045776,0.041504,0.04196176,0.8717014813846298,-0.020773188571362615,-0.00018030731445312504,0.010072952825822991,0.0001014643786312554,0.010074566460096468,-0.046692,0.05661,0.103302,3.7675284395019286,0.5300467535346827,2.379370969726563,2.427457396590459,5.892549412261729,3.3991110049304436,0.021973,4.9475,4.925527,-1.9930797542867262,0.08742567348385892
Run_2,8,1024,1024,0.021670596386718748,0.005259692114512918,2.7664361139469368e-05,0.022299755803495632,0.0038147,0.040894,0.0370793,0.5456086969268195,0.05117234495318254,0.0005115496289062502,0.013254849048039974,0.00017569102328632622,0.013264716593623866,-0.08728,0.074463,0.161743,8.187075665532163,-0.3145231748879056,2.343614287109375,2.426429084913723,5.8875581041152465,3.3734383099233383,0.026855,4.9487,4.921844999999999,-1.987948220685676,0.1163577467231031
Run_2,9,1024,1024,0.02140877822265625,0.005412678651255964,2.9297090181762076e-05,0.022082410990846145,-0.0010681,0.045319,0.0463871,0.9610602074161547,-0.010007654549615507,0.0007626388769531252,0.010091892995385772,0.0001018463042303164,0.010120668075130058,-0.032654,0.057373,0.090027,2.225280974887095,0.5516737141729174,2.35347781640625,2.4274353801189545,5.892442524653253,3.3810206087762293,-0.070801,4.9524,5.023201,-1.9894166675316385,0.10924728736291964
Run_2,10,1024,1024,0.021053977539062498,0.005413778431159056,2.930899690168301e-05,0.021738881459657286,0.0010681,0.038605,0.0375369,0.6841215181881641,-0.01247634122885467,-0.0002160651953125,0.008033494693310016,6.453703698744019e-05,0.008036399763330941,-0.027771,0.048065,0.075836,3.9938918611132195,0.8101768293382824,2.4345985265624996,2.4272407604011397,5.891497708952702,3.437843465676266,0.0073242,4.9475,4.9401758,-1.9973428102985398,0.04230706929977627
Run_2,11,1024,1024,0.02242892724609375,0.0083475044167787,6.96808299881399e-05,0.023931936975487515,-0.0067139,0.047607,0.0543209,0.9211561966997701,-0.09634321161364107,0.001676529541015625,0.011012266408958275,0.0001212700114618708,0.011139154490524354,-0.06424,0.046539,0.110779,3.396191221096241,-0.2959390860807364,2.4476662353515626,2.430439506974247,5.90703619706122,3.449363158141124,0.021973,4.95,4.928027,-2.0005742466941383,0.03124627432629176
Run_2,12,1024,1024,0.02124041669921875,0.004978881613023978,2.4789262116508246e-05,0.02181615373233694,0.0041199,0.040131,0.0360111,0.3401991990008133,-0.17179885370594894,-0.00022993001953125014,0.009621695071650577,9.2577016051825e-05,0.009624442002823159,-0.039825,0.048523,0.088348,3.2681066496525517,0.14780372045146123,2.4690754433593747,2.4297565779997785,5.903717028333194,3.4641089147619897,0.023193,4.9451,4.921907,-2.000091220892963,0.013602269091385073
Run_2,13,1024,1024,0.02150536396484375,0.005387516362531372,2.9025332556543265e-05,0.022169934862713136,0.0022888,0.042877,0.0405882,1.2083768355144366,-0.04551932955161129,0.00032484562500000003,0.00849806063077356,7.221703448430352e-05,0.00850426711506554,-0.029602,0.040741,0.070343,2.090877182641539,0.5852669923330377,2.4246044453125,2.4279305673375537,5.894846839812056,3.4312612194412115,0.028076,4.95,4.921924,-1.9973432419787782,0.051206459150336364
Run_2,14,1024,1024,0.02207219658203125,0.005156731292397372,2.6591877621990275e-05,0.022666577588551437,0.0045776,0.037231,0.0326534,0.1545705328142999,0.001957390720038435,0.00108703939453125,0.010834018349737481,0.00011737595360244846,0.010888416241479352,-0.056458,0.05722,0.113678,4.154694613797138,-0.09586103805306162,2.3543070615234374,2.426048434887397,5.885711008419587,3.3806024238822743,0.019531,4.9475,4.927969,-1.98916383019902,0.10836028342571298
Run_2,15,1024,1024,0.0210128703125,0.005732113298501088,3.2857122866853025e-05,0.021780675876491917,0.0015259,0.04776,0.0462341,1.2613709827174517,0.4129099398511382,-0.00018596999999999998,0.009504813209637104,9.034147415009199e-05,0.009506632368562066,-0.045319,0.05722,0.10253899999999999,4.232875152927252,0.450274140740214,2.3569851044921872,2.424435722240318,5.877888571274934,3.3813114843316314,0.028076,4.95,4.921924,-1.9876110890511731,0.10680451736110953
Run_2,16,1024,1024,0.02159759853515625,0.005439892339096856,2.9592428660964655e-05,0.022272150573008166,0.0024414,0.037994,0.035552600000000004,0.3547454355290012,-0.2145136839207373,0.0012606393749999998,0.009420058844567763,8.873750863511935e-05,0.009504037051112529,-0.034332,0.040436,0.074768,1.5100277342548294,-0.19580578720198402,2.33450963671875,2.425459847013632,5.882855469475392,3.3664210540881694,0.021973,4.95,4.928027,-1.9852604461621182,0.12478121253961197
Run_2,17,1024,1024,0.02164795705078125,0.007046343104940122,4.96509511525372e-05,0.022765873486976222,-0.0039673,0.046234,0.0502013,1.3701494170499213,-0.32164787281346957,0.0003570297851562499,0.011682576841829993,0.00013648260166526245,0.011688031140134388,-0.068512,0.048218,0.11673,2.6916630508210906,-0.5104133568866007,2.3849464404296876,2.427581015065773,5.8931495847077695,3.403104334049429,0.024414,4.9475,4.923086,-1.9940320888341125,0.0829973252592474
Run_2,18,1024,1024,0.02122863330078125,0.0044928168071176455,2.0185402862318792e-05,0.021698854225081964,-0.0010681,0.044708,0.0457761,3.5425245178717786,-0.20246975165598619,-9.894069335937496e-05,0.010389704665588027,0.00010794596303814161,0.01039017575880909,-0.064392,0.065613,0.130005,5.648024153546051,0.02754302563077919,2.4604821865234374,2.4302133339452343,5.905936848485211,3.4583101998930585,0.021973,4.9548,4.932827,-2.000941699302497,0.020412240196600134
Run_2,19,1024,1024,0.022034783955078123,0.008420167281619085,7.089921705044852e-05,0.023588788035789735,-0.010834,0.058289,0.069123,2.716675050417905,-0.048675491951331536,0.0013047403417968749,0.010587319867500163,0.00011209134197676366,0.01066741249489659,-0.049744,0.039063,0.088807,1.519913316209748,0.02965492345606875,2.4482348310546875,2.4298938050078482,5.9043839036155195,3.449382218833525,0.023193,4.9475,4.924307,-2.00010943790313,0.030481662995609223
Run_2,20,1024,1024,0.0212915115234375,0.006489686293819712,4.2116028192191435e-05,0.022258582415438394,0.0028992,0.046844,0.0439448,1.0108665235419023,0.30997448395302757,-0.0003214201464843749,0.00997141258319291,9.94290689042579e-05,0.009976591593065435,-0.052643,0.057678,0.110321,3.425531652876062,0.2840708548398681,2.461554729492187,2.4316450367056204,5.912897584535077,3.46007937348559,0.021973,4.9512,4.929227,-2.002348915511748,0.02027666334048931
Run_2,21,1024,1024,0.02167701501953125,0.006515126816785913,4.244687743880294e-05,0.0226349256149824,-0.0045776,0.046539,0.0511166,1.5351528158593606,-0.032568205285959245,0.00111162119140625,0.010531032441319825,0.0001109026442801306,0.010589539458980928,-0.091858,0.064697,0.156555,10.63865444436841,0.04536198668090399,2.389620513671875,2.427225981806924,5.891425966758586,3.406128618552156,0.023193,4.9536,4.930407,-1.9936239126717625,0.07990953993339829
Run_2,22,1024,1024,0.0215390271484375,0.006084370800506164,3.7019568038052026e-05,0.022381895776255857,0.0022888,0.043793,0.0415042,0.8479436735154313,0.14312435541879892,0.0007665056542968752,0.011612992136891242,0.0001348615863714978,0.011638260922043588,-0.079193,0.049896,0.129089,5.092685596583041,-0.5504972083278279,2.35895511328125,2.4263708712950267,5.887275605068988,3.3840722261123126,0.024414,4.95,4.925586,-1.989554490834889,0.10490032626611903
Run_2,23,1024,1024,0.020916144912109375,0.005436900160262347,2.9559883352660736e-05,0.021611223966657225,-0.0028992,0.047455,0.050354199999999995,1.9377136571656877,-0.14620067875666626,-0.0002884865332031249,0.009933459525713432,9.867361814898692e-05,0.009937647741232654,-0.06897,0.051422,0.120392,6.275417809977596,-0.10518642275486127,2.3467041416015624,2.426519430018222,5.887996544255955,3.3756505850674,0.026855,4.95,4.923145,-1.9883585662130456,0.11466191320294845
Run_2,24,1024,1024,0.022363653906249996,0.005335886906188068,2.8471689075629275e-05,0.02299140502696954,0.0015259,0.040588,0.0390621,0.908611490700697,-0.03591453370720184,0.00108748044921875,0.013499734627770479,0.00018224283502022538,0.013543465167661427,-0.10483,0.076141,0.180971,11.905517295803708,-0.6766451245609725,2.33760115234375,2.4276908567321036,5.893682895860654,3.3701724055750444,0.020752,4.95,4.929248,-1.9879578280700956,0.12210453256072634
Run_2,25,1024,1024,0.02125086822265625,0.007028386203657331,4.939821262776071e-05,0.022382975960413797,-0.010376,0.04303,0.053405999999999995,1.5204933899585065,-0.33709372447283975,0.00022351195312499995,0.011046688030165824,0.00012202931643580889,0.01104894900110407,-0.070953,0.052032,0.12298500000000001,3.714167694262559,-0.03772039559939002,2.416525818359375,2.4292711038288437,5.901358095897809,3.4265077158376944,-0.22827,4.9451,5.17337,-1.9979110851105986,0.056219466855035115
Run_2,26,1024,1024,0.02144082216796875,0.005427664697209902,2.9459544065338663e-05,0.022117151699615364,0.0045776,0.042419,0.0378414,0.482496469228443,0.0043664260725792435,0.0005519385742187502,0.010452585521161706,0.00010925654407719935,0.010467147666241742,-0.048218,0.039825,0.088043,2.556888195094558,-0.15720750128834066,2.441888935546875,2.4304536966638874,5.9071051716271565,3.4452760042082846,0.021973,4.9487,4.926727,-2.000497947949155,0.03674150727457237
Run_2,27,1024,1024,0.022019135029296876,0.008951417760398218,8.012787992117266e-05,0.023769101526132225,-0.023804,0.062408,0.086212,3.8747060542471,-0.32738600288110664,0.0011555849902343748,0.01176418714143209,0.00013839609909863614,0.011820806900050907,-0.044861,0.051422,0.09628300000000001,2.1641136654508113,0.6054897493836906,2.463480928710937,2.4301513720076175,5.905635690870506,3.460400840508655,-0.29785,4.9487,5.24655,-2.0002584702951585,0.01802214572061087
Run_2,28,1024,1024,0.02043052373046875,0.0062214081685060384,3.870591959915366e-05,0.02135678392222013,0.0016785,0.04776,0.0460815,1.4714484748532524,0.5466543358673757,-0.0006981213183593751,0.011140136949244527,0.00012410265124792317,0.01116199017304132,-0.057983,0.04715,0.105133,1.7210398100431226,-0.044397260405880136,2.4550426201171875,2.429951891729425,5.904666196119411,3.454258308625931,0.025635,4.9548,4.929164999999999,-2.0010023484216957,0.025909095661074254
Run_2,29,1024,1024,0.022128502499999998,0.00600036528343529,3.600438353465547e-05,0.022927603591024547,-0.00076294,0.042725,0.043487939999999996,1.1048431646977273,0.5620349583382411,0.0012798649707031252,0.010192699796386904,0.00010389112913926562,0.010272739823557225,-0.077057,0.057068,0.134125,9.752426540151074,-0.940471005224259,2.34415384375,2.425318560135465,5.882170118137565,3.373014580654146,0.025635,4.9475,4.9218649999999995,-1.9870230805074525,0.11642569355089517
Run_2,30,1024,1024,0.0216579275390625,0.005505372282431714,3.0309123968167384e-05,0.022346698844694025,0.0057983,0.03952,0.0337217,-0.07563356324883364,-0.029691224421377872,0.0004753472167968751,0.00799635746669675,6.394173273519685e-05,0.00801047362592958,-0.027008,0.046844,0.073852,2.594440540269969,0.3339476184852722,2.3598493310546873,2.428542288189695,5.89781764552564,3.3862525763452576,0.021973,4.9475,4.925527,-1.9918721017822765,0.10318225123431707
Run_2,31,1024,1024,0.021175148925781248,0.005021879285843187,2.5219271561580877e-05,0.021762495343838575,0.0041199,0.03891,0.0347901,0.16335885425894414,0.02593561826718708,0.00045656938476562505,0.007582932289030118,5.750086210001555e-05,0.007596664906596894,-0.028381,0.035248,0.063629,1.8761520024296043,0.10810066086709277,2.3350717744140623,2.424801150424594,5.879660619100434,3.3663364078424594,0.028076,4.9487,4.920623999999999,-1.9847402776554526,0.12401261772648071
Run_2,32,1024,1024,0.022205398046874998,0.004581233412034696,2.0987699575543065e-05,0.022673054536072178,0.0067139,0.039215,0.0325011,0.583228746274508,0.027782830614457216,0.001171533955078125,0.007963181268644419,6.341225591728934e-05,0.008048897298710571,-0.028381,0.049133,0.077514,4.406962159520106,0.5515969521342649,2.3483219033203127,2.4269456373410483,5.890065126608747,3.377081711807205,0.021973,4.9512,4.929227,-1.9891695728741414,0.11321870910194355
Run_2,33,1024,1024,0.020846255615234375,0.00639522213175284,4.089886611446135e-05,0.02180516542680087,-0.002594,0.03952,0.042114,0.5448138159681859,0.10427769173669253,-0.001081223193359375,0.009475568799165834,8.978640406772506e-05,0.009537056551241757,-0.047607,0.051575,0.09918199999999999,4.50784019294024,0.6066455726764278,2.4682356972656248,2.4292857437969,5.901429225014859,3.463180140026098,0.029297,4.9451,4.915803,-2.0003408200711235,0.014254373691950786
Run_2,34,1024,1024,0.021698016015625,0.004816506961385963,2.3198739309079438e-05,0.022226170122704416,0.007019,0.041351,0.034332,0.5108839308875837,0.01844788920655684,0.001302512919921875,0.00844092244860191,7.124917178331168e-05,0.008540826171388521,-0.03891,0.042572,0.081482,3.4082992093449826,-0.10431789530072998,2.451145046875,2.4310997267964733,5.910245881629888,3.452297484639719,0.024414,4.9524,4.927986,-2.0010294570332743,0.028562878562605427
Run_2,35,1024,1024,0.0214283057421875,0.007032082641858636,4.945018628192953e-05,0.02255266000414575,-0.0068665,0.048676,0.055542499999999995,1.7875337089699066,-0.055307405355424714,0.0007200294042968751,0.010613338066899222,0.00011264294492229211,0.01063773412270415,-0.053558,0.040283,0.09384100000000001,2.927476116256469,-0.15080926866719885,2.473783994140625,2.43079174531151,5.908748509074576,3.468192001423929,0.021973,4.9451,4.923127,-2.0015992900259256,0.009636313849212957
Run_2,36,1024,1024,0.021337726679687502,0.008170321331602138,6.675415066163293e-05,0.022848473264502393,-0.0068665,0.045013,0.051879499999999995,0.6332985190504496,0.24018762591297124,-6.0499130859375085e-05,0.010839773527606197,0.00011750069012979211,0.010839942355687453,-0.053253,0.047913,0.101166,2.6518367710415056,0.11108011761510293,2.4301872500000004,2.4292199851541616,5.901109736272384,3.43611987659554,0.026855,4.9512,4.924345,-1.9988969828562164,0.04576665028352472
Run_2,37,1024,1024,0.022099619628906247,0.005987866593787437,3.585454634499557e-05,0.02289645680203236,0.0035095,0.041351,0.0378415,0.004491042938759016,-0.08786578216472883,0.001403242421875,0.010653837879730418,0.00011350426156757872,0.010745852728477546,-0.041809,0.05127,0.093079,2.5667829036271694,0.3864345010649013,2.3372383046875,2.426904279325488,5.889864381008367,3.3693541330508534,-0.25024,4.9463,5.19654,-1.9865866815971438,0.12232532109062777
Run_2,38,1024,1024,0.021054730859375002,0.005528359876421522,3.056276292322739e-05,0.021768427928629694,0.0028992,0.036621,0.0337218,-0.1437369093741463,0.012055037485699974,-0.00015184835937500003,0.00947158180721119,8.971086193069398e-05,0.009472798945134373,-0.032501,0.03891,0.071411,0.8184925781634109,0.11023908590621677,2.3510862478515624,2.4258190388782928,5.884598009384403,3.3781954582618723,-0.0073242,4.95,4.9573242,-1.988300195219426,0.11015179789315739
Run_2,39,1024,1024,0.02166614482421875,0.00514274536375831,2.6447829876457588e-05,0.022268131071566794,0.0053406,0.039673,0.0343324,0.2877050802505825,0.328813320820435,0.0007695043359374999,0.008291522921491616,6.874935235762087e-05,0.008327153732257347,-0.042877,0.045929,0.088806,4.384080415079068,0.19485785141211298,2.33886003515625,2.4256266655277146,5.883664720519099,3.369559464465673,0.014648,4.95,4.935352,-1.9865979279464099,0.12069063637204018
Run_2,40,1024,1024,0.021618302480468747,0.006115087596817823,3.739429631675518e-05,0.022466537304484564,-0.0047302,0.0383,0.043030200000000005,0.7776785112608189,-0.26846855751283766,0.0005903851953125001,0.01031411130343806,0.00010638089197970876,0.010330994466098264,-0.036774,0.036774,0.073548,0.7172354864328851,0.12186460586831517,2.3987046484375,2.42888688012434,5.89949147644015,3.4136894215607576,0.026855,4.95,4.923145,-1.996252459475912,0.07110009283556104
Run_2,41,1024,1024,0.020760595605468748,0.0064089397876900475,4.107450920223655e-05,0.021727329313471662,-0.0042725,0.041656,0.0459285,1.0560223941618707,-0.18366265313298413,0.00023290750976562492,0.013269218837230918,0.0001760721685503238,0.013271262730367033,-0.088806,0.07431,0.16311599999999998,6.720549481418364,-0.0685490656020155,2.46422190234375,2.42972766300922,5.903576516392246,3.460630881845519,0.021973,4.95,4.928027,-2.0000868087494372,0.017542104912037417
Run_2,42,1024,1024,0.022206003515625,0.0060560562134620785,3.667581686061264e-05,0.02301700260669409,0.0038147,0.03952,0.0357053,0.0032939706946732983,-0.24273211961471033,0.001187931552734375,0.012534940540791658,0.00015712473436118227,0.012591104627282078,-0.065613,0.059662,0.125275,3.8396834301125757,0.16916676317243828,2.45061626171875,2.430080737301761,5.905292389805072,3.4512044929278605,0.025635,4.95,4.924365,-2.0009164451190156,0.028988256966245553
Run_2,43,1024,1024,0.021446363427734375,0.005346619674870924,2.8586341947716863e-05,0.022102779151549685,-0.00015259,0.038452,0.03860459,0.5376018729535486,-0.27954633683636976,-0.00027730828124999983,0.011105540471893752,0.00012333302917287009,0.01110900216291814,-0.062408,0.051575,0.113983,3.5223476963596765,0.5267124695819343,2.4729749589843752,2.429485040634771,5.902397562668137,3.4666991087245957,0.023193,4.9487,4.925507,-2.0002272199540325,0.01029804504217827
Run_2,44,1024,1024,0.021325641708984374,0.008658900825512026,7.497656350605284e-05,0.02301650620328869,-0.018616,0.059052,0.077668,3.7363283617421246,-0.18776397239149725,0.0006750317773437497,0.01458087856783483,0.00021260201980994507,0.01459649573392083,-0.081024,0.067444,0.148468,4.434469202005105,-0.12092480364914182,2.3741000146484375,2.4274245792375764,5.892390087886724,3.395399971644053,0.025635,4.9475,4.9218649999999995,-1.9920496588756256,0.09162313902622671
Run_2,45,1024,1024,0.02223894443359375,0.006150020745637033,3.782275517176589e-05,0.023073651741591237,-0.0015259,0.039978,0.041503899999999996,0.10527886979045897,-0.010039167071146098,0.0014215826953124999,0.01225475212803361,0.0001501789497195443,0.012336930212948287,-0.078125,0.051117,0.129242,3.651181252317243,-0.2776641409425463,2.35037672265625,2.427217633750483,5.891385441589294,3.378706287914596,0.020752,4.9512,4.930448,-1.9891366185311996,0.11203647776564733
Run_2,46,1024,1024,0.02080171181640625,0.005799254567766849,3.363135354176467e-05,0.0215949662661135,-0.012207,0.043335,0.055542,1.9114580365979146,-0.23166935398988814,-0.0007340298046875001,0.01119068309219553,0.00012523138806995094,0.011214730840466949,-0.054321,0.058899,0.11322,5.0998531023645794,0.41601439581118865,2.3587055820312504,2.4257279735039137,5.884156201439404,3.3834373385870147,0.023193,4.9451,4.921907,-1.9893002491540392,0.10493218707020217
Run_2,47,1024,1024,0.021751222021484374,0.0056623159106506706,3.206182147200773e-05,0.02247615360554191,-0.002594,0.051422,0.054016,3.468173476124961,0.387796183218132,0.0012864114355468752,0.013093699537383824,0.00017144496757528534,0.013156740552157709,-0.07843,0.077667,0.15609699999999999,7.2883004471182415,-0.293613563284756,2.3422048896484373,2.426077101280622,5.8858501013581845,3.3722060800685405,0.021973,4.9475,4.925527,-1.9870668041805482,0.11765547366636757
Run_2,48,1024,1024,0.021406545117187502,0.004798309124297841,2.302377045231991e-05,0.021937728786419617,-0.0013733,0.042877,0.0442503,1.5329249996153766,0.11652802012359303,0.0002564458496093751,0.011134500372645136,0.00012397709854843465,0.011137453165882069,-0.093842,0.091705,0.185547,16.754995127817402,-0.5767523141449435,2.4524709990234377,2.427683971960656,5.893649467714667,3.450835184236663,0.023193,4.9487,4.925507,-1.998395759701922,0.027996744966471948
Run_2,49,1024,1024,0.02138569228515625,0.006029868458698586,3.635931362920806e-05,0.0222195217802859,0.0028992,0.041046,0.0381468,-0.00592267474210928,0.02187200254608017,0.00013053550781249993,0.008636537465810428,7.45897793983472e-05,0.008637523888079679,-0.033112,0.033722,0.066834,1.076103438605605,0.03428342234142194,2.4520902275390624,2.4285436612562368,5.897824314627847,3.4511694827435555,0.024414,4.9487,4.9242859999999995,-1.9989228068714484,0.027901741230836167
Run_2,50,1024,1024,0.0221741197265625,0.006030162309230619,3.6362857475665554e-05,0.02297943522203263,0.0035095,0.044708,0.0411985,0.20557996848104398,-0.017507543438377127,0.0017067797656249999,0.010503660755575586,0.00011032688926821869,0.01064142783824453,-0.056763,0.054474,0.111237,6.6093026629621106,-0.5113437325257391,2.4506557880859376,2.428549611480622,5.89785321542268,3.450154635244888,0.021973,4.9475,4.925527,-1.9989544997620885,0.02986957525917755
Run_2,51,1024,1024,0.0209182422265625,0.005953825532045005,3.544803846603098e-05,0.02174904357242344,-0.00045776,0.046234,0.04669176,0.5347752334302296,0.20193580248513823,-0.000256894052734375,0.009672444804131678,9.355618848897391e-05,0.009675855674993515,-0.053406,0.054016,0.107422,4.582668183083715,0.42563156918846995,2.450430319335937,2.42886731241248,5.899396421305825,3.4502181338614877,0.021973,4.9475,4.925527,-1.99936333455504,0.028707646397233846
Run_2,52,1024,1024,0.021903649462890626,0.009836546243589853,9.675764200228165e-05,0.024010987105812006,-0.024719,0.067444,0.09216300000000001,3.8771706278524976,-0.36326384888616725,0.0009857064062499998,0.011439388779031006,0.0001308596156378205,0.011481778292457261,-0.043793,0.041962,0.085755,1.2606462541709913,-0.08777558055175776,2.33206925,2.4248072362662545,5.879690133049191,3.364258777181796,0.025635,4.9451,4.919465,-1.9848714829876428,0.12807673134896885
Run_2,53,1024,1024,0.021494470703125,0.005900187467662002,3.4812212153555755e-05,0.02228955995440589,-0.0036621,0.041656,0.0453181,1.1679117026633872,0.5404448262017932,0.0007502736328125002,0.00928158169655714,8.614775878986453e-05,0.009311856383877395,-0.048065,0.034485,0.08255,2.698467619616731,-0.40311259160405094,2.353732958984375,2.4268914004631124,5.889801869641807,3.3808077011050406,0.01709,4.95,4.932910000000001,-1.989377589886802,0.10931600343225431
Run_2,54,1024,1024,0.02107142099609375,0.004933349967961459,2.4337941906385334e-05,0.021641227430554993,0.005188,0.038147,0.032959,0.2397190844351793,-0.09585483159292717,-0.0002825279492187499,0.010187545098391182,0.0001037860751317542,0.010191461974311828,-0.058899,0.059662,0.118561,4.6013344686734685,0.2298587964614571,2.350120134765625,2.4263093209881674,5.886976921114062,3.377875303936612,0.024414,4.9475,4.923086,-1.988362922696254,0.11214723477793351
Run_2,55,1024,1024,0.0222647048828125,0.00583443831850145,3.404067049239803e-05,0.02301646701844427,0.0019836,0.040588,0.0386044,-0.006463483436170758,-0.025527956864582747,0.0016070887011718751,0.009883011728252237,9.767392082077127e-05,0.010012824522291677,-0.055695,0.056915,0.11261,4.870384566097311,0.19333429244167988,2.367954396484375,2.4265086416784216,5.887944188140059,3.390450148869577,0.023193,4.95,4.926807,-1.9915623939931346,0.0963800529645974
Run_2,56,1024,1024,0.021159322587890626,0.006151616685262726,3.7842387842402774e-05,0.022035410597963025,0.00091553,0.045013,0.04409747,0.506395612870258,-0.016748627531893868,-0.00022559817382812489,0.01487379431303745,0.00022122975726654518,0.014875505094032262,-0.097198,0.091705,0.188903,11.798301739225039,-0.1047053151972707,2.461326265625,2.4314233959318137,5.911819730284592,3.4597610778983134,0.01709,4.9487,4.93161,-2.001383702357799,0.020229811290454782
Run_2,57,1024,1024,0.021330864453125,0.006378007051533529,4.0678973949411415e-05,0.02226397880584248,-0.0018311,0.046387,0.0482181,1.0073686848062682,-0.2224544015244849,0.0005663917773437502,0.01275777036693329,0.00016276070473540116,0.012770336893788032,-0.085297,0.07431,0.159607,8.010826177816941,-0.07385697820537285,2.439005782226562,2.430500915692674,5.907334701182927,3.4432664588900947,0.020752,4.9475,4.926748,-1.999960023848796,0.03819573502809434
Run_2,58,1024,1024,0.02188876634765625,0.005738865412901696,3.293457622739935e-05,0.02262858078735138,-0.0027466,0.041351,0.0440976,1.4701862693719505,-0.4157226949176743,0.000892137314453125,0.010346743581493836,0.00010705510274118388,0.010385134170005871,-0.03952,0.04837,0.08789,2.4275345967360202,0.20794704558344254,2.4550662656249997,2.429323800945996,5.9016141298427005,3.4538333049602414,0.023193,4.9475,4.924307,-1.9998910783583674,0.025639791201747343
Run_2,59,1024,1024,0.021046254980468748,0.0057128231915870254,3.263634881833457e-05,0.02180782422712638,0.0065613,0.040894,0.0343327,-0.5341373736771744,-0.06663033022041116,-0.00042021164062500013,0.011010040733576223,0.00012122099695500767,0.011018056760514733,-0.080566,0.059357,0.139923,6.374052054328607,-0.16569612157725588,2.3949278232421873,2.4295146881951757,5.902541620156101,3.411483679969122,0.024414,4.9524,4.927986,-1.9963654910286825,0.0753844593780012
Run_2,60,1024,1024,0.021978010048828125,0.008623400408525985,7.436303460576612e-05,0.023609234640541744,-0.0079346,0.052948,0.0608826,0.6087188993751287,-0.09810753865662092,0.0016333205566406248,0.015059507187112854,0.00022678875671870371,0.015147821386570694,-0.062408,0.071411,0.133819,3.4236042452780504,0.6871953237368161,2.3362077509765626,2.424797652962302,5.879643657811487,3.367121962972897,-0.43579,4.9475,5.38329,-1.9848839522605621,0.12259736818024505
Run_2,61,1024,1024,0.0214278685546875,0.005718772476887818,3.270435864240963e-05,0.02217786981293233,0.0045776,0.046692,0.042114399999999996,0.8591612524638146,0.1428212057233811,0.00020131411132812507,0.01185262739771508,0.00014048477622906618,0.011854336911041714,-0.060883,0.061798,0.122681,5.213174689911166,-0.11832954310833847,2.3667498740234376,2.427603989561487,5.8932611301348485,3.390393206742369,0.025635,4.9487,4.923064999999999,-1.9914777939262858,0.09866644788815727
Run_2,62,1024,1024,0.021228641699218752,0.005641816529035164,3.1830093747294384e-05,0.021965548528117926,0.0035095,0.040283,0.0367735,0.5232226104287498,0.264328927686289,0.00037968128906250005,0.014780049933075317,0.0002184498760241997,0.014784925901250365,-0.096283,0.091553,0.187836,11.255678418364322,-0.2941364135330415,2.3327988193359372,2.426118534230287,5.886051142135715,3.3657096537923255,0.024414,4.9463,4.921886,-1.9857249223393925,0.125959720045261
Run_2,63,1024,1024,0.022068926757812503,0.005845668218701064,3.417183692313168e-05,0.022830010187576008,-0.0016785,0.041809,0.0434875,0.5356665128493225,0.04664538182342761,0.0014697040624999996,0.010557453690222028,0.00011145982842118273,0.010659261627923002,-0.047455,0.051575,0.09903,1.5935937622865204,-0.03212826699252889,2.4122332832031246,2.427477942521352,5.892649161427697,3.4222096040454075,0.01709,4.9487,4.93161,-1.9963378280801887,0.06131945528185453
Run_2,64,1024,1024,0.0212277512890625,0.006201434499389088,3.845778985021319e-05,0.022115044983913278,-0.00045776,0.043793,0.04425076,0.778568538579469,-0.00789206597132589,-0.0005581934667968749,0.01091436348171642,0.00011912333021102499,0.01092862800892224,-0.061188,0.053253,0.114441,4.862935420127367,0.11092902492078315,2.4545119531250004,2.431504620306674,5.912214718572702,3.4549737548360917,0.023193,4.9512,4.928007,-2.0016165336986953,0.025155906924866175
Run_2,65,1024,1024,0.0217112875,0.005510137433660982,3.0361614537832036e-05,0.02239958971600793,0.0012207,0.03891,0.0376893,0.5800324534835921,-0.2859181485066956,0.001237099375,0.01081043667520793,0.00011686554110868065,0.010880990578633273,-0.070801,0.056,0.126801,5.66341109233291,-0.045020102703224964,2.44476773828125,2.4293126985975984,5.901560187567546,3.446512655091863,0.025635,4.95,4.924365,-1.9991375256828383,0.033653019276669756
Run_2,66,1024,1024,0.021252905869140627,0.007118810042186584,5.0677456416736554e-05,0.022413466137554197,-0.00076294,0.048676,0.049438939999999994,1.0948413815936053,0.10850965056548384,0.00042677259765625013,0.0095776788972042,9.173193305795068e-05,0.00958718248016908,-0.040894,0.030975,0.071869,0.7469947801017596,-0.3066311755388246,2.4668262509765624,2.431190435489577,5.910686933615999,3.463512478124351,0.021973,4.9524,4.930427,-2.001738582818576,0.015453000901058027
Run_2,67,1024,1024,0.021167524804687497,0.004172762131959126,1.7411943809912073e-05,0.021574893978116617,0.0079346,0.036469,0.0285344,0.15729731306743178,0.015371967037307753,-8.493345703125023e-05,0.010013859522434023,0.00010027738253504256,0.010014219701362948,-0.060272,0.049896,0.110168,4.2624293701187375,-0.4026307354891134,2.3568665380859377,2.4273258155474915,5.891910614823296,3.3833017147710143,0.028076,4.9487,4.920623999999999,-1.990770133771837,0.1064677147805626
Run_2,68,1024,1024,0.0220911087890625,0.007184151401738855,5.1612031363106346e-05,0.02322991861572702,-0.0097656,0.048065,0.057830599999999996,3.023672828660467,-0.0003301880616002588,0.0015689458203125002,0.010734444748980923,0.00011522830406892412,0.010848497363967056,-0.074615,0.058899,0.133514,6.309914253090034,0.16138276092164733,2.3532942685546874,2.4277510260770736,5.8939750446182835,3.381119483104764,0.021973,4.9475,4.925527,-1.9899241716718519,0.1084923783607019
Run_2,69,1024,1024,0.021558553173828127,0.007611266591922465,5.7931379133315025e-05,0.022862690001005784,-0.0032043,0.055389,0.0585933,2.349297779551173,0.3411015426690087,2.5923339843749837e-05,0.011635435616979158,0.00013538336199686718,0.011635464495086383,-0.065613,0.082855,0.148468,8.759124322235966,0.21186273746367973,2.3593548310546875,2.4266817344561322,5.888784240343021,3.3845737485190233,-0.15259,4.9463,5.09889,-1.9899250837765374,0.10381640241792209
Run_2,70,1024,1024,0.02143873154296875,0.005248593655316078,2.7547735358624185e-05,0.0220718586786457,0.0050354,0.039215,0.0341796,0.22649263599189773,-0.07921948790673815,0.00041037371093749996,0.00937676028283961,8.792363340183838e-05,0.009385735985231366,-0.034943,0.042114,0.077057,1.9739882555321415,-0.1558448865620964,2.3330621123046877,2.4248365176261246,5.879832137213191,3.364968195553236,0.023193,4.95,4.926807,-1.9847008580714238,0.1263127286778464
Run_2,71,1024,1024,0.02154335751953125,0.006224381934273715,3.8742930463713e-05,0.022424521927525157,0.0022888,0.039673,0.0373842,-0.13447469148668922,-0.03919837758018658,0.0010032985546875003,0.010688011875809512,0.00011423359785744518,0.010734999107931178,-0.065918,0.053864,0.119782,4.817354459170235,-0.5965266992393464,2.457128694335937,2.430475946365634,5.907213325861923,3.4561097705933697,0.021973,4.9475,4.925527,-2.0010896743671456,0.02378428400963628
Run_2,72,1024,1024,0.020896041796875,0.004408952113639067,1.9438858740362395e-05,0.021356109699968987,0.0035095,0.034943,0.0314335,0.9140546608884086,-0.35268195205720526,-0.0002479520898437501,0.008876269175563146,7.878815447705247e-05,0.008879731680400616,-0.038452,0.047607,0.086059,3.245298591075442,0.20913925449854126,2.45290379296875,2.4306669505750325,5.908141824617727,3.4532417873902497,0.025635,4.9475,4.9218649999999995,-2.000965043574281,0.026559131079518628
Run_2,73,1024,1024,0.022022864999999996,0.005319548431252104,2.829759551243672e-05,0.022656217211190877,0.00045776,0.037079,0.03662124,0.6130554953666629,-0.21205262716137857,0.001444521708984375,0.009514207082903124,9.052013641636398e-05,0.009623241625569375,-0.045471,0.049591,0.09506200000000001,4.211537764806861,0.13738859329715428,2.4450497753906246,2.4286489627998478,5.898335784508777,3.446244940314969,0.019531,4.9487,4.929169,-1.9987743533973568,0.03433261039159271
Run_2,74,1024,1024,0.02134291845703125,0.006442854584986564,4.1510375203282384e-05,0.02229418182994764,0.0012207,0.045013,0.0437923,0.5135269927477331,-0.034040198632606336,9.178873046874992e-05,0.011267897146248025,0.0001269655060984244,0.01126827099733874,-0.09491,0.041656,0.136566,10.060637773637712,-1.4311284323450093,2.426187767578125,2.4312035510829912,5.910750706798547,3.434696171474891,0.025635,4.9475,4.9218649999999995,-2.0001167303024223,0.048279255192670165
Run_2,75,1024,1024,0.021521148144531252,0.0062163601879892585,3.8643133986817846e-05,0.022400958717110273,-0.0018311,0.044708,0.0465391,0.6607540573972663,-0.3745916262278266,0.00041811861328125,0.012995502054086486,0.00016888307363776607,0.013002226609797964,-0.099182,0.065765,0.164947,10.328450323059187,-0.3315514900587911,2.34574694140625,2.4257253106700456,5.88414328282529,3.3744143189510774,0.018311,4.9475,4.929189,-1.9876135394248347,0.11506543530711408
Run_2,76,1024,1024,0.022560795546874998,0.009558887158610745,9.137232371105341e-05,0.02450228192268933,-0.016479,0.081177,0.09765599999999999,5.509886906783367,0.22104913077405758,0.0005967838574218749,0.012896980637425604,0.00016633210956213093,0.012910780787179768,-0.059967,0.042877,0.10284399999999999,1.6646767978119774,-0.29870246171609627,2.3527284169921874,2.427181696301287,5.891210986859993,3.380316847720426,0.020752,4.9487,4.927948,-1.9897332162264958,0.11003015350647569
Run_2,77,1024,1024,0.020175413017578126,0.006876547078812731,4.7286899727127905e-05,0.02131511647064094,-0.0068665,0.043182,0.050048499999999996,1.6063283683961904,-0.8151924541675387,5.200999023437507e-05,0.012236668566249147,0.00014973605760022998,0.012236779095796171,-0.055237,0.063324,0.118561,3.747119413188554,0.6757827048305015,2.361894041992188,2.426988883152268,5.890275038944694,3.3865644102161836,0.019531,4.9475,4.927969,-1.9904442029581502,0.10185487282166111
Run_2,78,1024,1024,0.0217652197265625,0.006441604345595653,4.1494266545196796e-05,0.022698437309443622,0.002594,0.048523,0.045929,1.0695694210218747,0.3870487783456638,0.000782604287109375,0.011454812699931295,0.0001312127339905073,0.011481515730107646,-0.058899,0.067444,0.126343,5.076303389255512,0.749139438840584,2.390578897460937,2.427365028718356,5.892100982644865,3.4069001229314626,0.021973,4.9487,4.926727,-1.9948494753485828,0.0784381385741556
Run_2,79,1024,1024,0.02165048580078125,0.006192618625243764,3.834852543771597e-05,0.022518704688492777,-0.0010681,0.041199,0.0422671,0.8447848894791314,-0.3644806101997331,0.0007507156640624999,0.0109978889131885,0.00012095356054683453,0.011023481054326864,-0.062866,0.057068,0.11993400000000001,3.9752915860194156,-0.26561254435535986,2.4638552675781247,2.431447861867077,5.911938704977981,3.4615778894241935,0.021973,4.9451,4.923127,-2.0019177465987914,0.017633213856153195
Run_2,80,1024,1024,0.021208787890625,0.005160348381465688,2.662919541809555e-05,0.02182754863028868,0.007019,0.03479,0.027771,-0.328320782338992,-0.11005669291700633,0.00036373843750000005,0.009327040981191342,8.699369346482275e-05,0.00933413087093478,-0.055084,0.050354,0.105438,3.406442222257817,-0.023012444790372084,2.4607019824218748,2.4305413683065225,5.907531343049342,3.4586970941879676,0.026855,4.9536,4.9267449999999995,-2.000872166940554,0.020259723916022737
Run_2,81,1024,1024,0.021944489550781248,0.006239126720402498,3.892670223324043e-05,0.0228141912825677,0.0013733,0.0383,0.0369267,0.3444970787531423,-0.1166220251515897,0.0013421495312499999,0.010568981219739,0.00011170336402319567,0.010653859835169144,-0.050201,0.047302,0.097503,1.3508704755439442,-0.12802027193244456,2.4573147431640625,2.4301097717713094,5.905433502858406,3.455984555785785,0.019531,4.9487,4.929169,-2.0006786001716654,0.02258146567507851
Run_2,82,1024,1024,0.020828383242187498,0.006152040292342652,3.784759975860746e-05,0.021717945304334033,-0.0083923,0.041351,0.0497433,2.1386211754556648,-0.3748530939673913,-0.00026077128906249977,0.01003996893906741,0.00010080097629743837,0.010043354915696133,-0.041351,0.037231,0.078582,0.9477992479377475,0.30644191178049757,2.391726369140625,2.4288714133869216,5.899416342768182,3.4087785741539123,0.019531,4.95,4.930469,-1.9956173286737813,0.07701268292436429
Run_2,83,1024,1024,0.021657637568359374,0.0056865910227692044,3.23373174602393e-05,0.02239175255540867,-0.0018311,0.03891,0.0407411,1.1242785021967352,-0.4854731358296052,0.000930870517578125,0.011322507197572974,0.00012819916923909183,0.011360708127559127,-0.058899,0.063324,0.122223,4.060421764009206,0.2779906395967068,2.33341745703125,2.425224489471503,5.881713824332312,3.365494146943432,-0.095215,4.9512,5.046415,-1.9845457701633993,0.12565085754465466
Run_2,84,1024,1024,0.021798903867187497,0.007677169541973675,5.893893217620829e-05,0.023111277376793575,-0.010223,0.057831,0.068054,3.4241328895362004,0.3614350923562309,0.0005873977734375003,0.009287717067579858,8.626168832741418e-05,0.00930627339334352,-0.038757,0.041351,0.080108,2.531084406579857,0.1858314379813759,2.364427595703125,2.4286164191262594,5.898177711249655,3.3894978339825084,0.026855,4.9463,4.919445,-1.9925272692972844,0.09935799077558935
Run_2,85,1024,1024,0.0212386126953125,0.00545457953978443,2.9752437955834923e-05,0.02192786143647675,0.0045776,0.044098,0.0395204,1.3178729421956934,0.357206528833419,-9.863908203124988e-05,0.00966442803251918,9.340116919574252e-05,0.00966493139469942,-0.032196,0.041962,0.074158,1.70834388828316,0.08230587839103744,2.355123927734375,2.4259817124872134,5.885387269322392,3.3811234796010305,0.023193,4.95,4.926807,-1.9887650713704743,0.10704396038646248
Run_2,86,1024,1024,0.02202853056640625,0.005840919793337386,3.4116344032200457e-05,0.022789745565655068,0.0010681,0.045776,0.044707899999999995,0.7260556627299146,-0.03314335944347847,0.0012078958398437502,0.009121958183795503,8.321012110691375e-05,0.009201583204363562,-0.045013,0.03891,0.083923,1.6562670411352398,-0.041944671897801315,2.4284014843749997,2.4280462405549343,5.895408546272949,3.434027127963268,0.023193,4.9475,4.924307,-1.9977341061942373,0.046988235780943896
Run_2,87,1024,1024,0.02143501279296875,0.005378121320535712,2.8924188938400796e-05,0.02209941090556793,0.0041199,0.0383,0.0341801,0.1256265082385113,-0.023033720693765202,-6.645535156250005e-05,0.009265552193432875,8.585045744922878e-05,0.009265790509340262,-0.065308,0.077209,0.142517,12.293665033237534,-0.23102627680306417,2.4694704501953124,2.429626613480721,5.903085480933797,3.4642993209769903,0.01709,4.9463,4.92921,-2.000355963818622,0.01423337536792938
Run_2,88,1024,1024,0.021152200839843753,0.005481169544679524,3.004321957752234e-05,0.021850831104253426,0.00045776,0.038452,0.03799424,0.4544766185162561,-0.2827547107888623,0.0007700879296875,0.010334936312225398,0.0001068109085777551,0.010363587409637913,-0.053101,0.052338,0.105439,2.644500164776015,0.45421838180436985,2.452899958984375,2.4285842237320154,5.898021331760035,3.451773390671175,0.014648,4.95,4.935352,-1.9988060143625184,0.027065619676571204
Run_2,89,1024,1024,0.02202063037109375,0.0058255702744155246,3.393726902215377e-05,0.022778178833315236,0.0019836,0.042725,0.0407414,0.4923353362012115,-0.1646704770631072,0.0008794593066406249,0.009431972706394993,8.896210913418009e-05,0.009472885400247218,-0.032959,0.037537,0.070496,1.2851806268994501,-0.15150365769309476,2.4472547236328124,2.4289495425899914,5.899795880448128,3.4480213982501966,0.023193,4.9487,4.925507,-1.9990037096396625,0.03175240529882394
Run_2,90,1024,1024,0.020682822470703126,0.006492379888948377,4.215099662242134e-05,0.02167787217364849,-0.0048828,0.040894,0.0457768,1.1744157268783635,-0.28434855163495315,-0.0003153184472656248,0.011876107678916628,0.0001410419336012225,0.011880292897248304,-0.053558,0.049896,0.103454,3.695652096252906,0.21974355906261825,2.3575965888671875,2.4268910863721302,5.8898003451125,3.3834984883919628,0.025635,4.95,4.924365,-1.9899413252527394,0.10631235698315926
Run_2,91,1024,1024,0.02204908271484375,0.004382941913606753,1.921017981805083e-05,0.022480485501520476,0.007782,0.036163,0.028381,0.16622682950442158,0.020442580186701434,0.0011816646484375,0.008973482646650016,8.052339080972898e-05,0.009050951450046339,-0.037231,0.041962,0.079193,1.5633038255853657,0.11229467610266745,2.33478302734375,2.4245558988821623,5.878471306804291,3.3659594607744068,0.024414,4.9512,4.926786,-1.9847935206776162,0.12458728239046041
Run_2,92,1024,1024,0.02133741494140625,0.0056290482823927864,3.168618456550918e-05,0.022067429867278516,0.0032043,0.039673,0.0364687,0.09719124285665348,-0.19703252991691486,0.00030293785156250007,0.012609557118957558,0.00015900093073625322,0.012613195553790582,-0.072021,0.057068,0.129089,4.1095335852114845,-0.4451393617882966,2.3699755009765626,2.4270471887481557,5.890558056410326,3.3922473276044354,0.020752,4.9451,4.924348,-1.9914218992259014,0.09523471335764892
Run_2,93,1024,1024,0.021271250576171873,0.009225433754154485,8.510862795229292e-05,0.023185657830361105,-0.014038,0.061798,0.075836,2.911185976195081,0.29340769558459223,0.00026122897460937493,0.010609937757607116,0.00011257077922029711,0.010613153150570879,-0.038452,0.042877,0.081329,1.0546049824752455,0.39635029260057225,2.373526234375,2.4253613725602428,5.8823777875073056,3.393523916634989,0.020752,4.95,4.929248,-1.9908396007637337,0.09310689580719722
Run_2,94,1024,1024,0.02227842333984375,0.005477276594156864,3.0000558888898615e-05,0.02294185488137769,0.0054932,0.043182,0.037688799999999995,0.5991897255551715,0.21068203953225637,0.0014592723339843748,0.010587576613350042,0.00011209677854355676,0.010687668327951094,-0.062256,0.072479,0.134735,5.661941788404845,0.28837797854642866,2.4541629228515625,2.4311821397952547,5.910646596859433,3.4544988419101776,0.023193,4.9451,4.921907,-2.0014414128214204,0.02524331877405595
Run_2,95,1024,1024,0.020913778613281253,0.0062364735092411356,3.889360183146644e-05,0.02182383416626892,0.0022888,0.040131,0.0378422,0.08943612178588722,0.08727370349775455,-0.000357329482421875,0.012464030572771907,0.00015535205811899279,0.012469151634253257,-0.058899,0.078125,0.137024,3.480972494786802,0.23484072832825015,2.465520525390625,2.4299770020091818,5.904788230293532,3.4617307364114844,0.023193,4.9487,4.925507,-2.0003321883444922,0.017101948872159923
Run_2,96,1024,1024,0.02178428935546875,0.004726332066516529,2.23382148029824e-05,0.02229110758858275,0.0050354,0.041656,0.036620599999999996,0.5905090245226292,0.14866124822012222,0.0009749770410156248,0.009563388728336395,9.145840396927163e-05,0.009612959180178557,-0.049591,0.048523,0.098114,3.8650938422810466,0.26832280709913164,2.4475903701171875,2.4301477039389354,5.90561786295968,3.4491037216717726,0.026855,4.9475,4.9206449999999995,-2.000211613781431,0.030699140477884322
Run_2,97,1024,1024,0.021375417724609373,0.005446347361847133,2.966269958589922e-05,0.022058358562854215,0.00061035,0.039673,0.03906265,0.5617991689305919,-0.290765954766922,0.000324249033203125,0.009978537242674623,9.957120550344446e-05,0.009983804031479065,-0.04776,0.052948,0.10070799999999999,2.4485933794721433,0.36161615231171707,2.410958986328125,2.428422259940206,5.897234672573098,3.4219815759774974,0.025635,4.9524,4.926765,-1.9967291332122508,0.06163381488959368
Run_2,98,1024,1024,0.02111569236328125,0.006273978149187026,3.936280181647626e-05,0.02202805633271375,-0.0033569,0.042725,0.0460819,0.8350268823000246,-0.27755568643148265,-0.00021248658203125025,0.011636611513908587,0.0001354107275256299,0.01163855137348172,-0.077362,0.059052,0.136414,5.853803680813697,-0.37546086229337416,2.3463602734375,2.425305051627439,5.882104593449574,3.3745386538333313,0.018311,4.9438,4.925489000000001,-1.9871662688403227,0.1157025050456206
Run_2,99,1024,1024,0.022137301005859374,0.006355836445800373,4.0396656925764326e-05,0.023031646765912916,0.00015259,0.039978,0.03982541,0.40624563468930397,-0.11106555438362706,0.001510086513671875,0.010900778668148222,0.00011882697557195532,0.011004877866234091,-0.066833,0.054626,0.12145900000000001,3.518621268725438,-0.11508562010544109,2.3398009101562502,2.425837652221701,5.884688314936495,3.3703644630966116,0.023193,4.9512,4.928007,-1.9859660389373945,0.12049119671804562
Run_2,100,1024,1024,0.021259640771484376,0.005321196182584793,2.8315128813554972e-05,0.021915461540796162,0.00061035,0.039825,0.03921465,0.3493505643484869,0.05786752376942102,-8.34426562500001e-05,0.010428621251086036,0.00010875614119860329,0.010428955071122195,-0.047302,0.049133,0.09643499999999999,1.9407111374543868,-0.17301270049989856,2.3572624726562497,2.4279186374540713,5.894788910096834,3.3840028479731354,0.018311,4.9475,4.929189,-1.990959681904972,0.10599050697259718
Run_2,101,1024,1024,0.021742156865234376,0.009620216831872157,9.254857189223638e-05,0.023775406558978012,-0.03006,0.062561,0.09262100000000001,4.4576635238862705,-0.7133165072295224,0.0007745557910156249,0.012998251278748653,0.00016895453630549098,0.013021308420388745,-0.035553,0.067596,0.103149,1.9298102436877853,0.7555147686654295,2.396930971679687,2.428793598518563,5.899038344204749,3.4123769468219773,-0.059814,4.9487,5.008514,-1.9963037101480032,0.07348788654444073
Run_2,102,1024,1024,0.021365124121093752,0.005422399877340245,2.9402420429779503e-05,0.02204248055776667,0.005188,0.042267,0.037079,0.49963189661266627,0.124887949430808,0.00058233744140625,0.01012588308643189,0.0001025335082800874,0.010142614316622268,-0.054169,0.034943,0.089112,1.6381150114528795,-0.16693089620821783,2.4541938935546876,2.429213151345904,5.901076534671899,3.4531354160868086,0.023193,4.9536,4.930407,-1.9994456017743862,0.02570491475842719
Run_2,103,1024,1024,0.02096071259765625,0.005295548178484627,2.8042830510651848e-05,0.02161930394606166,0.0050354,0.041504,0.0364686,0.5489482970598965,0.34392554011873816,-0.00046744174804687507,0.009974882412228464,9.949827913778473e-05,0.009985829005425731,-0.059662,0.042419,0.102081,4.2419830384996615,-0.5455123165827527,2.4515087285156247,2.4308339646467245,5.908953763680113,3.452368579637523,0.028076,4.9487,4.920623999999999,-2.001463692474916,0.028083397160688417
Run_2,104,1024,1024,0.022118385546875,0.005516358465290674,3.0430210717584076e-05,0.02279590291955537,0.0048828,0.041962,0.0370792,-0.027229773697061255,0.1345583118027115,0.00166474591796875,0.009502874274055611,9.030461946850796e-05,0.009647590291876078,-0.039215,0.032196,0.071411,1.1802957313911682,0.17900730178544272,2.4487574804687497,2.431165381228162,5.910565110882274,3.450648969256933,0.019531,4.9463,4.926769,-2.001061771480546,0.030049116473180773
Run_2,105,1024,1024,0.02137883037109375,0.005381246201901013,2.8957810685474084e-05,0.02204568435593403,0.0061035,0.045776,0.0396725,0.6821983392226807,0.33379760112054857,0.0001768746875,0.010493748321643567,0.00011011875383799717,0.010495238848786406,-0.070496,0.075836,0.14633200000000002,9.145540902850207,-0.31136554891329166,2.36189771875,2.4274565338414695,5.892545223689641,3.38690213285328,0.019531,4.9463,4.926769,-1.990867481587285,0.10369445553633606
Run_2,106,1024,1024,0.02154156845703125,0.005757886808999051,3.315326050524528e-05,0.022297812271481008,0.0013733,0.037842,0.0364687,0.3629967989835339,-0.24019463366967678,0.0003886190332031249,0.008641829387241545,7.468121515819155e-05,0.008650562982324287,-0.034485,0.042419,0.076904,2.5061356965466715,0.4127727864423424,2.3433974873046877,2.4268569745722406,5.889634775029929,3.3735954942073083,0.019531,4.95,4.930469,-1.988265525026336,0.11719629245738794
Run_2,107,1024,1024,0.02187324990234375,0.005877624957125206,3.4546475136621085e-05,0.02264918401238777,0.0018311,0.04303,0.0411989,0.7073300536903888,-0.28212217416125723,0.001062892119140625,0.010501630775555687,0.00011028424894609833,0.010555282497547358,-0.061035,0.042572,0.103607,2.8091588405455585,-0.45830434089583094,2.3591861289062503,2.4262650599162683,5.886762140970493,3.3841574035192497,0.026855,4.9487,4.921844999999999,-1.989907041049786,0.10385989847166531
Run_2,108,1024,1024,0.02093610361328125,0.00516465959175507,2.6673708698707646e-05,0.02156372285123225,0.0019836,0.039368,0.0373844,1.0719181051324211,0.25379632896350085,-0.0005729507128906249,0.011039339962936847,0.00012186702681729451,0.01105419826747722,-0.054016,0.049744,0.10375999999999999,4.260149275093782,0.13271420475631937,2.3606390175781247,2.4268786548457615,5.889740005345972,3.385610222198974,0.019531,4.9475,4.927969,-1.9907848709962186,0.10249821700435131
Run_2,109,1024,1024,0.0219836890625,0.007478139831226366,5.592257533537431e-05,0.023220791548352875,-0.00091553,0.047302,0.048217529999999995,0.8132178827198966,0.049260285209767746,0.0012309812792968753,0.009752011603137736,9.510173030773304e-05,0.009829396991561202,-0.043488,0.038452,0.08194,0.8256908339830566,-0.11124446880638547,2.4503984824218747,2.429866967669041,5.90425348056914,3.450899332525446,-0.084229,4.9451,5.029329,-1.999888825092102,0.028971260107125592
Run_2,110,1024,1024,0.021294211093749998,0.005943410386916933,3.5324127027312086e-05,0.022108087957408203,-0.0018311,0.041656,0.0434871,0.747741575036768,-0.18305281644301713,0.00037596067382812513,0.011208773342573704,0.00012563659984519087,0.011215076739525955,-0.062714,0.048218,0.110932,3.063506006612096,-0.23620531665672592,2.465259194335937,2.431349754170369,5.9114616271043126,3.4625084147713183,0.018311,4.9548,4.936489,-2.0019482068895846,0.01675672209653915
Run_2,111,1024,1024,0.021018521875,0.004924203405629155,2.4247779180009766e-05,0.02158763629927703,0.002594,0.037537,0.034943,0.5153745483540502,0.011219553907869757,0.00016719543945312501,0.009905937054495145,9.812758892761993e-05,0.009907347941936522,-0.042877,0.037689,0.080566,1.3653296058023505,0.07768337935615749,2.458516302734375,2.429742152234735,5.903646926346283,3.4565805845021154,0.01709,4.9548,4.93771,-1.999994425252369,0.02271845196813646
Run_2,112,1024,1024,0.022104230361328123,0.006140636881717049,3.770742131310368e-05,0.02294132561949644,-0.0047302,0.039368,0.044098200000000004,0.9480136348250392,-0.3245267519322981,0.001340658056640625,0.0104129783099124,0.00010843011728270609,0.010498927626550318,-0.046844,0.050201,0.09704499999999999,2.521984446192323,0.15489691097388156,2.414593818359375,2.427756879011243,5.894003463586411,3.4240716656118217,0.020752,4.9524,4.931648,-1.996377409482294,0.058707245998232446
Run_2,113,1024,1024,0.02127394978515625,0.006391079090828478,4.084589194522496e-05,0.022213212991518686,-0.0030518,0.042267,0.0453188,0.6063458372041999,-0.2870922399172807,-0.00035896651367187506,0.010289420775514722,0.00010587217989559399,0.0102956804949227,-0.040283,0.041351,0.081634,1.6639426431042494,-0.14564645418480202,2.3572390595703125,2.427504355306053,5.8927773950298565,3.3836893147855327,0.021973,4.9463,4.924327,-1.9908217427106194,0.10587957781048417
Run_2,114,1024,1024,0.021673575654296874,0.005543569813275392,3.073116627465817e-05,0.02237129964747664,-0.0013733,0.040741,0.0421143,0.741231761197001,-0.0711541784216306,0.0004993354589843749,0.010078230653697761,0.00010157073310913319,0.010090593095043142,-0.06485,0.054932,0.119782,4.743774890439131,0.05711875088937828,2.3313657158203123,2.4271617241225747,5.891114035045669,3.365468783980625,0.020752,4.95,4.929248,-1.9862098746917998,0.12715436117866938
Run_2,115,1024,1024,0.02158551140625,0.007043145998567534,4.960590555713787e-05,0.02270551052556376,-0.0082397,0.04303,0.0512697,0.721120386133868,-0.2708781262411759,0.0010341437207031252,0.013117917606313511,0.00017207976232603,0.01315861753988996,-0.048065,0.057526,0.10559099999999999,1.6136735447511832,0.10149719712602277,2.3689797373046875,2.428913798105409,5.8996222386268435,3.392887742673935,0.025635,4.9475,4.9218649999999995,-1.9933450738509626,0.095403209940067
Run_2,116,1024,1024,0.020890064550781247,0.005386548986482222,2.901490998377265e-05,0.021573356412936305,0.0035095,0.040436,0.0369265,0.6673879179129765,-0.2182019230494357,-0.00014618973632812507,0.014628553288124577,0.0002139945713035004,0.01462928373990019,-0.083313,0.069275,0.152588,4.7891028068123696,-0.36893475605923914,2.3993998222656248,2.427905034896808,5.894722858477271,3.4134795100550384,0.023193,4.9536,4.930407,-1.995948538682725,0.06980802540270054
Run_2,117,1024,1024,0.022093634179687502,0.008531021191188471,7.277832256450675e-05,0.023683475121492676,-0.010986,0.055084,0.06607,2.09238860324618,0.004384911781360078,0.001495177490234375,0.011492949371916259,0.00013208788526543032,0.011589799005709025,-0.039825,0.054169,0.093994,1.4850285656493627,0.41525304946838676,2.4456122275390624,2.4301684957447214,5.905718917710162,3.447714907761188,0.026855,4.9475,4.9206449999999995,-2.000128070421902,0.03267088912264203
Run_2,118,1024,1024,0.021247263007812496,0.006029171516174777,3.635090917145326e-05,0.022086129006564523,-0.0015259,0.036774,0.0382999,0.44935306579982326,-0.3476993573116408,-0.00011012150390625009,0.01122444791488637,0.00012598823099399696,0.01122498809529968,-0.043182,0.050659,0.09384100000000001,2.9442614985595803,0.4401546418633966,2.4741213662109374,2.4302532605693323,5.906130910507871,3.4680552828998192,0.025635,4.95,4.924365,-2.0013947589687024,0.009170384108343935
Run_2,119,1024,1024,0.0218327216796875,0.0053414612333299505,2.8531208107166714e-05,0.022476631065394638,0.0057983,0.037842,0.0320437,0.030300334538539975,0.2149602363991509,0.0004656659960937501,0.009225403414139237,8.51080681536119e-05,0.009237148530446498,-0.043793,0.041656,0.085449,1.9340627479322947,0.20201822858343885,2.4481112109375,2.4308238083677214,5.908904387327352,3.449949693610796,0.021973,4.95,4.928027,-2.000801244991343,0.030643925068281445
Run_2,120,1024,1024,0.0219431484375,0.006775939138858406,4.591335121351319e-05,0.0229655201239526,-0.014801,0.04837,0.063171,2.061416792370868,-0.2702223207296549,0.00088706888671875,0.011748922979088304,0.00013803719116854918,0.011782363191581458,-0.067139,0.067596,0.134735,3.776803981963419,0.14792372812939697,2.378770587890625,2.4294114376520066,5.90203993339439,3.400086681719732,0.021973,4.9512,4.929227,-1.9946401656444377,0.0878347476399923
Run_2,121,1024,1024,0.020767881640625,0.004651122713581296,2.163294249679184e-05,0.021282336580737575,0.0045776,0.040436,0.0358584,0.6943699578322029,0.03918718441235943,-0.00056684123046875,0.007834505383437464,6.13794746031106e-05,0.007854984632936587,-0.034332,0.029449,0.063781,1.6153868375040297,-0.25837542592396656,2.3571344091796878,2.426838441016513,5.889544818795459,3.3831386967924226,0.021973,4.9475,4.925527,-1.9900291295704402,0.1051961641916955
Run_2,122,1024,1024,0.02186834208984375,0.005050097149384225,2.550348121821868e-05,0.022443882618135624,0.0076294,0.038452,0.0308226,-0.29120496085168046,0.13780353713846416,0.0010965819824218747,0.008989025301651278,8.080257587372684e-05,0.009055664962767733,-0.028381,0.036774,0.065155,0.42621272194880033,-0.07751422051547599,2.3392267470703128,2.425072745306039,5.8809778200261675,3.3694153193447853,0.026855,4.9463,4.919445,-1.9862464484050846,0.12095857951850793
Run_2,123,1024,1024,0.021442175390625,0.006305687694777022,3.976169730406235e-05,0.0223501360798181,0.0057983,0.041351,0.0355527,-0.0014151897822154424,0.3027133867637943,0.0002786447558593751,0.008885857005600574,7.895845472398081e-05,0.0088902248353992,-0.053711,0.044861,0.09857199999999999,2.902747728881093,-0.23322526904849303,2.367477521484375,2.4256483578512293,5.8837699559463665,3.3895014044369662,0.023193,4.9463,4.923107,-1.989842010837654,0.0983275698158752
Run_2,124,1024,1024,0.0211126865234375,0.005496561400155351,3.021218722567776e-05,0.02181645524512672,0.0021362,0.041504,0.0393678,0.1498034917943074,0.2043430107789419,0.0003486849609374999,0.009665006592840664,9.341235243965352e-05,0.009671294310568648,-0.05127,0.043182,0.09445200000000001,2.4208694428092468,0.20042622700725743,2.4217950839843745,2.42855434896144,5.897876225859522,3.429718305440027,0.023193,4.9475,4.924307,-1.9977642472179915,0.0532389287606643
Run_2,125,1024,1024,0.02237125783203125,0.010098224020562556,0.0001019741283694666,0.02454480200280064,-0.033569,0.070648,0.104217,5.129290015310366,-0.7152834309122315,0.0009639582226562498,0.012436327942655681,0.00015466225269727848,0.012473630912942112,-0.042877,0.050964,0.09384100000000001,0.7813011868471293,0.03978210738122195,2.456329169921875,2.4301150196808625,5.90545900887852,3.45528754228756,0.023193,4.9487,4.925507,-2.0005627436289144,0.02383508822738732
Run_2,126,1024,1024,0.020758345654296878,0.005927891300451528,3.513989526996891e-05,0.021588163645230106,-0.0030518,0.038452,0.0415038,0.6217078995542584,-0.185849809918955,-2.607465820312507e-05,0.012049144156452276,0.00014518187490296803,0.012049172369535115,-0.068207,0.045624,0.113831,3.0269472839722145,-0.5203703221050101,2.4618230556640626,2.429925965895368,5.904540199732537,3.4590624390333975,0.021973,4.9463,4.924327,-2.0006689438360308,0.020409989852071233
Run_2,127,1024,1024,0.021894255781249997,0.005582580792496229,3.116520830474783e-05,0.022594770291364922,-0.0039673,0.040588,0.0445553,0.9898065955121176,-0.332464073089512,0.0009478656249999999,0.010757036995315173,0.00011571384491857928,0.01079871724611937,-0.067749,0.059204,0.126953,5.671850171343148,-0.22312446930979515,2.4317724423828126,2.4290786588497175,5.900423130879143,3.4371413038179868,0.024414,4.9487,4.9242859999999995,-1.9987649282971853,0.04352614912041559
Run_2,128,1024,1024,0.021696399609375,0.005670105482692816,3.215009618486313e-05,0.022425071955169972,0.0047302,0.042419,0.037688799999999995,-0.059584371770244005,0.064878553956757,0.0006642979687500001,0.011594626748384036,0.00013443536943434254,0.01161364117000469,-0.058594,0.072174,0.130768,3.9195423221348893,0.02261946357934411,2.3519755791015626,2.426753208028431,5.889131132676282,3.379485205969455,0.020752,4.95,4.929248,-1.9889565259497481,0.10962395175300757
Run_2,129,1024,1024,0.02091733783203125,0.005870230891992804,3.4459610725306634e-05,0.021725437457152212,-0.0028992,0.0354,0.0382992,0.8298047731015528,-0.6149600793370558,-0.00011593656249999989,0.011096781481733629,0.0001231385592533464,0.011097387104173248,-0.063782,0.06424,0.12802200000000002,4.088045816913563,-0.1348413605618528,2.356648465820313,2.426385887715096,5.887348476102973,3.3824754940067496,0.026855,4.9512,4.924345,-1.9893493854622686,0.10665063268208355
Run_3,0,1024,1024,0.021473617861328127,0.02191170810374172,0.00048012295202358045,0.030679622163219854,-0.049286,0.085449,0.134735,-0.06940276403887724,0.02927591326602561,0.0007384954882812499,0.011210780764239132,0.00012568160534383413,0.011235078145257643,-0.034027,0.035248,0.069275,0.1012685582721673,-0.03462284068702582,2.310246869140625,2.4213882219053295,5.863120921181854,3.346694117716155,0.019531,4.9438,4.924269000000001,-1.978541148344124,0.1440403744946352
Run_3,1,1024,1024,0.021368696787109374,0.04075515194247392,0.0016609824098541357,0.0460174272665645,-0.12802,0.19058,0.3186,2.0483055482552786,0.2570819818121136,0.00092387455078125,0.012580384449463619,0.00015826607289630605,0.012614262447003682,-0.062714,0.045166,0.10788,1.906682476592847,-0.23567817124384507,2.524197111328125,2.425760077383966,5.884311953029864,3.500840329102016,-0.025635,4.9451,4.970735,-1.997893946936053,-0.033064763570134485
Run_3,2,1024,1024,0.021614750029296876,0.049265666341629585,0.0024271058800847743,0.05379872952880731,-0.087585,0.14648,0.234065,-0.8430911933966994,0.13118314724184987,0.0010538100195312502,0.02173292349173502,0.00047231996349760783,0.02175845764420981,-0.053406,0.052338,0.105744,-0.6707544765437707,-0.08291670518723408,2.2793467939453125,2.4215745620786158,5.8640233597062394,3.3255744115528394,0.010986,4.9475,4.936514,-1.973155964832579,0.16875415107875982
Run_3,3,1024,1024,0.02185818828125,0.04238090489550441,0.00179614109976179,0.04768565292307913,-0.12024,0.14694,0.26718,0.23585282471655855,-0.14242959466732039,0.0003293076269531252,0.021010203760713997,0.0004414286620667206,0.021012784336681564,-0.048676,0.072327,0.121003,0.26076998746536706,0.3295367784076188,2.457555518847656,2.4300236465256155,5.90501492267365,3.4560952028108574,-0.0012207,4.9451,4.9463207,-2.0009300352194033,0.021473154488380542
Run_3,4,1024,1024,0.021618898876953126,0.02113253672526465,0.00044658410844465916,0.030231786204202096,-0.059509,0.099335,0.158844,0.7459175859505662,-0.012148663495925522,0.000708236533203125,0.010466914431336353,0.00010955629771291719,0.01049084823548033,-0.032654,0.037231,0.069885,0.30371627327069595,0.11833466772662965,2.399187155273437,2.426711993775711,5.888931100734887,3.412481517424517,0.023193,4.9463,4.923107,-1.995209352432193,0.07020443378645755
Run_3,5,1024,1024,0.022086669091796875,0.041114535677808206,0.0016904050440017637,0.0466714687531076,-0.11124,0.17792,0.28916,1.5769169151597895,0.17267508568736556,0.0008262651660156251,0.01196128372902346,0.00014307230844620133,0.011989788262132579,-0.032349,0.038147,0.070496,0.05757460585056551,0.003315586326480744,2.3524679599609377,2.4259383028590022,5.885176649278415,3.3792428370747776,-0.57739,4.9463,5.52369,-1.9893126474256,0.1065778563851393
Run_3,6,1024,1024,0.022062490253906247,0.04677271312381318,0.0021876866929625262,0.05171498979180248,-0.078735,0.16525,0.243985,-0.2405235553520595,0.46634363772053583,0.000613322978515625,0.019153519259679973,0.0003668573000309317,0.019163336481597012,-0.057526,0.057831,0.115357,-0.021811247644643483,0.11427208338425614,2.5023220166015623,2.426938957027255,5.89003270113654,3.485921424229962,0.023193,4.95,4.926807,-1.9985130127579271,-0.016196789309175605
Run_3,7,1024,1024,0.020927065087890624,0.03917947146342117,0.0015350309841530338,0.044418161120715526,-0.11765,0.17532,0.29297,1.388596884980477,0.32841836928598817,0.0009381841894531248,0.021334675230950437,0.00045516836721013,0.021355293413659056,-0.06897,0.071411,0.140381,0.3871150648212871,0.11295547566168142,2.25828978515625,2.418451828038702,5.848909244543741,3.3088943770215455,0.024414,4.9438,4.919386,-1.9660662203483785,0.18595570014556503
Run_3,8,1024,1024,0.021647525898437502,0.02623117730230654,0.0006880746626650418,0.034010146135948376,-0.063629,0.1181,0.181729,0.17030768913523175,-0.01584082196091951,0.0008733550683593749,0.011260726853530939,0.00012680396926983278,0.01129454374223509,-0.035706,0.044098,0.079804,0.3058623986945208,0.11234346821606112,2.5090479609375,2.4293791054584672,5.901882838038183,3.492449642918679,0.018311,4.9451,4.926789,-2.000575684548097,-0.02119740626181493
Run_3,9,1024,1024,0.021302664677734374,0.03938678555115484,0.0015513188760526593,0.04477859308223798,-0.12665,0.19455,0.32120000000000004,2.8332807108907287,0.29408341609588184,0.0010625982617187499,0.012663230499371927,0.00016035740668022337,0.01270773472126449,-0.038757,0.039673,0.07843,0.531510672076863,0.09717568330631024,2.369009142578125,2.4257177617556627,5.8841066596969025,3.3906210312147307,0.021973,4.9463,4.924327,-1.991769211470295,0.09463820656419124
Run_3,10,1024,1024,0.021832133398437502,0.05037854971405113,0.0025379982712911216,0.054905740319371815,-0.10254,0.15381,0.25635,-0.6612301857849574,0.21802746060837946,0.0006535654101562499,0.022335433949705087,0.0004988716097216385,0.02234499401358146,-0.049286,0.068054,0.11734,-0.5395583143453098,0.3340196530022004,2.3888241757812496,2.4265268385153274,5.888032498035189,3.405071723302192,0.021973,4.9475,4.925527,-1.993875022708875,0.07809899736701918
Run_3,11,1024,1024,0.021865069042968747,0.03742139121986881,0.0014003605208304745,0.04334099404817874,-0.089111,0.15671,0.24582099999999998,0.7064356077387632,0.15934402360117786,0.0005011309179687498,0.018939556923527792,0.0003587068164595496,0.018946185596486004,-0.056305,0.072174,0.128479,0.49506625091968814,0.22470603237064138,2.459006107421875,2.429389058778277,5.901931198911602,3.4566808118843837,0.023193,4.9487,4.925507,-2.0003534634234077,0.019247231739962144
Run_3,12,1024,1024,0.021684013583984377,0.02434550023523955,0.000592703381704049,0.03260214451250819,-0.070648,0.10834,0.178988,0.28208090494273597,-0.027196976227863955,0.00093280451171875,0.011120152085956974,0.00012365778241481322,0.011159207260011622,-0.031128,0.036774,0.067902,0.13187372985448942,0.14076463775327366,2.2891888867187498,2.419044292892029,5.851775290973495,3.3304896111608158,0.020752,4.9438,4.9230480000000005,-1.9721697517172527,0.16080230329819362
Run_3,13,1024,1024,0.0215092116015625,0.04204005473810193,0.0017673662023826066,0.04722300695745028,-0.15884,0.20035,0.35919,3.1817504702633546,0.23775886608675875,0.00080778337890625,0.013846841227000984,0.00019173501196577414,0.01387038304997419,-0.059814,0.04303,0.10284399999999999,1.1492527431504715,-0.31385679308182646,2.5341149130859373,2.4274685092806347,5.8926033635491475,3.5091796414936773,0.021973,4.9451,4.923127,-1.997900205591015,-0.041170090298841035
Run_3,14,1024,1024,0.021588182304687502,0.05178511387209515,0.0026816980187458614,0.05610479154195552,-0.097351,0.15869,0.25604099999999996,-0.4296445338427941,0.3847249935719103,0.0010971796093749999,0.021802225501516958,0.00047533703681899636,0.021829815388917623,-0.049438,0.065155,0.114593,-0.3013992356234425,0.3159039310030434,2.31381796484375,2.424306477358431,5.877261896162045,3.3512707247543756,0.020752,4.9426,4.921848,-1.982756076922097,0.1390652585084218
Run_3,15,1024,1024,0.022191841347656248,0.041164254386496214,0.0016944958391961727,0.04676509020194143,-0.13031,0.2121,0.34241,2.3473181902206717,0.21995228557547006,0.000638509697265625,0.019920959711956863,0.00039684463584540843,0.019931189891195925,-0.074768,0.078278,0.15304600000000002,0.9342853820023649,-0.1137946377014578,2.4204981962890626,2.4292643354805405,5.901325211637712,3.4293055754593107,0.020752,4.9463,4.925548,-1.998104069313038,0.052114578753429
Run_3,16,1024,1024,0.021031650380859378,0.0224072352245248,0.0005020841904071849,0.030731327796727027,-0.062103,0.087128,0.149231,0.29741738747852686,-0.2528075356638348,0.00064833423828125,0.010862698859253422,0.0001179982265068256,0.010882029396732638,-0.029755,0.038147,0.067902,0.15311311411641615,0.28200540040386124,2.426666814453125,2.429339567595059,5.9016907346829495,3.43371556233929,0.021973,4.9487,4.926727,-1.9988797954198483,0.04684740413806909
Run_3,17,1024,1024,0.021496281171875,0.0352296709450143,0.0012411297148939848,0.041270083827323306,-0.09903,0.14664,0.24567,1.5051060198507624,0.19293020437845404,0.000826726708984375,0.01274422823013695,0.00016241535318181955,0.012771015238937257,-0.038757,0.046997,0.085754,0.5694666193862967,0.1712669903209585,2.3365498291015623,2.423731880286767,5.874476227518427,3.3665919460773632,0.021973,4.9451,4.923127,-1.9855141572186041,0.12173967214095952
Run_3,18,1024,1024,0.0222442971484375,0.052532855960999866,0.002759700955419159,0.05704831032596096,-0.10117,0.16846,0.26963,-0.6754390144196436,0.2060299671490917,0.0005711662890625002,0.020881317494469,0.0004360294203048171,0.020889127584333877,-0.054626,0.055695,0.110321,-0.44239150340566225,0.1807397912730419,2.522855908203125,2.4272052939777806,5.8913255391137636,3.500875243802495,0.021973,4.9475,4.925527,-1.9986000605716028,-0.03338819027865438
Run_3,19,1024,1024,0.021467052490234374,0.03326745497552005,0.0011067235605482536,0.039592397037395095,-0.12344,0.14679,0.27022999999999997,1.4528647014820137,-0.13329297632693812,0.0009288012011718749,0.016974628716894757,0.00028813802007642816,0.017000020345509192,-0.045776,0.053558,0.099334,0.10695362367337813,0.10301695867980024,2.2570094077148437,2.4161244085848095,5.8376571577592955,3.306319498214382,0.0061035,4.9475,4.9413965,-1.9635815735850397,0.18691580175877687
Run_3,20,1024,1024,0.021459907333984375,0.022997270425381713,0.0005288744470181364,0.031454762275390555,-0.054169,0.09613,0.150299,0.09490246318858464,-0.10359957003095485,0.0007699415136718751,0.010998628337940092,0.00012096982531613884,0.011025544669113365,-0.037384,0.035706,0.07309,0.0776558738754427,-0.035266417333134535,2.473278288085937,2.431500568638657,5.912195015290111,3.468328200388109,-0.53101,4.9475,5.47851,-2.001506507662905,0.007962410997598972
Run_3,21,1024,1024,0.021912015341796875,0.0434578315398539,0.0018885831221463205,0.04866949289324332,-0.12604,0.18646,0.3125,1.3531885631026581,0.28374916116536975,0.0007087061328125,0.015688037777565084,0.00024611452931030926,0.01570403749654831,-0.055237,0.044861,0.10009799999999999,0.6308474954554302,-0.28520343119093255,2.382847107421875,2.4262840196806446,5.886854144157667,3.4007079382838015,-0.4126,4.95,5.3626000000000005,-1.9926991369930185,0.08298883503684702
Run_3,22,1024,1024,0.02078522546875,0.05629829636685722,0.003169498173810489,0.06001269675324766,-0.11459,0.16373,0.27832,-0.9111966702053511,0.14024637132255446,0.001269433935546875,0.022169686592838606,0.0004914950036246879,0.02220600067867706,-0.052795,0.059509,0.112304,-0.6809234952588232,0.10946757433628392,2.3665804482421873,2.424517477606506,5.8782849992194155,3.388065527291585,0.021973,4.9438,4.921827,-1.9900376981661339,0.09654542502062272
Run_3,23,1024,1024,0.022484665136718752,0.03621585034524389,0.001311587816229102,0.04262801874987245,-0.14191,0.13367,0.27558000000000005,1.4645766881684619,-0.45862887077842107,0.0005589408007812499,0.020305562073241367,0.0004123158511102582,0.020313253455048412,-0.053711,0.075531,0.129242,0.9496105228995497,0.3987159465183239,2.475467578125,2.428211247228859,5.89620986116873,3.4675855564811635,0.019531,4.9561,4.936569,-1.999820841602969,0.006263701816376354
Run_3,24,1024,1024,0.021268566757812496,0.023400498615116404,0.0005475833354360647,0.031621753072332844,-0.069122,0.099182,0.168304,0.4621990572502428,-0.13770849622812392,0.00065267298828125,0.010886216774451807,0.00011850971566035591,0.010905764424834598,-0.032196,0.040588,0.072784,0.23231451075117748,-0.06850542114464543,2.2602620136718747,2.419274938010708,5.852891225686714,3.310842127938865,-0.093994,4.9451,5.039094,-1.9664961914547119,0.18480618876067373
Run_3,25,1024,1024,0.022013030107421873,0.03941800653129341,0.0015537792389010902,0.04514811993218933,-0.11017,0.16815,0.27832,1.6567241122103287,0.24450246082485938,0.0007116747851562499,0.013738440901150851,0.0001887447583944146,0.013756861538673776,-0.041199,0.036163,0.077362,-0.040812184198038004,-0.0809458254889072,2.531672658203125,2.42766484051211,5.89355657785869,3.507552284165122,0.018311,4.9463,4.927989,-1.998160770546643,-0.04001783399898426
Run_3,26,1024,1024,0.022091008769531247,0.055595010079405656,0.0030908051457292163,0.05982322136248367,-0.121,0.16327,0.28427,-0.578219837598331,0.30422776012359204,0.0007094419140625001,0.022647139182726126,0.000512892913161769,0.02265824840960125,-0.054321,0.075836,0.130157,-0.20199025366472823,0.3451135035430678,2.3330448701171873,2.42289351304422,5.870412975551764,3.3635563532564583,0.021973,4.9451,4.923127,-1.9843852000303728,0.12359910011489282
Run_3,27,1024,1024,0.020880393291015625,0.028903236038033714,0.0008353970534702908,0.03565652643567207,-0.065155,0.099945,0.16510000000000002,-0.13179947939231118,-0.28921301833489443,0.001041143701171875,0.018838496614709165,0.0003548889547024087,0.01886724502700112,-0.066071,0.069122,0.135193,0.754334082884669,0.05335048560557241,2.4117861494140627,2.4290168746567815,5.900122977367399,3.4229863289053477,0.021973,4.9451,4.923127,-1.9976615610686481,0.05892225224999021
Run_3,28,1024,1024,0.022055663447265624,0.025936600553800086,0.0006727072482873829,0.03404643209480888,-0.055847,0.1088,0.164647,-0.09929562225672761,-0.02075177238528641,0.00082194138671875,0.010914494769692992,0.00011912619607765568,0.010945400116983245,-0.030212,0.038452,0.068664,-0.08493577413226072,0.04942244342750888,2.439405802734375,2.4287177837817544,5.898670073257757,3.442291496034567,0.024414,4.9475,4.923086,-1.9991742795175156,0.036467554804388236
Run_3,29,1024,1024,0.021171714863281253,0.037898817254382294,0.001436320349281065,0.04341154062611864,-0.080719,0.14145,0.222169,0.3182455806505913,0.32012378864733076,0.0007732225390625,0.016234939303554966,0.00026357325419011386,0.016253342034333373,-0.053864,0.050201,0.104065,0.2677741366366275,0.03127254681670411,2.3204645537109374,2.4228272774400654,5.870092016307639,3.354794742057484,0.018311,4.9475,4.929189,-1.9814670286856426,0.13511251826533047
Run_3,30,1024,1024,0.021342914697265625,0.05319712744158479,0.002829934368036214,0.057318883239391286,-0.093994,0.15961,0.253604,-0.7406267923282419,0.34751802110967184,0.0011235597167968748,0.022739559544120973,0.0005170875682606233,0.022767300118763135,-0.049438,0.06897,0.11840800000000001,-0.5805480682132655,0.35777869404221757,2.537128259765625,2.4274632138193977,5.892577654446398,3.511352654027753,0.020752,4.9451,4.924348,-1.9981632085946712,-0.044759877479591384
Run_3,31,1024,1024,0.022653347626953126,0.026986436040102035,0.000728267730146518,0.035234101221034445,-0.046234,0.093689,0.139923,-0.3768730711781374,-0.005895577031933503,0.0006058729785156251,0.016277055970826654,0.00026494255107742366,0.016288328126100576,-0.053406,0.064697,0.11810300000000001,0.5965909654729002,0.13544852289511364,2.2617796220703124,2.4156727727014062,5.835474944770899,3.3092479513604633,0.023193,4.9475,4.924307,-1.9645130739829966,0.18294119643101828
Run_3,32,1024,1024,0.021360803085937498,0.024644968352331785,0.0006073744650874353,0.03261377582500426,-0.059967,0.10635,0.166317,0.5674361818731768,0.12124421408295499,0.000798554951171875,0.011831748073220748,0.0001399902624681629,0.011858665712389568,-0.039215,0.046844,0.086059,0.635109104548639,0.09949638993363386,2.4692099931640628,2.430820337724211,5.908887514293648,3.4649510104235115,0.021973,4.9487,4.926727,-2.0015730905507367,0.011657385370170978
Run_3,33,1024,1024,0.021867281962890624,0.03665242382821986,0.0013434001724834587,0.04267995071374872,-0.089417,0.15213,0.24154699999999998,0.6403164318770789,0.21629455919124377,0.0008055456250000001,0.015854507070682363,0.000251365394454317,0.01587495821122921,-0.072021,0.050049,0.12207000000000001,1.1777010439528457,-0.17716838069365876,2.4007781884765627,2.4269609756880994,5.890139577512932,3.4137773049479567,-0.084229,4.9475,5.0317289999999995,-1.9952901135710315,0.06813683234620292
Run_3,34,1024,1024,0.0223398190234375,0.0575704501458433,0.003314356729995029,0.06175292903170641,-0.12589,0.16602,0.29191,-0.7666291776104712,0.24538406320049277,0.0006024609277343749,0.023969219083507604,0.0005745234634731851,0.023976789247992146,-0.04715,0.085754,0.132904,-0.38319183362745424,0.38585979171492096,2.364769391601562,2.4249681840781414,5.8804706937912385,3.387123406261847,0.023193,4.9438,4.920607,-1.9903662428216236,0.09766068180058794
Run_3,35,1024,1024,0.020788759316406252,0.03123915262021746,0.0009758846564292393,0.037524087868257464,-0.092773,0.10132,0.194093,0.09296750937896148,-0.3465676084172664,0.0011278552539062498,0.016421208468804054,0.000269656087575922,0.016459895049777382,-0.063171,0.055237,0.11840800000000001,0.824553027740103,-0.35891597397667596,2.48832641796875,2.4274346858041285,5.892439153844987,3.4762346750767814,0.020752,4.9426,4.921848,-1.9999434420408562,-0.004918678435206814
Run_3,36,1024,1024,0.02181682740234375,0.0284751815406103,0.0008108359637707134,0.035872132940130155,-0.078278,0.13062,0.20889800000000003,1.076932682289855,0.02506939946450555,0.0007452016406250001,0.01035101967228769,0.00010714360825608677,0.010377809679372471,-0.029755,0.040741,0.070496,0.16988621644164903,-0.07599107319889108,2.268217853515625,2.4166602300867255,5.840246667682825,3.3143715691952607,0.023193,4.95,4.926807,-1.966091830583669,0.17847420176505518
Run_3,37,1024,1024,0.02080279642578125,0.03313931277794839,0.0010982140513946933,0.03912761672434433,-0.067902,0.14603,0.213932,0.5482161442437161,0.25411249034575095,0.0007291095605468751,0.014861925240534465,0.00022087682185523543,0.014879799145368742,-0.042572,0.04364,0.086212,0.10959250690976452,-0.03401816873519817,2.5298598818359377,2.4283153200175605,5.896715293431987,3.5066944998324177,0.021973,4.9451,4.923127,-1.9984726565132256,-0.03765243325656311
Run_3,38,1024,1024,0.022273681162109375,0.05391443252479752,0.002906766034470945,0.0583342344338404,-0.11383,0.1825,0.29633,-0.5735169147665395,0.08708216174507283,0.0008760272265624998,0.02372071116388201,0.0005626721381203166,0.023736881889203462,-0.050354,0.072632,0.12298600000000001,-0.379911230287894,0.3281132348006587,2.3387849160156247,2.424566256326269,5.878521531315981,3.3687440411373193,0.020752,4.9487,4.927948,-1.986319763546467,0.11847640119507269
Run_3,39,1024,1024,0.021801136513671875,0.02669672071555125,0.0007127148969641433,0.03446744043661932,-0.055542,0.097961,0.153503,-0.3561119261378072,-0.11535695457111217,0.0007899168945312498,0.015455020380934301,0.00023885765497509465,0.015475193817053166,-0.04425,0.043793,0.088043,-0.11910698286529753,0.08532435323363123,2.415383008789062,2.4262992010540856,5.886927813035694,3.4235950245586286,-0.028076,4.9451,4.9731760000000005,-1.9959805569756228,0.05719858057262944
Run_3,40,1024,1024,0.021834090029296878,0.035514479447862644,0.0012612782504526584,0.04168939598818985,-0.13397,0.1857,0.31967,3.646129814140888,0.3043376314284805,0.000894221025390625,0.01127263139420204,0.00012707221854954944,0.011308043588163254,-0.036774,0.03891,0.075684,0.36878278851055635,-0.1374027492294492,2.4395732314453125,2.428831631060508,5.899223092040048,3.4424904711014914,0.01709,4.9487,4.93161,-2.000226743988824,0.03559517510346343
Run_3,41,1024,1024,0.0222624868359375,0.038279499409443155,0.0014653200750375588,0.04428248406715515,-0.099945,0.16785,0.267795,0.5695760363700915,0.16220023209511308,0.000624360458984375,0.018187496740218207,0.00033078503767544794,0.01819821045207993,-0.059509,0.059662,0.119171,0.6945649061770003,0.1069549101079227,2.31143283984375,2.421804300416916,5.8651360695178685,3.3478138900820054,0.024414,4.9475,4.923086,-1.9789614468538714,0.142158828221543
Run_3,42,1024,1024,0.02143280390625,0.05727335911029265,0.0032802376637765425,0.06115229142935127,-0.15305,0.15335,0.3064,-0.6912876914064308,0.017576043202960818,0.000676509248046875,0.026892546034556677,0.00072320903222075,0.026901053826633686,-0.070038,0.079803,0.149841,-0.6361600165643115,0.14572002661959615,2.5457044609375,2.429169335454837,5.900863660314096,3.518731996437237,0.021973,4.9438,4.921827,-1.9982403312609522,-0.051177430019811204
Run_3,43,1024,1024,0.021168596923828123,0.026863656061629597,0.0007216560169975286,0.034201834932076874,-0.066223,0.10101,0.16723300000000002,0.19043418218049313,-0.20536577523096064,0.00110819482421875,0.015057267404053987,0.00022672130167718672,0.015097993159543155,-0.042267,0.055237,0.09750400000000001,0.49670644985070744,0.19206558729665382,2.2838381357421875,2.4212190962380684,5.862301911987888,3.328395791106917,0.023193,4.9451,4.921907,-1.9741847444000478,0.1645849269673896
Run_3,44,1024,1024,0.022108219775390625,0.033293274577888804,0.0011084421321186967,0.039965178765466194,-0.095062,0.15884,0.253902,1.9157387294864554,0.3195761649609401,0.000705722080078125,0.011262013933895185,0.00012683295784724928,0.011284103929934316,-0.040283,0.036011,0.076294,0.053187233213587426,-0.06764458240029138,2.4564839140625,2.429871982370518,5.904277850709232,3.4552266308821267,0.015869,4.9463,4.930431,-2.0014053171498025,0.022698833427872902
Run_3,45,1024,1024,0.020679831220703125,0.028984011923352884,0.0008400729471730621,0.035605173310768054,-0.06073,0.10117,0.1619,-0.11883439755975322,-0.013450138425978924,0.0010794430273437501,0.01602650212653525,0.0002568487704118389,0.016062813192623513,-0.043182,0.062866,0.106048,0.6792253442820231,0.27975184846304085,2.395014875976562,2.426657551154639,5.888666870575828,3.4095106872870855,0.018311,4.9475,4.929189,-1.994607037855173,0.07350395477238102
Run_3,46,1024,1024,0.0218021684765625,0.05573104981326308,0.0031059499132884104,0.05984383396448481,-0.099792,0.16312,0.262912,-0.5180966249120007,0.3186971602418933,0.0006142290722656249,0.024531811503668646,0.0006018097756515294,0.02453949985237567,-0.073853,0.097656,0.17150900000000002,-0.05691699920013482,0.10946804657091345,2.361603241210937,2.428358242719392,5.896923754983214,3.387343151185191,0.021973,4.9426,4.920627,-1.9918481636848988,0.10037492786064751
Run_3,47,1024,1024,0.022045961220703125,0.02722335396508864,0.0007411110011085074,0.03503049253512222,-0.074615,0.098114,0.17272900000000002,0.22499436897234038,-0.26669928099985646,0.000971412080078125,0.01489064504809639,0.00022173130994839754,0.014922297121345601,-0.04837,0.041656,0.090026,0.04154419572355916,-0.045487493334413306,2.491715821289062,2.42767411928713,5.893601629456542,3.478828734433296,-0.020752,4.9487,4.9694519999999995,-1.9993819427687538,-0.008173802849707921
Run_3,48,1024,1024,0.021799053173828124,0.02697803006026368,0.0007278141059324907,0.03468447527652504,-0.057678,0.121,0.178678,0.014098884931647238,0.02450143902642552,0.000958586708984375,0.010978109686091725,0.00012051889227986096,0.011019881159000874,-0.033417,0.042267,0.075684,0.1524232346140062,0.13710885116456356,2.2627053017578125,2.416001001198057,5.8370608377900135,3.3101202576935065,0.020752,4.9548,4.934048,-1.9656496771488712,0.18161689980630455
Run_3,49,1024,1024,0.022121824638671874,0.03684937954019347,0.001357876772497229,0.04297966842405115,-0.076294,0.15091,0.227204,0.5411880165402305,0.4783567430112891,0.00035628148437500003,0.018613908173111357,0.0003464775774770218,0.018617317582646814,-0.057373,0.063171,0.12054400000000001,0.6609757230556363,0.20614640261183212,2.5130877763671875,2.428445052837982,5.897345374653268,3.4947039282862637,0.014648,4.9426,4.927951999999999,-1.9998812139276843,-0.024767884128411705
Run_3,50,1024,1024,0.0210610280859375,0.05102710902882553,0.002603765855839648,0.05520265174678021,-0.094757,0.15335,0.24810699999999997,-0.686228416006101,0.2887042275167695,0.0011289130175781252,0.023061447492183664,0.0005318303604347442,0.023089062454677574,-0.054169,0.07431,0.128479,-0.48091306766457986,0.2342408521991726,2.3418807734375,2.4245452125023452,5.878419487468042,3.3708789720878833,0.021973,4.9451,4.923127,-1.9871659465723763,0.11752984288002895
Run_3,51,1024,1024,0.021791152597656252,0.028391288496765005,0.0008060652625065409,0.035789937049970924,-0.075378,0.10635,0.181728,-0.01566166636573474,0.005695709934791698,0.000786779326171875,0.014662387568934093,0.00021498560922163305,0.014683481567044122,-0.043945,0.050049,0.093994,0.013283739199884792,-0.12003865843501577,2.4094519072265626,2.427879818719257,5.894600414144254,3.420534886151868,0.023193,4.9487,4.925507,-1.9963361225864193,0.06031975052979462
Run_3,52,1024,1024,0.02160966841796875,0.03557637633894669,0.001265678553410366,0.04162518855867108,-0.11581,0.16632,0.28213,2.151641569717869,0.29551278281296234,0.0008967525878906251,0.012291444859032179,0.00015107961672262857,0.012324113839401074,-0.043488,0.035706,0.079194,0.2129346518229127,-0.15432773559564447,2.4381637499999997,2.428199113846184,5.896150936483392,3.4410453946871224,0.021973,4.9451,4.923127,-1.9993775810535723,0.03813412845160499
Run_3,53,1024,1024,0.020312808056640624,0.03665184836674266,0.0013433579886986964,0.0419042737658657,-0.069122,0.15289,0.222012,0.6141272277117538,0.5220444032849068,0.0011037397265625001,0.017895957504192317,0.00032026529499185735,0.017929961973630885,-0.065613,0.073853,0.139466,1.105971463666056,0.3032604815322756,2.298131096679687,2.422195727664985,5.867032143118507,3.338927774098249,0.020752,4.9451,4.924348,-1.9779337615887624,0.1521660930965013
Run_3,54,1024,1024,0.022680757675781253,0.05613971576810247,0.0031516676865233333,0.0605481994387186,-0.12451,0.1976,0.32211,-0.2994281427492811,0.2562654352160689,0.00048368980468749983,0.024484930319851394,0.0005995118127679781,0.02448970740117441,-0.064545,0.079193,0.143738,-0.4884378501096154,0.1728277353361906,2.536559107421875,2.4258183870167875,5.884594846788728,3.5098044037002385,0.023193,4.95,4.926807,-1.9961558949205835,-0.043201404476833745
Run_3,55,1024,1024,0.021777293583984374,0.02558758850593425,0.0006547246855490186,0.033600226210429976,-0.069885,0.10452,0.174405,0.46531330548588734,-0.26602282839476465,0.0007213665234375,0.014021333332573063,0.00019659778842312444,0.014039877424118087,-0.044861,0.042725,0.087586,0.16111958678391458,-0.1927445447085049,2.2911844111328126,2.421776025886954,5.864999119560807,3.3338453961422414,0.019531,4.95,4.930469,-1.9755090801281332,0.1584343075601006
Run_3,56,1024,1024,0.021813515595703124,0.030561526378378525,0.0009340068945763263,0.037547787647480776,-0.057373,0.14908,0.206453,0.520510959550307,0.2678093020041152,0.0007344647460937499,0.01062590998798702,0.00011290996307280229,0.010651262908033808,-0.037537,0.035095,0.072632,0.18715800646822567,-0.19805739242181053,2.451483872558594,2.430779861161793,5.908690733429744,3.452312835020115,0.0061035,4.9463,4.9401965,-2.001332543607165,0.02671586682400044
Run_3,57,1024,1024,0.0224946356640625,0.03865729159128397,0.001494386193173554,0.044725773630340554,-0.063324,0.17288,0.23620400000000003,0.5617623977858948,0.4894668447334361,0.0005339084472656251,0.01755286576243414,0.00030810309647403265,0.01756098387631212,-0.048218,0.063782,0.112,0.29220170546318247,0.13039941197305865,2.4038567666015624,2.4255129895307723,5.883113262382505,3.414914437686342,-0.059814,4.9475,5.007314,-1.9943906808502887,0.06580301728492893
Run_3,58,1024,1024,0.02033472705078125,0.04740094345977689,0.0022468494408769656,0.051578586303879445,-0.11261,0.16068,0.27329,-0.3299050594570958,0.08537241588933232,0.0012736178027343752,0.022982815201667648,0.0005282097945940055,0.023018077610900686,-0.056,0.075226,0.131226,-0.30559074499353134,0.20575322270187596,2.361901715820312,2.4254391547533993,5.882755093410885,3.3854593201818006,0.024414,4.9451,4.920686,-1.990517329590984,0.10019852140483426
Run_3,59,1024,1024,0.021988881416015627,0.025212149136630644,0.0006356524640877053,0.03345389917506332,-0.063934,0.091553,0.155487,-0.11262897170882002,-0.18076701173673626,0.0006799320410156249,0.013180439103558305,0.00017372397496260883,0.013197965090990676,-0.033875,0.040131,0.074006,-0.33347350944109566,0.10943080647424942,2.5014831142578124,2.4274701777146293,5.8926114636938935,3.485689205108634,0.025635,4.9475,4.9218649999999995,-1.9998755803487813,-0.013909633524133552
Run_3,60,1024,1024,0.02171252658203125,0.03784125905806535,0.0014319608870996133,0.043627911910553624,-0.10986,0.16434,0.2742,1.8064146588245702,0.23452658237997856,0.0009162660351562501,0.010993004602758672,0.00012084615019627333,0.01103112386130508,-0.041504,0.031738,0.073242,0.2284335569276057,-0.2955057992093103,2.253924384765625,2.4173914528716134,5.84378143641673,3.3051409302263997,-0.40527,4.9451,5.35037,-1.9637086824534973,0.1891070219933049
Run_3,61,1024,1024,0.021298529619140624,0.04058916090474994,0.0016474799829516813,0.04583783750231998,-0.07782,0.14832,0.22614,0.02787705894483894,0.25871432688550594,0.00109449037109375,0.01954502292150528,0.00038200792100216675,0.019575643799747265,-0.045013,0.050659,0.09567200000000001,-0.1743070637900952,0.12342930467724463,2.5021039687499997,2.4300485201909106,5.905135810482034,3.4879306301755104,0.025635,4.9475,4.9218649999999995,-2.000621520550445,-0.015563217840956357
Run_3,62,1024,1024,0.021562710146484376,0.05182142164818046,0.0026854597416385065,0.05612851512822878,-0.12833,0.14816,0.27649,-0.6798214987155622,-0.03280669200774046,0.0001491619238281251,0.024560007267748707,0.0006031939569918692,0.024560460221082776,-0.053101,0.070801,0.12390200000000001,-0.5971584966385102,0.3142224754403969,2.363551552734375,2.4266282692047443,5.888524756903614,3.387462280134893,0.023193,4.9438,4.920607,-1.9914292137073204,0.09808583398946932
Run_3,63,1024,1024,0.022090242197265623,0.02604312426303873,0.0006782443213800766,0.03415000910269178,-0.067749,0.099182,0.166931,0.24817617936672232,-0.14866521163077057,0.0013023604882812499,0.013196141910357827,0.0001741381613183023,0.013260252793960547,-0.03891,0.037842,0.076752,0.0850959430661078,-0.036157979240287894,2.410764478515625,2.4274515084818877,5.892520826030991,3.421155681477197,0.020752,4.9463,4.925548,-1.9967070989038045,0.059211353490162016
Run_3,64,1024,1024,0.02194061103515625,0.03681189618591504,0.0013551157008025862,0.042854476001913805,-0.10971,0.16068,0.27039,1.9720633076056382,0.16666882576098985,0.00055536634765625,0.01042710051565827,0.00010872442516364096,0.01044187995256362,-0.042725,0.038452,0.081177,0.34481916722807604,-0.11486169773417242,2.4423083300781245,2.426522138077553,5.888009686580458,3.4428011365383067,-0.06958,4.9463,5.01588,-1.9981104404608365,0.03426630315329044
Run_3,65,1024,1024,0.0220423976171875,0.03611979056592486,0.0013046392705262748,0.0423143777366567,-0.062256,0.15823,0.22048600000000002,0.1731838232380598,0.5053345275123273,0.0007487840332031249,0.01787106398424251,0.00031937492792888974,0.017886743847253743,-0.048523,0.070496,0.119019,0.19851195919107623,0.2671091115688512,2.285088022460937,2.4222972025810963,5.8675237376322045,3.3300376886796106,0.014648,4.9438,4.929152,-1.9746232634128047,0.16377634600655938
Run_3,66,1024,1024,0.02060398662109375,0.05198909806163098,0.0027028663172618825,0.055923077364752494,-0.10681,0.18768,0.29449000000000003,0.11436892355430484,0.22149680334864844,0.001014765546875,0.025379530115400457,0.0006441205488785187,0.02539980901490488,-0.079651,0.06958,0.149231,-0.2517890684175721,0.06475826026217205,2.5375632041015623,2.428407474948517,5.897162864385832,3.5123197290673893,0.023193,4.9451,4.921907,-1.9988592636481028,-0.04352960204360842
Run_3,67,1024,1024,0.022032405576171872,0.027064997760373747,0.000732514103769036,0.03489901143645713,-0.061493,0.12146,0.182953,0.3173335686860175,0.011457899805255025,0.00074207568359375,0.01314200911554072,0.00017271240359295538,0.013162943436524238,-0.04837,0.046387,0.09475700000000001,0.21562039766721064,0.0937976509240782,2.2972729814453126,2.421692880522108,5.864596407571463,3.3379723723916737,0.021973,4.9438,4.921827,-1.9771101643115994,0.1538352139865363
Run_3,68,1024,1024,0.021669883271484374,0.03999900128205483,0.0015999201035618237,0.04549180084984086,-0.11307,0.18372,0.29679,2.172767838451163,0.3395628847230577,0.0009658984277343749,0.011201568734078949,0.00012547514210429507,0.011243135767080057,-0.037994,0.029144,0.067138,-0.06598188369978608,-0.15171342421576034,2.44740576171875,2.4276026510093565,5.893254631187656,3.4471799479693237,-0.019531,4.9463,4.965831,-1.9988314666629707,0.030159927570747327
Run_3,69,1024,1024,0.021501643330078125,0.04276288817986735,0.0018286646054838384,0.04786423791702665,-0.07309,0.15167,0.22476000000000002,-0.4766587833343272,0.38384021137043334,0.0008210538476562501,0.022073038737238402,0.000487219039095627,0.02208830388500616,-0.065765,0.067444,0.13320900000000002,-0.23936486643511312,0.18560946501601336,2.4005727724609374,2.4264832046323925,5.887820742363086,3.413293186681138,0.023193,4.9487,4.925507,-1.9957593679241732,0.06751978639141061
Run_3,70,1024,1024,0.02188133943359375,0.04797933921611549,0.002302016991615078,0.05273338607583646,-0.1149,0.15259,0.26749,-0.3257114876506759,0.05427740736797893,0.0003399007031249999,0.02282226409736896,0.0005208557385300562,0.022824795092575113,-0.061646,0.063934,0.12558,-0.48054783846679827,0.13733654581109292,2.3476954921874995,2.4251309034707167,5.881259898968695,3.375342060148305,0.023193,4.9463,4.923107,-1.987354089946448,0.11154275039205125
Run_3,71,1024,1024,0.021294369638671873,0.025788673320805932,0.0006650556716472477,0.03344407047528213,-0.076141,0.10468,0.180821,0.14061496665866802,-0.0705307445430021,0.00104218615234375,0.01369440070631584,0.00018753661070514376,0.013734000243238707,-0.039825,0.049438,0.08926300000000001,0.16960789293287704,0.11311234400665116,2.518926501953125,2.429146665300007,5.900753521538144,3.4993919820134396,0.020752,4.9487,4.927948,-2.0001652584879253,-0.02897090761539374
Run_3,72,1024,1024,0.022164869775390623,0.03653289848117068,0.0013346526714355233,0.042730950417648655,-0.11856,0.16983,0.28839000000000004,2.8265581343661577,0.36049826373252075,0.000878141748046875,0.011112408724444687,0.0001234856276591144,0.011147051654530773,-0.042572,0.029755,0.072327,0.48464351143376483,-0.3511930848643142,2.25959788671875,2.4176341171677076,5.84495472449328,3.3091898304807357,0.023193,4.9524,4.929207,-1.965471391878676,0.18543163392482193
Run_3,73,1024,1024,0.021437393662109373,0.046125214781919055,0.0021275354386781644,0.05086351625381804,-0.10391,0.17166,0.27557,0.08683274496426518,0.4424936183209492,0.0008335668261718749,0.019216093550248035,0.00036925825133188415,0.019234164525281008,-0.048676,0.061951,0.110627,-0.12147800922268992,0.24719724965586276,2.488456629882812,2.430404365435661,5.906865379528718,3.4784021875476734,-0.21729,4.9438,5.161090000000001,-2.001814158602503,-0.004720306498546754
Run_3,74,1024,1024,0.021222978779296874,0.05136138364889797,0.0026379917303292837,0.055573433928413754,-0.1149,0.19882,0.31372,0.05495206965391386,0.18564574420675606,0.0009235663476562502,0.024283203130858265,0.0005896739542945247,0.024300759846001684,-0.064087,0.082855,0.14694200000000002,-0.3361258503652236,-0.10361401282950487,2.36588553515625,2.4252288513572697,5.881734981455702,3.388089335734416,0.023193,4.9475,4.924307,-1.9913982787506277,0.09644550957401142
Run_3,75,1024,1024,0.021860764658203125,0.025889070060853604,0.0006702439486157865,0.03388417005117772,-0.075073,0.092926,0.167999,0.38967129688575497,-0.17631567401882656,0.000556257041015625,0.012824265892031133,0.00016446179566951305,0.012836324145377151,-0.044708,0.043945,0.088653,0.369201734807163,0.10490944551576295,2.4081760517578124,2.426917395475257,5.8899280444604045,3.4189530474576935,0.021973,4.9475,4.925527,-1.9954629699158313,0.06156145220746078
Run_3,76,1024,1024,0.021676567304687498,0.03256006995724783,0.0010601581556208726,0.03911561997125342,-0.067139,0.15884,0.225979,0.6294111850054875,0.1958741946002896,0.0010021066015625001,0.010411981883260125,0.00010840936673733708,0.010460094855125944,-0.036926,0.046997,0.083923,1.1108765935831162,0.06532861885920276,2.4523497656249997,2.425484784894541,5.882976441754916,3.449202199743574,0.020752,4.9451,4.924348,-1.9970765487406963,0.026917810109217854
Run_3,77,1024,1024,0.022015684355468752,0.04530929081388421,0.0020529318340571324,0.05037481703884157,-0.092773,0.17014,0.262913,-0.039924564715263955,0.24406531313235147,0.0006610159765624999,0.018762044872985252,0.00035201432781591216,0.018773685571490298,-0.06012,0.059509,0.119629,-0.0985981539437204,0.15776955292048278,2.280367291992187,2.41960788893685,5.854502336205439,3.324842450792702,0.018311,4.9463,4.927989,-1.971815896546176,0.16710933923330423
Run_3,78,1024,1024,0.021626636298828127,0.04371229211171372,0.0019107644816597894,0.04876962045435232,-0.11154,0.14404,0.25558000000000003,0.10034723039078619,0.02505202142509884,0.0005835304199218749,0.02206669633732031,0.0004869390872435056,0.022074410411027513,-0.048523,0.068359,0.116882,-0.5606771245617437,0.18969091145773867,2.5316762871093745,2.426589425252349,5.888336238746527,3.5068106680370468,0.021973,4.9475,4.925527,-1.9978650733237,-0.038923834927923215
Run_3,79,1024,1024,0.02143666177734375,0.02473785752279384,0.0006119615948180478,0.032733653370411904,-0.051727,0.09552,0.147247,0.046142368811262546,0.0015318003323660549,0.0009700679492187501,0.014027437522360825,0.0001967690034437364,0.014060940056405827,-0.036774,0.045471,0.082245,-0.0965591166338644,0.08749074000361007,2.308164865234375,2.4234554024506343,5.873136087667165,3.3467538201620965,0.021973,4.9463,4.924327,-1.9809077223408373,0.1446789401928074
Run_3,80,1024,1024,0.0218157545703125,0.035216093214568714,0.0012401732212971926,0.041425841799163275,-0.092163,0.15152,0.24368299999999998,1.2226688030102002,0.26845933873875993,0.0006143703906249999,0.01147894505217211,0.00013176617951078656,0.011495374308288672,-0.035706,0.048981,0.084687,0.430386960196957,0.032479068508289854,2.4536545419921874,2.4268092033653006,5.889402909538525,3.4510612166371977,0.025635,4.9451,4.919465,-1.9978787356416217,0.02461336108894836
Run_3,81,1024,1024,0.021329965712890628,0.04974301852934139,0.0024743678924104007,0.054123334429093437,-0.10208,0.17334,0.27542,-0.5223818203142097,0.19831236976463626,0.0008897626757812499,0.02211910839172489,0.0004892549560448745,0.022136996943219012,-0.05249,0.057678,0.110168,-0.5934445537782032,0.05890346208080702,2.402202418945312,2.4274039064108175,5.892289724858497,3.415093876666527,0.019531,4.9451,4.925569,-1.9958439913935035,0.06677879509041407
Run_3,82,1024,1024,0.021566903828125,0.045966696522108,0.0021129371891555754,0.05077468394669895,-0.14114,0.15366,0.29479999999999995,0.0774457441571097,-0.12806292740978542,0.00097587529296875,0.024102648469310803,0.0005809376632351705,0.02412239614595941,-0.068817,0.079498,0.148315,-0.13282730406658416,0.3368022871499546,2.3360426015625,2.4252419537981327,5.881798534462584,3.3673273631735716,0.021973,4.9438,4.921827,-1.9865449052095514,0.12132765392683442
Run_3,83,1024,1024,0.0215467844140625,0.022679557713525852,0.00051436233808115,0.03128300267984575,-0.058746,0.097504,0.15625,0.3760142599234846,-0.21731989797153745,0.0005626701855468749,0.011165698303654409,0.00012467281860823094,0.011179866562080885,-0.037689,0.033722,0.071411,-0.0047635880460576985,-0.04615307229278992,2.52499190234375,2.425265639359568,5.881913421458174,3.5010709116439904,-0.05127,4.9463,4.99757,-1.996328761872335,-0.03363187902331373
Run_3,84,1024,1024,0.021987559296875,0.0320277263819784,0.0010257752571988753,0.03884878403544273,-0.079803,0.14465,0.224453,1.1006841220294366,0.21339346660141398,0.0010350383984374999,0.011344506040309206,0.00012869781729861208,0.011391625072168243,-0.037079,0.049133,0.08621200000000001,1.006576124746183,0.16571787066301497,2.2658199921874997,2.417860636536237,5.846050057711418,3.313606840696099,0.024414,4.9451,4.920686,-1.967294563675211,0.1790766508542899
Run_3,85,1024,1024,0.0224101496484375,0.045576613091716366,0.002077227660912012,0.0507882119017531,-0.094604,0.16968,0.26428399999999996,0.28000489938174455,0.4351382903999516,0.0007542952148437501,0.019326114347906653,0.00037349869578836344,0.01934082875834176,-0.056,0.053406,0.109406,-0.30236900171475645,0.08007760154988042,2.48936494921875,2.431281386742236,5.911129181519248,3.479664787291747,0.023193,4.9438,4.920607,-2.001871981265556,-0.004935078004551429
Run_3,86,1024,1024,0.02106517955078125,0.04664887432249645,0.002176117475556069,0.05118456080755916,-0.10208,0.18143,0.28351000000000004,0.9153660340564218,0.40382887610638124,0.000619739423828125,0.022969688023466463,0.0005276065678953787,0.022978047019901963,-0.092773,0.08728,0.180053,0.512248399529212,-0.05662905883621123,2.355233046875,2.424712978884868,5.8792330299727285,3.380289297540201,0.019531,4.9463,4.926769,-1.9890559259010956,0.10490959569575334
Run_3,87,1024,1024,0.021347108388671876,0.027622861634085078,0.0007630224848558094,0.03491019222825212,-0.075378,0.11322,0.188598,0.2669777225898571,0.04184795264935178,0.000772171806640625,0.012327102899780028,0.00015195746590176517,0.01235126370865491,-0.033875,0.04303,0.076905,-0.24036756278363614,0.011774755087347148,2.40759502734375,2.425381142790611,5.88247368780429,3.4174533652260193,0.023193,4.9451,4.921907,-1.9943793611927796,0.06345021018417502
Run_3,88,1024,1024,0.021655423535156253,0.036178387135763525,0.0013088756957451795,0.042164357747180005,-0.095673,0.15503,0.250703,1.2038950201703251,0.1975080308465628,0.0008089845019531249,0.013137568697122175,0.00017259571127160444,0.013162452932337679,-0.037689,0.05661,0.094299,1.472066564015071,0.4131087064490819,2.4647159960937497,2.4268426817152986,5.889565401795101,3.458957985173498,0.025635,4.9463,4.920665,-1.9990013070789003,0.01672899768351553
Run_3,89,1024,1024,0.021100756103515625,0.04975872748935116,0.0024759309613595105,0.05404787571680836,-0.081482,0.14648,0.227962,-0.6802811621087352,0.2990414820859701,0.0011396276855468752,0.02371593420674032,0.0005624455352984356,0.023743299824584205,-0.056763,0.070038,0.126801,-0.5315398568044758,0.15187142135156104,2.2766441660156254,2.4203833600606273,5.8582556096583716,3.322854837080812,0.023193,4.9475,4.924307,-1.9708614257002026,0.17045020541209707
Run_3,90,1024,1024,0.022329697724609375,0.03972891332226071,0.0015783865537677042,0.04557413690066033,-0.071411,0.14999,0.22140100000000001,-0.0029814080171588486,0.2707376877587533,0.00045894687499999987,0.020987146868596946,0.0004404603336840586,0.020992164393366656,-0.054779,0.06958,0.124359,-0.25216481071960706,0.22894851236647623,2.5329920351562496,2.42792253408911,5.894807831537686,3.508683012428265,0.018311,4.9438,4.925489000000001,-1.9980769180210718,-0.04138611241185322
Run_3,91,1024,1024,0.021444568408203125,0.025608175911891604,0.0006557786735343855,0.03340132014978583,-0.067444,0.12238,0.189824,0.27968206144108976,0.0541606648847183,0.0007008053124999999,0.013011546659779319,0.00016930034647961436,0.013030405771335081,-0.042419,0.039978,0.082397,0.09941310905597334,-0.13403445587021945,2.3040972050781248,2.4230939283684583,5.871384185696087,3.3436878018357086,0.021973,4.9438,4.921827,-1.9797981851423276,0.14813108143643286
Run_3,92,1024,1024,0.0219728275390625,0.04391264615662855,0.0019283204924772641,0.04910321417726794,-0.13992,0.19165,0.33157,2.007806008082893,0.2713791730821898,0.0009579957812499999,0.01370445989093576,0.00018781222090226698,0.013737902926544494,-0.039063,0.059204,0.098267,0.5986924691735229,0.22402069734008612,2.451635142578125,2.428135638726543,5.895842680053956,3.4505590202716454,0.021973,4.9463,4.924327,-1.9992622942748435,0.026026666894593705
Run_3,93,1024,1024,0.022790748359375,0.051736173533385395,0.002676631651876567,0.05653361710218905,-0.1239,0.16678,0.29068,-0.2699371115032596,0.30268832528436546,0.0003266234765625,0.022393418569262025,0.0005014651952181693,0.02239580045708595,-0.064392,0.061493,0.125885,-0.40476051647086697,0.1791672181747193,2.4118973554687497,2.4270548079302396,5.890595040697293,3.4216726748791215,0.025635,4.9463,4.920665,-1.9965411634337518,0.060342137555900774
Run_3,94,1024,1024,0.020440524833984376,0.04418194903682187,0.0019520446206923252,0.0486812045473513,-0.11383,0.1886,0.30243,1.091532622053232,0.24885240226948135,0.0011686924023437497,0.021962329915178824,0.0004823439353031587,0.02199340303896727,-0.066833,0.079956,0.146789,0.3124562280747498,-0.028308248475286457,2.336025537109375,2.4250023952605355,5.880636617019334,3.367142991773066,0.021973,4.9451,4.923127,-1.9858618502194603,0.12183756593072567
Run_3,95,1024,1024,0.021441582080078125,0.023449181971503908,0.0005498641351327039,0.03177429113653728,-0.08255,0.094757,0.177307,0.7788177717656661,-0.10705151549356705,0.0009058355175781251,0.011952243028858524,0.0001428561134208972,0.011986519570158938,-0.043335,0.039978,0.083313,0.32766379041614435,-0.08327087120542749,2.514157919921875,2.4280122232811334,5.8952433564025934,3.4951728716486232,0.024414,4.9487,4.9242859999999995,-1.999459057084893,-0.026279970162881805
Run_3,96,1024,1024,0.021777747607421877,0.034763816551926535,0.0012085229412560014,0.04102186285517237,-0.084381,0.14999,0.234371,0.6289270647283263,0.1641166314013275,0.0007782862988281251,0.01218331283188403,0.00014843311155955007,0.012208146506431419,-0.037384,0.050354,0.08773800000000001,0.9504153321852056,0.13604088979722057,2.262970291992188,2.4182553899344743,5.847959130947136,3.3119471121058592,0.012207,4.9548,4.942593,-1.967604115056906,0.1815367981441982
Run_3,97,1024,1024,0.02097355380859375,0.04881996597413611,0.002383389077715808,0.05313453713995997,-0.10208,0.16449,0.26657,-0.4437329898820148,0.26807119015753805,0.00119656390625,0.019744131816499602,0.0003898307411873119,0.01978035657841011,-0.058594,0.059052,0.117646,-0.26364860293210013,0.19041077142710214,2.49408125,2.4285863744175358,5.89803177800651,3.481159729114433,0.021973,4.9475,4.925527,-2.000442615061674,-0.008098930986467443
Run_3,98,1024,1024,0.022773746484375,0.03512439871885779,0.0012337233853612986,0.04186128180426253,-0.086823,0.13687,0.22369299999999998,0.6056169803948488,0.0678266931856699,0.0003911645800781248,0.01999385180457906,0.0003997541099834694,0.01999767785799584,-0.052643,0.054779,0.107422,-0.15888469089333146,-0.012554681396246445,2.3524351796875,2.4238067903864864,5.8748393571236415,3.377690132583953,0.021973,4.9463,4.924327,-1.98751953184498,0.10787934088271471
Run_3,99,1024,1024,0.021258447988281248,0.02447169848744042,0.0005988640268601938,0.032415823878634537,-0.068817,0.10345,0.172267,0.15352531022361404,0.006606234453917672,0.0007642889355468749,0.012284977229666436,0.0001509206655334228,0.012308728736568296,-0.031738,0.040436,0.072174,-0.09471900806380473,0.007774167001000587,2.3950947626953125,2.427801873579132,5.894221937354342,3.4103813363969806,0.020752,4.9475,4.926748,-1.994939226646875,0.07267802356740967
Run_3,100,1024,1024,0.02189203560546875,0.03485415378732398,0.0012148120362304306,0.04115912121488434,-0.0737,0.14511,0.21881,0.7509296035460324,0.3995088807676575,0.000516929951171875,0.01383955698714595,0.00019153333760046025,0.013849207709283546,-0.048065,0.050354,0.098419,0.5878809446312072,-0.13459241558982207,2.476107008789062,2.428198695789246,5.896148906232595,3.468033279137747,0.020752,4.9438,4.9230480000000005,-1.9998089812080875,0.006436376509872675
Run_3,101,1024,1024,0.02246123923828125,0.05281619605180299,0.0027895505653824895,0.057393883241176454,-0.12329,0.15961,0.2829,-0.7620619061275367,0.10213180193934471,0.0009778130468749999,0.022186674931016004,0.000492248544494574,0.02220821160852924,-0.056305,0.061035,0.11734,-0.6615328888440111,0.1306433533972336,2.2768238427734375,2.4205566370863267,5.859094433342667,3.323104157916852,0.023193,4.9438,4.920607,-1.9723131376482432,0.1705871669237095
Run_3,102,1024,1024,0.020638726435546872,0.04225954594658993,0.001785869223611945,0.04703005690506112,-0.14755,0.13672,0.28427,0.4264560815021894,-0.2712990100033395,0.00079632580078125,0.022727178971827185,0.0005165246640174638,0.02274112571528625,-0.065765,0.076599,0.142364,0.2826039063139345,0.27799390071698676,2.5180124423828123,2.4283093746678586,5.896686419099807,3.4981528095688534,0.026855,4.9487,4.921844999999999,-1.9999644153268485,-0.0285605333824652
Run_3,103,1024,1024,0.021529506650390624,0.022474072598644132,0.0005050839391691269,0.031122397012093093,-0.062866,0.098877,0.16174300000000003,0.31312674872090884,-0.015093749778466654,0.0008048082226562502,0.010482612852245348,0.00010988517221005933,0.010513462250149304,-0.036316,0.035248,0.071564,0.26889287502482206,0.04051337902611668,2.30250789453125,2.4212649357489004,5.862523889087126,3.341267198753469,0.020752,4.9463,4.925548,-1.9772457448525018,0.15027550790351293
Run_3,104,1024,1024,0.021567670517578123,0.037701513746431305,0.0014214041387723485,0.04343464688848244,-0.099945,0.168,0.267945,1.782859368696358,0.31404351003488346,0.0010630522070312499,0.01330144111572369,0.00017692833575506467,0.013343853107327684,-0.04715,0.045319,0.092469,0.5443546426326971,-0.12081483073610845,2.4462307656249997,2.428535673958202,5.897785519687617,3.4470031155161274,0.023193,4.9463,4.923107,-1.9989456746242726,0.030919325204281384
Run_3,105,1024,1024,0.020733963720703123,0.05410333525462522,0.002927170885674372,0.057940211746642815,-0.096283,0.16037,0.256653,-0.4788241337557775,0.2751377219637891,0.001391901962890625,0.02167678360484358,0.0004698829474512154,0.021721425794029133,-0.057068,0.069122,0.12619,-0.34996808807019697,0.23974450726185206,2.403569015625,2.4277438653591292,5.893940275788886,3.4162968677592143,0.024414,4.9463,4.921886,-1.996904181243599,0.06531452834403105
Run_3,106,1024,1024,0.022733663027343753,0.03812575363756036,0.0014535730904319465,0.044389103675032265,-0.13092,0.17136,0.30228,1.7972548984590908,0.20480242807634985,0.00011533213867187493,0.020674990638384523,0.0004274552378972877,0.020675312316855054,-0.085449,0.093689,0.179138,1.3821712385174942,-0.0616905304081014,2.32330223828125,2.4227370485135538,5.869654806240166,3.3566930298498896,0.023193,4.9451,4.921907,-1.9825814344087398,0.13158461083885226
Run_3,107,1024,1024,0.021381405859374997,0.026670815507880002,0.0007113323998553724,0.03418328416607579,-0.054016,0.12238,0.176396,-0.0016724133892656035,0.11716982549150151,0.00083268423828125,0.012453457953162156,0.00015508861499117775,0.012481265081387373,-0.038605,0.044098,0.082703,0.16466284008257404,0.14411978237332898,2.5323880498046876,2.4275413035407514,5.8929567803963305,3.507983183424618,0.018311,4.9438,4.925489000000001,-1.9978473260792953,-0.04095459536839034
Run_3,108,1024,1024,0.022280658583984377,0.04225521300173298,0.0017855030258218238,0.04776955905969721,-0.12497,0.17532,0.30029,1.4959060555952712,0.2899433036857468,0.000962470087890625,0.01573315596400741,0.00024753219658778193,0.015762567851015458,-0.068512,0.056,0.12451200000000001,1.1494311907152408,-0.044409548216746954,2.2663470146484377,2.418206753989037,5.847723905038196,3.3142197718081525,0.019531,4.9463,4.926769,-1.9677644396074288,0.17812315832232842
Run_3,109,1024,1024,0.022149831572265626,0.054326661149264134,0.002951386111626965,0.05866857037892351,-0.10071,0.15762,0.25833,-0.834122343451309,0.2582397169344338,0.00039786122070312505,0.024220647676920264,0.000586639773889503,0.024223915196360028,-0.052185,0.067444,0.11962900000000001,-0.7463853730928669,0.25523635342989204,2.5037038525390622,2.429754767787631,5.903708231586725,3.488873917585109,0.013428,4.9463,4.932872,-2.000880574405061,-0.016796504874466395
Run_3,110,1024,1024,0.020845214619140625,0.03380914632757079,0.0011430583753990933,0.03971877827825432,-0.078888,0.14938,0.22826800000000003,0.4131989748122713,-0.01224007730140592,0.0010345796386718752,0.01879461480882597,0.00035323754581214045,0.018823068316321193,-0.04776,0.082855,0.13061499999999998,1.048746504302624,0.3831408223560514,2.3438369003906248,2.423762778847779,5.874626008127908,3.3716757589899773,0.021973,4.9438,4.921827,-1.986799401407369,0.1152619305764843
Run_3,111,1024,1024,0.02161920818359375,0.02430786144920907,0.0005908721282339444,0.03253094358790583,-0.04364,0.10651,0.15015,-0.08306234812891944,0.12859967892811394,0.0008182201562500001,0.012184268334615358,0.00014845639484991052,0.012211710734946365,-0.0354,0.044403,0.079803,0.34994767286751216,0.04126889316925617,2.3976344003906247,2.427019670766584,5.890424482287939,3.4116088873469144,0.023193,4.9487,4.925507,-1.9950702733563137,0.07138237828902268
Run_3,112,1024,1024,0.021200642470703124,0.044704810372364866,0.0019985200704291015,0.049477139282699874,-0.13153,0.19455,0.32608000000000004,1.4563694133946994,0.21752369700818855,0.0009018130078125,0.015182163618350855,0.00023049809213437631,0.015208923658018543,-0.059052,0.049591,0.108643,0.5681303786646139,-0.3051789608269231,2.4778892802734376,2.429210004699859,5.901061246933889,3.470013909515047,0.023193,4.9451,4.921907,-2.0009165758443848,0.004074955572088604
Run_3,113,1024,1024,0.0210663683203125,0.056293298044574155,0.003168935404735256,0.06010596708266429,-0.10834,0.16312,0.27146,-0.6930641913387987,0.2860703327278669,0.0010398078124999998,0.02373935123737432,0.0005635567971714257,0.023762112647202936,-0.052032,0.058441,0.110473,-0.7438120621889914,0.12616545014001943,2.2787622207031246,2.421371688679441,5.86304085473833,3.3250260319645872,0.018311,4.9463,4.927989,-1.9725773886520321,0.16814982727435865
Run_3,114,1024,1024,0.02254993739257813,0.03552076815690978,0.0012617249704569356,0.0420740376819973,-0.12497,0.17715,0.30212,1.4466646972265869,0.02552859103532061,0.0005352491210937502,0.020003209646392076,0.00040012839615751307,0.02001036950631209,-0.08316,0.073395,0.156555,1.2198655247831338,-0.016456896239282384,2.526692036132812,2.426269745773486,5.886784879255736,3.5029926526775235,0.021973,4.9475,4.925527,-1.9972100698772939,-0.035453202684239966
Run_3,115,1024,1024,0.02170787431640625,0.023824413561257876,0.0005676026815378482,0.032230955444645736,-0.056152,0.09903,0.15518200000000001,0.16455464591617153,-0.05614381868347607,0.0008337182812500001,0.011186694878518944,0.00012514214230508199,0.011217719397345097,-0.032501,0.036469,0.06897,-0.0645358684726478,0.01953881780651498,2.3020321210937498,2.4215109416868033,5.86371524070891,3.341117646425564,0.019531,4.9463,4.926769,-1.97807016831306,0.14970931233334284
Run_3,116,1024,1024,0.02177492591796875,0.03236222048047767,0.0010473133144270484,0.03900590613176517,-0.074158,0.13535,0.209508,0.354853515535658,0.16318524171507412,0.000596328876953125,0.013397292283937226,0.00017948744054124393,0.013410557358690657,-0.037689,0.047455,0.085144,0.31175332251888577,0.08418574655531498,2.4557242373046875,2.4299849034885788,5.904826631182397,3.4547660066736916,0.023193,4.9438,4.920607,-2.0014992231426296,0.02349993698848451
Run_3,117,1024,1024,0.0217233941015625,0.05549691510630576,0.003079907586316508,0.05959709252646733,-0.10315,0.16708,0.27023,-0.6640197945483624,0.1906796517656755,0.0006790348046875,0.0220451180102193,0.0004859872280844953,0.022055573362542002,-0.051422,0.054626,0.106048,-0.6262579440105114,0.07982093216622885,2.408269540039062,2.427964982748133,5.89501395745114,3.4197625845855293,0.020752,4.95,4.929248,-1.9973541737563578,0.061119138340666464
Run_3,118,1024,1024,0.021236976884765627,0.030106124917816966,0.0009063787575671996,0.03684274616218597,-0.093994,0.10757,0.201564,0.2686171751275688,-0.13196377944474796,0.00123591884765625,0.016502796585177133,0.000272342295131734,0.0165490117689766,-0.041962,0.052032,0.093994,-0.25238188423035224,-0.02861790710553245,2.3366559248046874,2.424007795071706,5.875813790568392,3.366864223798346,0.023193,4.9487,4.925507,-1.9852050301375959,0.1217402733747714
Run_3,119,1024,1024,0.021808729140625,0.025503784133807,0.0006504430051438256,0.033556872200385,-0.071259,0.12222,0.193479,0.7846486271524791,0.11108731071978874,0.0007428270410156251,0.011686316287058723,0.00013656998836117398,0.01170990095492007,-0.031433,0.033264,0.064697,-0.09381661740004255,-0.029814825894975035,2.523902333984375,2.428362859661103,5.896946178181451,3.5024318936523557,0.020752,4.9487,4.927948,-1.9987433143182654,-0.03378113608759924
Run_3,120,1024,1024,0.020580414892578124,0.04021610982302462,0.0016173354892975772,0.0451761991146691,-0.12527,0.16876,0.29403,1.0658456549998263,0.3076969806908761,0.001008960654296875,0.016284672992544352,0.0002651905744741034,0.016315899487188028,-0.04776,0.064087,0.111847,0.5159210638785257,0.09283532470215755,2.2595965869140624,2.419188799708867,5.852474448636828,3.310324936351492,0.01709,4.9451,4.9280100000000004,-1.9671212570827197,0.18441098500016587
Run_3,121,1024,1024,0.0219363223046875,0.05858923513923654,0.0034326984742007504,0.06256117574387393,-0.15274,0.15839,0.31113,-0.7752691235576226,-0.04279443523269157,0.0007691933593750001,0.02420871265914078,0.000586061768612843,0.024220929524627035,-0.055695,0.076752,0.132447,-0.7046778134653158,0.2515768922499335,2.499479685546875,2.4284629347372126,5.897432225392476,3.484943460639495,0.024414,4.9463,4.921886,-1.9998982907680267,-0.013511867534635714
Run_3,122,1024,1024,0.02224444791015625,0.033377822855386145,0.0011140790585655379,0.040111027428790615,-0.09201,0.12451,0.21652,0.46059371303524577,-0.24764879401450907,0.00067217931640625,0.01833346275522889,0.000336115856597365,0.018345781030819304,-0.05661,0.082703,0.139313,1.4386570370859078,0.4348650669751914,2.352664870117187,2.4271360270483644,5.890989293796119,3.3802398265329696,0.021973,4.9451,4.923127,-1.9906463276291737,0.10740089389107985
Run_3,123,1024,1024,0.021289434814453126,0.026310760398051063,0.0006922561127236521,0.033845179087168394,-0.082855,0.12558,0.20843499999999998,1.5403845102573195,0.08257308339213518,0.0006951256640625001,0.01146249209476253,0.0001313887250224935,0.011483550178900766,-0.040131,0.032654,0.072785,-0.003574586344016417,-0.17828825229992987,2.382844400390625,2.428163032856035,5.8959757141286175,3.4020469059966785,0.023193,4.9475,4.924307,-1.9946392643165731,0.08296431585541818
Run_3,124,1024,1024,0.0221709913671875,0.031967906262840434,0.0010219470308297526,0.038903725901687815,-0.084381,0.13824,0.222621,0.8284930034558138,0.255196378180752,0.0007803748730468749,0.015344341752564319,0.00023544882381948865,0.015364172895472494,-0.043945,0.05661,0.100555,0.3117332910964863,0.09146790308662997,2.475554,2.4292691284369847,5.901348498376988,3.468388113417094,0.023193,4.9475,4.924307,-2.0005929449962396,0.006955411465294495
Run_3,125,1024,1024,0.02169015833984375,0.05817902025391139,0.0033847983977050317,0.06209075105450509,-0.11719,0.17868,0.29587,-0.5490806034166464,0.2651285269258756,0.0007067494531250001,0.024678488080226463,0.0006090277739258796,0.024688606050471382,-0.078278,0.084229,0.162507,-0.2100392413821135,0.20705401864132758,2.283568185546875,2.4205014268383445,5.858827157326461,3.3276885093662703,0.020752,4.9438,4.9230480000000005,-1.9727835974382566,0.1656395197653671
Run_3,126,1024,1024,0.021517126152343746,0.025995413336824726,0.0006757615145523649,0.0337453438626463,-0.054932,0.09613,0.151062,-0.3091361626790561,-0.08251159553989837,0.000828796845703125,0.016118967214665693,0.0002598211040674675,0.016140260477418417,-0.049896,0.048676,0.09857199999999999,-0.051931135833914066,-0.140461406280291,2.5239463896484375,2.4274506025580385,5.892516427859385,3.5018312074797047,0.020752,4.9463,4.925548,-1.9990878379159578,-0.03254192680969164
Run_3,127,1024,1024,0.021719923818359375,0.032874151523719905,0.0010807098384044956,0.03940133156480667,-0.089874,0.14786,0.237734,1.1473361628307313,0.38111111779412105,0.0010062788085937499,0.012472607399544079,0.00015556593534316168,0.012513134394858329,-0.038452,0.034485,0.072937,-0.19881553454658318,0.05249568066667416,2.30306363671875,2.4215491205092476,5.8639001430391104,3.34185610968146,0.01709,4.9451,4.9280100000000004,-1.9781654126540709,0.14919591508498675
Run_3,128,1024,1024,0.020462747685546873,0.039840934524981005,0.0015873000638238232,0.04478866046965657,-0.084839,0.17365,0.25848899999999997,0.4434055406405655,0.23318236288221572,0.0008617445507812499,0.01839790663466248,0.0003384829685377577,0.01841807732116897,-0.054321,0.076752,0.131073,0.808992262404554,0.19679536443840173,2.4526990595703126,2.4294112823981817,5.9020391790435776,3.452212602934627,0.020752,4.9451,4.924348,-1.999589237473052,0.025427826458843606
Run_3,129,1024,1024,0.0218550793359375,0.054709780049925535,0.0029931600331112303,0.058913534318451415,-0.11505,0.15823,0.27328,-0.8231379410204407,0.22159324210645617,0.00108674638671875,0.023750862328016892,0.000564103461324412,0.023775711956394874,-0.051117,0.070496,0.121613,-0.7708079296267467,0.18939358819365398,2.4165030234375,2.4272250381004263,5.891421385581617,3.4250413498035606,0.013428,4.9548,4.941371999999999,-1.996328247496153,0.054818037042818346
Run_4,0,1024,1024,0.02139060126953125,0.00468258630063962,2.1926614462937844e-05,0.02189713308026897,0.0042725,0.036163,0.0318905,0.8115457121936904,-0.09366019525339445,0.0008301436425781251,0.00384085620610729,1.4752176395992884e-05,0.003929543849266192,-0.016022,0.015564,0.031586,1.8119122292218206,-0.32463549839997546,2.4843384716796875,2.428179844912046,5.896057359237089,3.4739019849593986,0.021973,4.95,4.928027,-1.9996905774924503,-0.0009799062700143136
Run_4,1,1024,1024,0.021222816015625,0.0035422521764217458,1.2547550481364594e-05,0.02151640002682683,0.0080872,0.034637,0.026549800000000002,1.0795922133776514,-0.045247777163874923,0.00049516421875,0.0034423206892857812,1.1849571727884937e-05,0.003477752051457268,-0.011292,0.012054,0.023346,0.6156910496723635,0.05592967786034541,2.4546587148437498,2.426742187779589,5.889077645949268,3.4517281254912935,0.021973,4.9426,4.920627,-1.9987922646998963,0.02415180809338628
Run_4,2,1024,1024,0.021391050488281247,0.005692906565754089,3.240918516640601e-05,0.022135632499628365,0.0024414,0.038757,0.0363156,0.4802896649134767,-0.044370152928137015,0.00044032902343750003,0.00562570705822798,3.164857990499611e-05,0.0056429132151644456,-0.024109,0.015411,0.03952,0.752694255379331,-0.482370372161741,2.2898847216796874,2.4197007412661993,5.854951677284195,3.331444688999992,0.021973,4.9475,4.925527,-1.9743918575887347,0.1587798666123091
Run_4,3,1024,1024,0.022143565234375,0.0053196529654494186,2.829870767281479e-05,0.022773585333930972,0.0021362,0.042267,0.0401308,1.1846457368301655,0.13977394617197691,0.000590383447265625,0.0053280070128322084,2.838765872878919e-05,0.005360616694336057,-0.018005,0.018616,0.036621,0.8893439504151273,-0.35433807618873214,2.46519626953125,2.4296433021701955,5.903166575780491,3.461265552235379,0.021973,4.9451,4.923127,-2.0012698184107904,0.014323769625488945
Run_4,4,1024,1024,0.02152202373046875,0.0044119846038049885,1.946560814421226e-05,0.02196959520790204,0.0015259,0.035248,0.033722100000000005,1.2806869606564666,-0.286066754568384,0.000772774150390625,0.0037680810697816127,1.4198434948446543e-05,0.0038465068355533305,-0.011902,0.011444,0.023346,0.33154337807167344,-0.3913145652535899,2.45760153515625,2.427429005296213,5.892411575753361,3.4543041095647204,0.019531,4.95,4.930469,-1.9993329867667362,0.021208900422594427
Run_4,5,1024,1024,0.021089031787109375,0.006502539661196601,4.22830220454348e-05,0.022068762624196773,0.00015259,0.039825,0.03967241,0.04020662433963196,-0.0697885778967069,0.0005777212695312502,0.005527890799260154,3.055757668854507e-05,0.0055579977108500015,-0.016479,0.016327,0.032806,-0.17190684495072928,0.1870525800819522,2.31377834140625,2.4235828809106827,5.873753980643324,3.3507199515632426,0.0097656,4.9475,4.9377344,-1.9818875275789074,0.1395049805409501
Run_4,6,1024,1024,0.0213834439453125,0.004972481014129799,2.4725567435881314e-05,0.021953980103803575,0.0061035,0.041656,0.0355525,0.45539553453266857,0.2700636253463551,0.000380425244140625,0.005343276104856258,2.855059953272787e-05,0.005356801554949308,-0.024109,0.016785,0.040894,1.6670979518437186,-0.28190361912308753,2.47001790234375,2.430142122467736,5.905590735391993,3.465051106880043,0.021973,4.9487,4.926727,-2.001036898278314,0.011944622594414946
Run_4,7,1024,1024,0.0220206279296875,0.0050621517539655965,2.5625380380176965e-05,0.022594986939538386,0.0015259,0.039063,0.037537100000000004,1.0301433230120427,0.052297409894792424,0.00052243033203125,0.005161546771565789,2.6641565075061217e-05,0.0051879185158295905,-0.018616,0.015869,0.034485,0.5976545929337256,-0.00029126588712540116,2.4440782080078125,2.427852655855275,5.894468518543512,3.444994456512549,0.021973,4.95,4.928027,-1.9983112589300158,0.03224895690178783
Run_4,8,1024,1024,0.0215232487890625,0.005425422325029384,2.9435207404927246e-05,0.022196518777520217,-0.0022888,0.042267,0.0445558,2.2670982189554136,-0.06998506953185252,0.0007490817480468751,0.004771714568235828,2.2769259920714036e-05,0.004830153557183353,-0.018158,0.015564,0.033722,1.2676355671650699,-0.056853830793235846,2.3013922548828125,2.4209025645463282,5.8607692270269895,3.3402358506341416,0.021973,4.9512,4.929227,-1.9772013685953467,0.1508335822169147
Run_4,9,1024,1024,0.0212170112890625,0.007506514885916593,5.634776573248741e-05,0.02250576223487427,-0.0041199,0.050812,0.054931900000000006,0.2586848666599284,0.07934670390136041,0.0004151469140625001,0.006037928831504163,3.6456584574309225e-05,0.00605218403013035,-0.017395,0.018005,0.0354,-0.12324997538090265,-0.15422270966371546,2.4854697939453123,2.429230645821936,5.901161530600461,3.475445529312035,0.01709,4.9463,4.92921,-2.000292684600464,-0.0008284630678399524
Run_4,10,1024,1024,0.02139939412109375,0.008139656617293965,6.625400984745744e-05,0.022895154041791446,-0.0054932,0.051422,0.0569152,0.9748520922972501,-0.07184305923820603,0.0006267456542968751,0.006127400338652989,3.7545034910124766e-05,0.006159370505604025,-0.023346,0.023346,0.046692,0.9674119487878499,-0.19262581245885718,2.442708448242187,2.4290764767193087,5.90041252975109,3.444885642929943,0.019531,4.9463,4.926769,-1.9997575839074127,0.03353374038362071
Run_4,11,1024,1024,0.02161920498046875,0.005764395654336286,3.3228257259731056e-05,0.02237450069269158,0.0045776,0.039978,0.0354004,0.21240049413299333,0.07345514795709933,0.0006715958593750001,0.005620465826102267,3.158963610238344e-05,0.005660448489361341,-0.014038,0.020142,0.03418,0.09147696060284671,0.1790171566260287,2.29972396484375,2.4212747439965727,5.862571385915668,3.3393564799811846,0.026855,4.95,4.923145,-1.9769666678111955,0.15164602047886977
Run_4,12,1024,1024,0.0218246759765625,0.004683625308660256,2.1936346031922874e-05,0.022321577621527276,0.0028992,0.043182,0.0402828,1.8849551170337158,0.28803411281132907,0.000520644775390625,0.003947487097711873,1.5582654386601707e-05,0.003981673689385314,-0.012512,0.014343,0.026855,0.7782218330367141,-0.13307662858345023,2.477954869140625,2.430076887321681,5.90527367829503,3.470667660810058,0.019531,4.9536,4.934069,-2.001327406939585,0.004391661288290882
Run_4,13,1024,1024,0.021470343164062503,0.004121909937964627,1.699014153669155e-05,0.021862428436001727,0.0076294,0.0383,0.0306706,1.3389231616316346,-0.1823077351618118,0.000738348994140625,0.004499802351227894,2.024822120011608e-05,0.004559975925075104,-0.020905,0.018616,0.039521,2.4035050858180416,-0.15993514687191868,2.4429977313476563,2.427009140621579,5.890373368660693,3.4436334421698382,0.0085449,4.9463,4.9377550999999995,-1.9983470649068316,0.03313321760585044
Run_4,14,1024,1024,0.02120149130859375,0.004452448131169473,1.9824294360754537e-05,0.02166396842845583,0.0038147,0.040588,0.0367733,2.2248713219267433,0.41506801128930915,0.000674575283203125,0.004441799683170042,1.972958442540949e-05,0.0044927314896528224,-0.019684,0.015106,0.03479,2.016558290301397,-0.4661312340259839,2.2992705156249995,2.421181267525062,5.862118730214266,3.338976435112521,-0.13916,4.9438,5.082960000000001,-1.9771792440382625,0.15175650812633032
Run_4,15,1024,1024,0.021405940234374997,0.004713004483559619,2.2212411262053072e-05,0.02191863792710869,0.0062561,0.036316,0.0300599,0.48372122654649985,0.33126950236717995,0.00039280045898437504,0.004816867494056863,2.320221245530164e-05,0.004832856779988414,-0.014648,0.017395,0.032043,0.7575223192480376,0.10531688423467392,2.4802883691406246,2.428170333292681,5.8960111674826905,3.4710000808955552,0.023193,4.9451,4.921907,-1.9997674253416833,0.001979485639796106
Run_4,16,1024,1024,0.0219716395703125,0.005062869586921513,2.5632648454174818e-05,0.022547407697158822,-0.0041199,0.043945,0.0480649,3.0899693329952456,-0.337067694538761,0.00049903806640625,0.004016391351342355,1.6131399487137667e-05,0.004047275438966337,-0.011597,0.011902,0.023499,-0.008549284306963223,-0.1455468041867247,2.4415875097656246,2.4277062999869115,5.893757878996141,3.4431246632731214,0.019531,4.9451,4.925569,-1.9990567081488972,0.03417140170981761
Run_4,17,1024,1024,0.021510555048828123,0.011250133058975086,0.00012656549384464414,0.024274873271622026,-0.01297,0.053406,0.066376,-0.09276398712597933,-0.18808465455179732,0.0006231554687500001,0.008506496989098852,7.236049102554782e-05,0.008529291515933833,-0.027008,0.024872,0.051879999999999996,0.19288549646284636,-0.1893022114166478,2.31234571875,2.4218095326561233,5.865161412464071,3.348448018931386,0.026855,4.9512,4.924345,-1.97989335364771,0.14117512823543554
Run_4,18,1024,1024,0.021028650205078124,0.0051703628862836346,2.6732652375859237e-05,0.02165494820643521,-0.00030518,0.037537,0.03784218,1.8454975160276934,-0.21655774991698354,0.00063627765625,0.004967856025127783,2.4679593486398415e-05,0.00500843715566457,-0.015411,0.017853,0.033264,0.8642809205956818,-0.2535258881375025,2.5050124140625,2.428649792491234,5.898339814567714,3.489043853145865,0.018311,4.9487,4.930389,-1.99981271548469,-0.018602006165976084
Run_4,19,1024,1024,0.021492071289062498,0.005535721445167927,3.0644211918492086e-05,0.02219354275938469,0.0028992,0.045319,0.0424198,1.8276539012087936,0.5106139540911153,0.00034377244140625,0.0053882427263454045,2.9033159678014156e-05,0.0053991980116943825,-0.018463,0.024567,0.04303,0.8841970215811807,0.17683855345867583,2.434657733398437,2.428351058628976,5.8968888639444685,3.438669385495105,0.018311,4.95,4.931689,-1.998936349733177,0.04064447061252239
Run_4,20,1024,1024,0.022151906152343748,0.004613728069084718,2.1286486695460198e-05,0.022627271883232082,0.0061035,0.043182,0.0370785,1.5168622345121765,0.11737281436172106,0.0005652043847656249,0.004273099457847597,1.825937897665743e-05,0.004310317270598038,-0.014038,0.014343,0.028381,0.5253108258336714,0.08623111454493891,2.2880080390625,2.418759838955721,5.850399158545105,3.329471421315962,0.019531,4.9438,4.924269000000001,-1.972717360018754,0.1618510952684672
Run_4,21,1024,1024,0.02143068740234375,0.004971483537974069,2.471564856834716e-05,0.02199977297849508,0.002594,0.037231,0.034637,1.1046272032357027,-0.0774684854894349,0.00073328904296875,0.0050037924855645685,2.5037939238592443e-05,0.005057237591722428,-0.014496,0.015564,0.03006,0.6383856287810805,-0.18263023981266963,2.4910013603515626,2.4317491031988676,5.913403700908496,3.4811623745786164,0.021973,4.9487,4.926727,-2.0023606664608686,-0.006424752567787485
Run_4,22,1024,1024,0.021277215234375,0.0047426623845422825,2.2492846493752288e-05,0.021799374638362262,0.0048828,0.039673,0.0347902,1.3142939640595026,0.01122954941139616,0.0008542825683593749,0.0046635085147214055,2.1748311666879048e-05,0.004741108559554583,-0.01358,0.016327,0.029907000000000003,0.3775614858695353,-0.11833019363884156,2.451101241210937,2.428221554818635,5.89625991928583,3.4502401675755308,0.023193,4.9426,4.919407,-1.9991087182803917,0.026512891724124778
Run_4,23,1024,1024,0.021416232539062496,0.0061941251424209925,3.8367186279971876e-05,0.022293994761979546,-0.0036621,0.043182,0.0468441,0.8357328179792614,-0.13096241435852593,0.00034675041015625,0.005220499617757657,2.725361625900784e-05,0.005232002685965611,-0.024261,0.019379,0.04364,2.129000822634368,-0.5416764448509466,2.306927327148437,2.4213470186202146,5.862921384581002,3.3443736449932198,0.021973,4.9512,4.929227,-1.9788999253084294,0.14463466062676378
Run_4,24,1024,1024,0.0217440701171875,0.0051809997611866,2.6842758525415613e-05,0.02235279275138975,0.0041199,0.0383,0.0341801,0.7454206900183968,-0.08759486094460221,0.000517963505859375,0.004638662717873984,2.1517191810194055e-05,0.004667491617946003,-0.012054,0.014954,0.027008,-0.06828020033858673,0.036323506063122284,2.4830384365234375,2.4305765469775835,5.907702350717472,3.474648504233231,0.021973,4.9451,4.923127,-2.001200960299685,0.00040067913347671474
Run_4,25,1024,1024,0.02158103913085937,0.007137847331119219,5.094886452236575e-05,0.02273081860580585,0.00015259,0.042114,0.04196141,0.042976099206557095,0.020197066937186713,0.00045686717773437503,0.006094965316906304,3.714860221429077e-05,0.0061120642856879156,-0.022125,0.018158,0.040283,0.29339338840599005,-0.12906481885130774,2.4425577822265625,2.4288630622699903,5.899375775259554,3.444628324620103,0.024414,4.9438,4.919386,-1.99892467804527,0.03325319583798118
Run_4,26,1024,1024,0.021377811357421873,0.004677951038606583,2.1883225919600404e-05,0.021883647875825366,0.00091553,0.036926,0.03601047,0.8559001924842615,0.03275234702233581,0.0009077783593750001,0.003963144704021285,1.5706515945011956e-05,0.004065781289587712,-0.011444,0.013733,0.025176999999999998,0.04297524750837445,-0.15314142104586892,2.298801046875,2.421383966297877,5.8631003122444385,3.338800168527316,0.013428,4.9475,4.934072,-1.976559863688441,0.15182729752977078
Run_4,27,1024,1024,0.021356334277343746,0.0041665015338282815,1.7359735031393424e-05,0.021758969387290408,0.0090027,0.040131,0.031128299999999998,1.0812842474922926,0.3831578444967334,0.0006267410351562501,0.004671984416340974,2.1827438386532916e-05,0.004713835244435431,-0.014801,0.020447,0.035248,1.253111451688751,0.08204194473282019,2.4888830380859375,2.429581321165454,5.9028653961560735,3.478132282336018,0.026855,4.9475,4.9206449999999995,-2.000625467937777,-0.004311548897639404
Run_4,28,1024,1024,0.021389702929687497,0.004845675229776743,2.3480568432471885e-05,0.02193171128418286,0.0033569,0.03418,0.030823100000000003,1.4088140830576688,-0.8181694215951562,0.000329019560546875,0.004588177592620634,2.1051373621426077e-05,0.004599959509892291,-0.016327,0.016632,0.032959,0.9224074336025323,-0.04221042269265058,2.428292845214844,2.428551619036541,5.897862966325004,3.4343076607151266,0.0061035,4.9463,4.9401965,-1.9981368653053477,0.044848429035097025
Run_4,29,1024,1024,0.02194151380859375,0.009614369377522183,9.243609852743628e-05,0.02395550305754706,-0.0036621,0.056915,0.0605771,-0.12997520112432737,0.13433551595657323,0.0007252394824218749,0.0073629154581968505,5.421252404455413e-05,0.007398546908104163,-0.030212,0.021515,0.051726999999999995,0.23904973328794732,-0.23562355171296487,2.30405513671875,2.4226526177580303,5.869245706329837,3.343339016517753,-0.59204,4.9451,5.53714,-1.9784505283922809,0.14758698134491235
Run_4,30,1024,1024,0.02148196830078125,0.00619778607786993,3.841255226703833e-05,0.022358164377757152,-0.0036621,0.042725,0.0463871,1.7063100220055523,-0.3435752241560734,0.000629277919921875,0.005379740073880983,2.8941603262520964e-05,0.00541641892425449,-0.020447,0.016785,0.037232,0.48344897868833936,-0.19293143188722126,2.501353671875,2.428194009546349,5.896126147996775,3.486100448896922,0.019531,4.9463,4.926769,-1.9995546863765017,-0.014381967608166096
Run_4,31,1024,1024,0.021195700712890626,0.005412248020673802,2.9292428637287482e-05,0.021875789296565272,-0.002594,0.039063,0.041657,1.5618478942848029,-0.05715506866847386,0.0007373101269531251,0.005303262695926182,2.812459522200223e-05,0.005354271327203158,-0.016937,0.022278,0.039215,0.6866829317914882,0.022816322563868646,2.435059349609375,2.4283215368022555,5.896745486097668,3.438932904582132,-0.061035,4.9475,5.008535,-1.9990647273006195,0.03955347078648135
Run_4,32,1024,1024,0.021319532031249998,0.0042527250440560094,1.8085670300341186e-05,0.02173955188893819,0.0056458,0.039978,0.0343322,1.2499058026955305,0.19265807304866178,0.00019416336914062504,0.0040632325542623885,1.6509858790017653e-05,0.004067869000340804,-0.012512,0.014038,0.02655,0.560463362000128,0.09822473186819436,2.294905603515625,2.4204172574521268,5.8584197001720755,3.335417729343581,0.015869,4.9451,4.929231,-1.9756746561388407,0.15636635845870828
Run_4,33,1024,1024,0.02208321943359375,0.005065703124827779,2.566134814888992e-05,0.022656785489145244,0.0030518,0.041199,0.0381472,1.427961516442708,0.1825607370033874,0.000632705859375,0.005187338546056518,2.6908481191403754e-05,0.005225782036776047,-0.024109,0.01709,0.041199,2.4758813318723982,-0.6482157933277989,2.4843471513671873,2.428056866190863,5.895460145456594,3.4738222340762994,0.023193,4.9438,4.920607,-1.9998166968007365,-0.0010388541846002815
Run_4,34,1024,1024,0.02165942802734375,0.005038673530559812,2.538823094756408e-05,0.022237784363988426,0.0061035,0.039368,0.0332645,0.4531646220250787,0.18568692770406744,0.000982730791015625,0.004953977462856892,2.4541892702494003e-05,0.005050510123750293,-0.016022,0.018616,0.034638,0.3641580201186474,-0.23192155109862989,2.4321192783203127,2.4287103242636805,5.898633839184992,3.4371264194327082,0.018311,4.9487,4.930389,-1.9998631602720647,0.04141773507719523
Run_4,35,1024,1024,0.021113154296875,0.002975308800875545,8.852462460567473e-06,0.021321766972374,0.011749,0.03067,0.018921,0.4342343615450792,-0.07243422706846478,0.000683964443359375,0.003352436463393063,1.1238830241087386e-05,0.0034214963979035964,-0.010681,0.0083923,0.0190733,0.00020770692231319998,-0.18892825224024995,2.3084759238281247,2.4216442923767216,5.864361078800753,3.345657210428897,0.021973,4.9487,4.926727,-1.9789275582611523,0.14398946467190288
Run_4,36,1024,1024,0.021146374423828128,0.009664233337861249,9.339740600862876e-05,0.02325008725319888,-0.011139,0.054626,0.065765,0.39513445436649564,-0.14789991099541666,1.9821806640625008e-05,0.006675347398584834,4.4560262891793316e-05,0.0066753768280009345,-0.020142,0.019836,0.039978,0.028666511100689185,-0.08640265190517146,2.495938705078125,2.4295342526516124,5.902636684807429,3.4831518348063,0.024414,4.9438,4.919386,-2.000952774192479,-0.010414949252619743
Run_4,37,1024,1024,0.022145947978515625,0.008445339888693627,7.132376583555968e-05,0.023701619727408505,-0.0024414,0.050201,0.052642400000000006,0.2400215657454936,0.020189606469684814,0.000715852998046875,0.007069881722373582,4.998322756835205e-05,0.007106030754448277,-0.020599,0.02533,0.045929,0.4848525987701131,0.031374363865234414,2.421427538085937,2.4271382364648515,5.891000018909709,3.428456116258546,0.023193,4.9463,4.923107,-1.9972463898057558,0.050460132084168025
Run_4,38,1024,1024,0.02161472705078125,0.0050366778374347256,2.5368123638106147e-05,0.022193795284220334,0.0045776,0.04364,0.0390624,1.0741190751861378,0.4078806627265138,0.000781415673828125,0.00468702833912146,2.1968234651727672e-05,0.004751720226089909,-0.016022,0.016479,0.032501,0.5850260810273475,-0.061537252891611334,2.31315496875,2.423318542642101,5.8724727591130375,3.3500983072987354,0.014648,4.9438,4.929152,-1.9809194850841563,0.14041284561929177
Run_4,39,1024,1024,0.021131469921875,0.003807107479561254,1.4494067360931244e-05,0.021471681080437996,0.0071716,0.033875,0.026703400000000002,0.6047154691530832,-0.12398933873768413,0.0006125849707031251,0.0035592598974542415,1.2668331017625976e-05,0.003611591250952594,-0.011597,0.011292,0.022889,0.597706889017072,-0.31719003525759276,2.497544790039062,2.428459483927981,5.897415465079757,3.4835535654459253,0.023193,4.95,4.926807,-1.9998421348043576,-0.010271847256349267
Run_4,40,1024,1024,0.02138749228515625,0.003982685183328081,1.5861781269501028e-05,0.021755151286927864,0.0088501,0.040741,0.0318909,1.5810713506437217,0.5784462896627415,0.00043377229492187503,0.00399084427580015,1.5926838033686824e-05,0.0040143488186166155,-0.014191,0.014496,0.028687,0.6029463323104682,0.06443468289504155,2.4306109921875,2.4270540046390474,5.890591141434436,3.434888780845333,0.021973,4.9475,4.925527,-1.9976670480551633,0.04344993426942522
Run_4,41,1024,1024,0.021680740068359374,0.005577244206579895,3.1105652939829e-05,0.022386606327257214,0.00091553,0.036926,0.03601047,0.4624542715898712,0.06963507145328063,0.0005939550097656251,0.006605586101752236,4.36337677476623e-05,0.006632235694039227,-0.027466,0.0177,0.045166,0.9550365406220385,-0.5606569223394346,2.295641595703125,2.4223863152740734,5.867955460427104,3.337353112325619,0.020752,4.9451,4.924348,-1.977107085376876,0.15461704755624336
Run_4,42,1024,1024,0.021922427597656252,0.005399521282258113,2.9154830077558293e-05,0.022577592029533147,0.00045776,0.041809,0.04135124,1.5360210257801752,-0.15209875189088004,0.0007060176171875,0.00517755914619856,2.680711871238436e-05,0.005225474101759904,-0.016937,0.018005,0.034942,0.7636643950406485,-0.2862794295916917,2.4958270576171877,2.42946508818423,5.902300614706009,3.48302358824055,0.023193,4.9475,4.924307,-2.00067754451738,-0.01024935683651809
Run_4,43,1024,1024,0.0212906201171875,0.0038818271081016674,1.5068581697192956e-05,0.02164160545503919,0.0010681,0.032043,0.030974900000000003,2.3996863135145468,-0.8556625588601143,0.0006665290527343749,0.003728164511893405,1.3899210627741389e-05,0.0037872775982069717,-0.014648,0.013275,0.027923,1.1279535006758934,-0.10307092427736314,2.449673755859375,2.427857379402776,5.894491454720514,3.4489698411071514,0.023193,4.9463,4.923107,-1.9990436212141707,0.02744862186546272
Run_4,44,1024,1024,0.02122148564453125,0.0064711347884231565,4.1875585449940413e-05,0.022186190263562295,0.0022888,0.040131,0.0378422,-0.011225367571424893,-0.055647313941647736,0.000593363603515625,0.00510040628509511,2.60141442730377e-05,0.005134805219189405,-0.01358,0.016327,0.029907000000000003,-0.25395544253713975,0.1768425750128396,2.2986466806640626,2.4213702738249423,5.863034002963077,3.3386839571140885,-0.037842,4.9451,4.982942,-1.9775196561714625,0.152032034347561
Run_4,45,1024,1024,0.02144723412109375,0.006602157975469984,4.3588489933061924e-05,0.022440417584752518,-0.0045776,0.043945,0.0485226,0.9787873150173851,0.09527142988032249,0.0003929424609375,0.005791256316206305,3.3538649719999417e-05,0.005804571775558214,-0.02533,0.016327,0.041657,1.030198660486108,-0.43574301182172837,2.4865243632812497,2.428384416375814,5.897050873696903,3.4756084766394686,0.021973,4.9463,4.924327,-2.0005984203924507,-0.0006872395020555982
Run_4,46,1024,1024,0.02213283798828125,0.004637448011540241,2.1505924059738536e-05,0.02261345708809788,0.0065613,0.039215,0.0326537,0.8532543657599794,0.3134866947250434,0.0005756300292968751,0.004415460223400449,1.9496288984431543e-05,0.004452823701322551,-0.019226,0.019226,0.038452,2.4448576518439475,-0.1111193046741682,2.428133190429688,2.4269482849939856,5.890077978035248,3.433061136726449,0.021973,4.9463,4.924327,-1.9981595313634661,0.04508795266288856
Run_4,47,1024,1024,0.021492539453125,0.004385143673334683,1.92294850357872e-05,0.021935330797139163,0.0038147,0.035553,0.031738300000000004,0.881739612392304,-0.2691018718893996,0.0006987191015625,0.00392803405399044,1.542945152930857e-05,0.00398969421286856,-0.011902,0.014038,0.025939999999999998,0.22929494302830955,-0.21531528202790604,2.30614664453125,2.4224968477121265,5.868490977175189,3.3446678943144614,0.023193,4.95,4.926807,-1.979414697588673,0.14571616029546533
Run_4,48,1024,1024,0.020975756640625003,0.006345904371115177,4.0270502287338715e-05,0.021914672457832046,0.0027466,0.03952,0.0367734,0.05891003802196515,0.06841942437562587,0.00061362931640625,0.005259819710455057,2.766570338649153e-05,0.005295492831120133,-0.016327,0.017548,0.033875,0.38181493352750495,0.0860591471190197,2.506702501953125,2.428807899309676,5.899107811749081,3.490367494268639,0.020752,4.9463,4.925548,-1.9999296046838242,-0.019619639599058932
Run_4,49,1024,1024,0.02148360158203125,0.009017550950122008,8.131622513804633e-05,0.023299385444116374,-0.0050354,0.052795,0.057830400000000004,0.48729639715595763,0.09076283201175349,0.00037923345703125,0.006727670085406928,4.5261544778079255e-05,0.006738350153636358,-0.023499,0.021973,0.045472,0.6316247625494427,-0.16992079863751156,2.4182765654296876,2.4275555475951305,5.893025936659894,3.4265270294521684,0.020752,4.9475,4.926748,-1.9969842701068388,0.053313882161855876
Run_4,50,1024,1024,0.02217156298828125,0.005646245845655094,3.1880092149577404e-05,0.02287921103300768,0.0033569,0.041504,0.038147099999999996,0.8190552680457515,-0.15648177613090514,0.000712872744140625,0.004914256199006123,2.414991398947011e-05,0.0049656924531034635,-0.016022,0.015869,0.031891,0.39162357446838403,-0.30002285931459216,2.28254004296875,2.4220068488383113,5.866117175819687,3.328078458146002,0.020752,4.9438,4.9230480000000005,-1.9740486260405568,0.16576969234367397
Run_4,51,1024,1024,0.021511002539062497,0.0047495488108363505,2.2558213906516994e-05,0.022029104478894966,0.0048828,0.041809,0.0369262,1.345629759284531,0.1234599737359297,0.0006409002050781251,0.004032625887566916,1.626207154907486e-05,0.004083237027401672,-0.017242,0.018158,0.0354,1.2023761392051275,0.0904155574511305,2.503358001953125,2.428914379811999,5.899625064457508,3.488040474306491,0.020752,4.95,4.929248,-1.9997022893173804,-0.016066139747482173
Run_4,52,1024,1024,0.021088716796874997,0.0032811400981402968,1.0765880343624116e-05,0.021342442608155748,0.011444,0.035553,0.024109000000000002,0.9840252523675574,-0.21200174444548653,0.000585615263671875,0.003479384203913854,1.2106114438445244e-05,0.0035283225016274696,-0.012817,0.012817,0.025634,0.8939734089488511,-0.32347330440719557,2.4246778427734377,2.427954087803326,5.894961052480882,3.4313297267556977,0.026855,4.9451,4.918245,-1.9976147638157908,0.049038783401472975
Run_4,53,1024,1024,0.02136184853515625,0.004567529742473141,2.086232794837676e-05,0.021844699603961917,0.0074768,0.037842,0.030365200000000002,0.7781327130334592,0.13968469532837946,0.0005878476953125001,0.0045422718946335535,2.0632233964777892e-05,0.004580152713355976,-0.01297,0.014038,0.027008,0.009612434089112387,-0.22864597112011967,2.2955475556640623,2.4214087142643628,5.863220161515395,3.336578897887872,0.020752,4.9463,4.925548,-1.976273162774896,0.15402908795581483
Run_4,54,1024,1024,0.021954157041015623,0.006265110632301764,3.9251611234980606e-05,0.02283060714515837,-0.0019836,0.042114,0.0440976,1.2328491462903415,-0.22388209395067363,0.0005848714257812499,0.005396026673664824,2.9117103862902266e-05,0.005427631016161439,-0.016937,0.014038,0.030975000000000003,0.2902550960255321,-0.28593883047471913,2.4909582421875,2.4301737334672624,5.905744374834213,3.4800312267501354,-0.56641,4.9451,5.51151,-2.000458431815872,-0.005949367616548044
Run_4,55,1024,1024,0.021458409667968747,0.003572180826790729,1.2760475859291297e-05,0.02175370822038546,0.0093079,0.036469,0.0271611,1.421056644062471,0.5653792056360499,0.000577270048828125,0.003745308090600254,1.402733269351572e-05,0.0037895347211484615,-0.01358,0.015564,0.029144,0.8842680905092193,-0.18216135781393064,2.428507638671875,2.428608157713737,5.898137583713711,3.434499517368048,0.021973,4.9536,4.931627,-1.9990382443352617,0.04460804996919372
Run_4,56,1024,1024,0.0213871701953125,0.008832672236022101,7.801609882899567e-05,0.023139298774860463,-0.0083923,0.046082,0.054474299999999996,-0.07713860369882797,-0.07493412634580761,0.0005572994335937499,0.007437746929357024,5.5320079385159835e-05,0.007458596519710913,-0.020142,0.02182,0.041962,-0.11231041856972368,-0.08306090280638125,2.31498916015625,2.4224271762886693,5.868153424421896,3.350720554755773,0.019531,4.9475,4.927969,-1.9813923637362905,0.13857013126053225
Run_4,57,1024,1024,0.021255315068359378,0.008477283755784876,7.186433987609414e-05,0.022883460370567193,-0.0018311,0.052643,0.054474100000000004,0.5546078902188833,0.07686677066780387,0.000691422509765625,0.007289426331193741,5.3135736237900633e-05,0.007322144585086478,-0.02594,0.020905,0.046845,0.2997757704085937,-0.10999522868991915,2.5123560537109375,2.4294721745848187,5.9023350470818885,3.494891698994388,0.021973,4.9463,4.924327,-2.000614434089183,-0.023611126421256897
Run_4,58,1024,1024,0.021590138291015623,0.00641633226515174,4.1169319736827263e-05,0.02252339652809954,-0.0047302,0.044403,0.0491332,2.1738139158839003,0.07112416332917385,0.000513047001953125,0.004734921527805965,2.241948187448037e-05,0.0047626357304221215,-0.016937,0.019073,0.03601,1.2763014721905703,0.14917535938968063,2.408847041015625,2.4252210642044916,5.8816972102611675,3.4182219467540285,0.021973,4.9451,4.923127,-1.9953145267162649,0.06246502343237759
Run_4,59,1024,1024,0.02203017041015625,0.004259686314335429,1.814492749653655e-05,0.022438211510658786,0.0057983,0.03479,0.028991700000000002,0.8973348105782297,-0.09412382724295085,0.0005181117578125,0.0035730475774439063,1.2766668990677768e-05,0.0036104167050717744,-0.010529,0.016174,0.026703,0.4887738141440283,0.00916659795982873,2.2996393076171877,2.421410277648717,5.863227732702838,3.3393964541277357,0.023193,4.9426,4.919407,-1.9773277405492782,0.15130547160835175
Run_4,60,1024,1024,0.02129792177734375,0.00494419512520471,2.4445065436098015e-05,0.021864275370337596,0.0018311,0.040436,0.0386049,1.2427760284032967,0.152440975245599,0.000588297763671875,0.004654532926045678,2.166467675964334e-05,0.00469156381373894,-0.014954,0.013733,0.028687,0.5203043234567541,-0.15740822788459943,2.5134233095703125,2.4290600039151125,5.900332502620087,3.495372546054493,0.020752,4.9487,4.927948,-2.000061029822115,-0.02466264679228088
Run_4,61,1024,1024,0.02133012119140625,0.0061396965505759685,3.769587373315444e-05,0.022196169574348463,0.0021362,0.03891,0.0367738,0.25802098619024116,-0.03912544906342756,0.00059142705078125,0.0057622922697725225,3.320401220228017e-05,0.00579256404010141,-0.020447,0.018005,0.038452,0.48596708268028843,-0.047088981190299625,2.4239996113281252,2.4283236015794496,5.89675551398779,3.431112010661659,0.012207,4.9451,4.932893,-1.9982172505422167,0.04864673508261663
Run_4,62,1024,1024,0.0212106044921875,0.005726106518118161,3.278829585683529e-05,0.021969934883400082,0.0042725,0.04715,0.0428775,1.1992538337967211,0.5521261182391257,0.00039726337890625,0.0048721618720111316,2.373796130707901e-05,0.0048883309523086735,-0.015717,0.014801,0.030517999999999997,0.2379449629967909,-0.029126039719618208,2.298024828125,2.421486573920853,5.863597227678949,3.338340207102608,0.023193,4.9451,4.921907,-1.97637053456526,0.15311705612079776
Run_4,63,1024,1024,0.022128666210937502,0.0038882320188628975,1.5118348232510644e-05,0.02246767047354037,0.0067139,0.043793,0.0370791,4.320488847650555,0.5145717206177881,0.00062719029296875,0.004063346768530332,1.651078696132589e-05,0.004111466237842665,-0.022888,0.014648,0.037536,4.0083668702195,-0.705051972638004,2.4995351591796875,2.4297096263458453,5.903488868357668,3.4858521024755325,0.021973,4.9438,4.921827,-2.0007416706732544,-0.012425733053961057
Run_4,64,1024,1024,0.021574647851562496,0.006589057147203724,4.341567408911648e-05,0.02255839320536919,-0.0082397,0.044098,0.0523377,1.2946108610073352,-0.07384222788175043,0.0006715940234375001,0.0046938753774017836,2.2032466058578735e-05,0.004741677402659918,-0.017242,0.020447,0.037689,1.7281364658877294,-0.31206238630335587,2.4293643886718748,2.427136505151711,5.890991614640062,3.4340650762015468,0.024414,4.9475,4.923086,-1.9971617535167292,0.044453120495708584
Run_4,65,1024,1024,0.02106188734375,0.0050234191207792645,2.523473966301072e-05,0.021652663534628417,-0.00015259,0.044556,0.04470859,1.9531598311445908,0.23779763769138834,0.0006216741503906249,0.004566723483061672,2.0854963370746932e-05,0.0046088439027603045,-0.014038,0.016632,0.030670000000000003,0.1879783000258537,0.024474870096952983,2.297948754882812,2.4218135804951997,5.865181018670979,3.3385250483916464,0.024414,4.9463,4.921886,-1.9768216023418597,0.15363179393739443
Run_4,66,1024,1024,0.02134545048828125,0.0041550240233092645,1.7264224634277104e-05,0.02174609117018374,0.0076294,0.034485,0.0268556,0.8179518602561058,0.3937374405316176,0.0003580749609375,0.0044483561610653526,1.9787872535688082e-05,0.00446274469506586,-0.016174,0.015106,0.03128,0.8449289246558154,-0.2373509021298792,2.5112048486328122,2.431662936370915,5.9129846361200205,3.4955878515518624,-0.56274,4.9451,5.50784,-2.0010864653110856,-0.02325582736352575
Run_4,67,1024,1024,0.021989321289062495,0.004361483082299357,1.9022534677183498e-05,0.022417689118881114,0.0054932,0.038757,0.033263799999999996,1.2541960339753615,0.0689547030356568,0.0005216899414062501,0.004254667810987954,1.8102198181857027e-05,0.004286532232098749,-0.013733,0.016327,0.030060000000000003,0.8098046082056616,0.05234606323808315,2.414476830078125,2.428801826678163,5.899078313275181,3.4247301610870444,0.019531,4.9438,4.924269000000001,-1.9977527046853039,0.05630085209520328
Run_4,68,1024,1024,0.021755386826171876,0.008008918675179383,6.41427783456371e-05,0.023182744322060102,-0.0013733,0.05249,0.0538633,0.26860041698258286,0.24244985907371644,0.000814792421875,0.006807212166964615,4.633813748607109e-05,0.006855802227078609,-0.028534,0.030518,0.059052,1.4105743897278717,-0.18542764315422655,2.316284455078125,2.423803710283772,5.874824425985381,3.3526106399076445,0.020752,4.9463,4.925548,-1.9816858701690367,0.13747547070474145
Run_4,69,1024,1024,0.021144751357421873,0.010084889999452026,0.00010170500630104747,0.023426598478401464,-0.018768,0.051727,0.070495,0.3237433272909169,-0.2831442920085614,0.00044330578125,0.0071625909043679815,5.130270846333494e-05,0.00717629629258886,-0.019531,0.025177,0.044708,0.25364480142157886,0.18452560623540692,2.518604875,2.4275041503682955,5.8927764000553005,3.4980204282463916,0.014648,4.95,4.935352,-1.998658101943972,-0.02910815699615046
Run_4,70,1024,1024,0.021223858203125,0.005150292741624003,2.6525515324424898e-05,0.02183981850544508,0.0010681,0.039368,0.0382999,1.1714381324325842,0.0568231308909029,0.0006097545898437499,0.004550146715069337,2.0703835128656277e-05,0.004590820818600068,-0.015564,0.017395,0.032959,1.3751252597316643,0.10830771314901484,2.4110981044921873,2.427861407591149,5.894511014470474,3.4216816163921937,-0.60547,4.9475,5.55297,-1.9958806509042013,0.05842909950478633
Run_4,71,1024,1024,0.02166373955078125,0.004431652962602724,1.9639547980945504e-05,0.022112375704682417,0.0016785,0.041962,0.0402835,2.394268695506276,-0.03879204033479016,0.000401288037109375,0.003698076433672424,1.3675769309283354e-05,0.003719785127935544,-0.0091553,0.014954,0.0241093,0.6694133073757746,0.3256038298440032,2.2898962431640624,2.4207077393020824,5.859825959116998,3.33218408308633,0.021973,4.9438,4.921827,-1.9745021171425146,0.15976481309314525
Run_4,72,1024,1024,0.02188817171875,0.006260385741539297,3.9192429632868534e-05,0.02276586240014544,-0.00091553,0.051727,0.05264253,2.313774100299131,0.3159174916973125,0.0005055934375000001,0.005009367761558411,2.5093765370540724e-05,0.005034817781666362,-0.02655,0.02182,0.048369999999999996,3.3548146219570505,-0.3953135497266671,2.511449799804687,2.428768229329471,5.898915111800212,3.4937508796047863,0.020752,4.9463,4.925548,-2.000266677680271,-0.02402587880686413
Run_4,73,1024,1024,0.021301049414062502,0.005029067453975964,2.5291519456640285e-05,0.02188666775909418,0.0022888,0.042114,0.0398252,1.5166229942614526,0.12913508012481884,0.000794677470703125,0.004482178820429696,2.0089926978308543e-05,0.004552080761668411,-0.014191,0.012665,0.026855999999999998,-0.09567102839191,-0.033210115486028265,2.4251107314453124,2.42672596756811,5.88899892166938,3.4307668211991027,0.013428,4.9487,4.935271999999999,-1.9973511775471706,0.04772670121240632
Run_4,74,1024,1024,0.021435025390625,0.005523262034044609,3.05064234967186e-05,0.02213519227369523,-0.0057983,0.045166,0.0509643,4.152283754871704,0.24477888142616663,0.0006516261621093751,0.004694272052249723,2.2036190100532826e-05,0.0047392833588717,-0.019836,0.013733,0.033569,1.8803937408676275,-0.5805519489563643,2.312884017578125,2.423392698325869,5.8728321702991355,3.3499648728109768,0.020752,4.9475,4.926748,-1.981240111828338,0.1414202290323604
Run_4,75,1024,1024,0.02122622905273437,0.00515851179333069,2.6610243921931818e-05,0.021844061978512068,0.00061035,0.038147,0.03753665,1.035897251980951,-0.26393085046394993,0.000264047705078125,0.005566227012713533,3.098288315706182e-05,0.005572486370339442,-0.023346,0.019989,0.043335,1.357366754268071,-0.1427727417800506,2.505790322265625,2.426944013632813,5.890057245308148,3.4884154546825714,0.013428,4.9487,4.935271999999999,-1.9988544178933345,-0.018627573651888468
Run_4,76,1024,1024,0.0221516280859375,0.009688648952874614,9.386991853203833e-05,0.024177769652921535,-0.0048828,0.052338,0.0572208,-0.2170141734749258,0.04462561870015521,0.000600961943359375,0.0075410413290390105,5.686730432627444e-05,0.0075649494105143045,-0.020905,0.022888,0.043793,0.07155734886291532,-0.19651470546159072,2.4053481953124995,2.428259973762135,5.896446500175285,3.417915511078117,0.019531,4.9475,4.927969,-1.997563024042474,0.06392518445536419
Run_4,77,1024,1024,0.02142383686523438,0.008119932582353915,6.59333051419727e-05,0.022911003713721234,-0.0076294,0.046692,0.0543214,0.4852237014898222,-0.09055066039333991,0.0006070706542968751,0.00699904312785758,4.8986604705610416e-05,0.007025321308304614,-0.020447,0.017853,0.0383,-0.19782316080134343,-0.05356617495767169,2.3221735986328125,2.424117269039761,5.8763445340567895,3.3569085117476845,0.023193,4.9463,4.923107,-1.9830834890421185,0.1332576408839132
Run_4,78,1024,1024,0.02124755556640625,0.005542636877611491,3.072082355705886e-05,0.021958584678994683,0.0013733,0.040436,0.0390627,1.4072199972957637,0.03180359666636855,0.0008560694921875001,0.004177217699314362,1.744914770746517e-05,0.0042640359617291375,-0.011597,0.012207,0.023804,-0.02550819209066102,-0.13091466196097137,2.5109490986328127,2.429406602268488,5.90201643914572,3.4938348293917176,0.020752,4.9451,4.924348,-2.0002699986323034,-0.023123802417383953
Run_4,79,1024,1024,0.021229073632812498,0.004833885636565134,2.3366450347390713e-05,0.02177246007356003,0.0015259,0.04425,0.0427241,2.442322581706895,0.3160032496330927,0.00021025983398437496,0.0048058538748201145,2.3096231466123507e-05,0.004810451191303228,-0.015564,0.014801,0.030365,0.6329956959482188,0.09692422018475054,2.4035826796875,2.4264586765129015,5.887701708824741,3.4153933019373457,0.025635,4.9475,4.9218649999999995,-1.995042085234834,0.06520744970791234
Run_4,80,1024,1024,0.022201533212890624,0.006594234965784368,4.348393478397317e-05,0.023160138423313853,-0.0033569,0.042725,0.0460819,0.9360581542846984,-0.16002983884975341,0.0005544714453125,0.005041292983543397,2.541463494592389e-05,0.005071693359183974,-0.018921,0.013733,0.032654,-0.0383638918061453,-0.2481299090384277,2.3015852646484376,2.4230971733174047,5.871399911338796,3.3419597008021524,0.021973,4.9475,4.925527,-1.9782731639777542,0.14981022286288095
Run_4,81,1024,1024,0.02162725107421875,0.006789000817623906,4.6090532101698065e-05,0.022667785977659886,0.0018311,0.04364,0.041808899999999996,0.271411257454758,0.05720671865647771,0.0009050937402343749,0.005815999546614838,3.3825850726224e-05,0.005886004196807495,-0.017853,0.017395,0.035248,0.1952633605744598,0.05713008207595672,2.5155984218749996,2.428273957076053,5.896514410613793,3.4963909722389146,-0.081787,4.9475,5.029287,-1.9992363684740488,-0.026850083592586706
Run_4,82,1024,1024,0.021034317578125003,0.00386547128580594,1.494186826139023e-05,0.02138654680491473,0.0086975,0.0354,0.0267025,0.4702778309466722,0.010028602856721342,0.0005869557421875,0.0035709170576503726,1.2751448632618394e-05,0.0036188348505983626,-0.011139,0.011902,0.023041,0.36519288623228174,-0.05890802809419219,2.413897833984375,2.4273954113547656,5.892248483066171,3.4233245881716545,0.020752,4.9475,4.926748,-1.9968543291146523,0.056985944955878304
Run_4,83,1024,1024,0.02136274365234375,0.0040542850454674635,1.6437227229901113e-05,0.021744057661477408,0.0064087,0.031738,0.025329300000000003,0.3513650561375026,-0.26267647277439743,0.00031098918945312497,0.003996519812867369,1.5972170614641436e-05,0.00400860136339324,-0.013885,0.014954,0.028839,0.8474890256179206,-0.04936580093536037,2.3141587275390623,2.423965484485947,5.875608669979192,3.3512593582449575,0.021973,4.95,4.928027,-1.9815466351664481,0.13938028563039132
Run_4,84,1024,1024,0.021866239453125,0.004894479006629212,2.3955924746334077e-05,0.022407328099702882,0.0041199,0.042572,0.038452099999999996,1.4863920357048759,0.18691445694187078,0.000613628798828125,0.004647772581856397,2.1601789972656075e-05,0.004688105190309548,-0.014496,0.018616,0.033112,0.6809090154084307,-0.23470391505024155,2.5206738115234373,2.4280294178265267,5.895326853831023,3.499874757463632,0.021973,4.9475,4.925527,-1.9989426481255166,-0.030012949573415024
Run_4,85,1024,1024,0.021750023632812497,0.005416119548939659,2.9334350968406336e-05,0.022414233848077624,0.0024414,0.03891,0.036468600000000004,0.2635076543359185,0.14005900180583822,0.0005902347265624999,0.005814285122955127,3.380591149101731e-05,0.005844167051296328,-0.016479,0.020447,0.036926,0.24852570123212558,-0.005162617438307543,2.415073306640625,2.426809878392502,5.889406185863429,3.423738492103553,0.021973,4.9524,4.930427,-1.9958247504269162,0.0561651007372663
Run_4,86,1024,1024,0.021190470703125,0.0031692457851668658,1.0044118846797943e-05,0.0214261561523946,0.010529,0.030518,0.019989,0.05153771366568494,0.009835261261487087,0.000706913017578125,0.0033246817610668956,1.1053508812370875e-05,0.003399004975988162,-0.01358,0.011597,0.025176999999999998,0.895077673051015,-0.31202528017235215,2.3042229746093748,2.4228917152404374,5.870404263780749,3.343627936912004,0.021973,4.9451,4.923127,-1.9787283073516477,0.14886436410665807
Run_4,87,1024,1024,0.02146170009765625,0.005110503831336732,2.6117249410107416e-05,0.022061772832024304,0.0022888,0.040131,0.0378422,0.8576398049357805,0.005091576583992937,0.0006119945996093751,0.004793883719051266,2.29813211117848e-05,0.004832789929402667,-0.016479,0.015717,0.032196,0.2834357658518498,0.0042344621159865715,2.520510364257812,2.4283886694691406,5.8970715300061025,3.500006289471085,0.018311,4.9475,4.929189,-1.999290116063522,-0.030940343827223403
Run_4,88,1024,1024,0.021325934501953123,0.01116112280220653,0.00012457066220593452,0.02407002585348693,-0.011749,0.060883,0.072632,0.1493589426167916,-0.007227168646284813,0.00043094430664062495,0.008304459786608516,6.896405234739795e-05,0.008315633790807766,-0.02655,0.036163,0.062713,0.5481512522980334,0.184126584011975,2.3929735585937495,2.4261562414856748,5.886234108099895,3.407720141124962,0.023193,4.9463,4.923107,-1.9940244613715161,0.0745357354720817
Run_4,89,1024,1024,0.02185700736328125,0.008329625493964198,6.938266086969832e-05,0.023390413244494614,-0.0045776,0.043335,0.0479126,-0.11466177508577902,-0.1993249067532204,0.0005224401074218751,0.0074393558242834236,5.53440150802997e-05,0.007457677838720487,-0.016632,0.031586,0.048218000000000004,0.25884625732572175,0.21268992739620246,2.309176166992187,2.4223342173597886,5.867703060592059,3.3466397521688513,0.023193,4.95,4.926807,-1.9796143358474965,0.14337663164338801
Run_4,90,1024,1024,0.021357227587890625,0.004913504847242041,2.4142529883871038e-05,0.021915147732215437,-0.00030518,0.047455,0.04776018,3.3690300143436342,0.04349800197741631,0.0007167481640625,0.004032802471420859,1.6263495773498193e-05,0.004096000940452181,-0.014038,0.013428,0.027466,0.8494868883477422,-0.12081122929318243,2.52435886328125,2.426788164959481,5.8893007975874045,3.5016693830534615,0.021973,4.9438,4.921827,-1.9981724384299138,-0.03381143599088086
Run_4,91,1024,1024,0.021296134179687502,0.003667432556251316,1.3450061554652061e-05,0.021609613429071473,0.0085449,0.034485,0.0259401,1.0740065806308987,0.13761845048431698,0.000674723779296875,0.0038532643398534196,1.484764607278601e-05,0.003911891901770123,-0.010071,0.019836,0.029907,2.928852818068929,0.8211599666347014,2.4109212783203127,2.4275893384612766,5.893189996210859,3.4213639687219057,0.019531,4.9475,4.927969,-1.9972800269214468,0.059493087788230294
Run_4,92,1024,1024,0.021315495996093746,0.004588695530896246,2.1056126675267176e-05,0.021803818386575226,0.007782,0.037842,0.03006,0.45593535200001023,0.43075836548219226,0.00024526935546875003,0.004502554995591021,2.0273001488321657e-05,0.004509230371699112,-0.022736,0.014496,0.037232,2.7178263401077167,-0.6318856085500344,2.3084501669921873,2.4225921432911486,5.868952692736,3.3463255768413,-0.080566,4.9438,5.0243660000000006,-1.9795677320107146,0.1453057687892634
Run_4,93,1024,1024,0.022156241064453124,0.006079797903762224,3.696394255059154e-05,0.022975268456685124,-0.0032043,0.044556,0.0477603,1.7867612837959221,0.084834365330909,0.000529437666015625,0.005632446911590752,3.17244582118882e-05,0.005657275179278826,-0.023499,0.017242,0.040741,1.0005160388421332,-0.21085281431501413,2.510681203125,2.425962392482022,5.885293529737098,3.491248148365036,0.01709,4.9451,4.9280100000000004,-1.9978050492021568,-0.02198983975092711
Run_4,94,1024,1024,0.0215621208984375,0.003907566729983032,1.5269077749270285e-05,0.02191333236612144,0.0085449,0.037231,0.0286861,0.5316164481150905,0.048722689877703576,0.000984222685546875,0.004662258457231398,2.1736653922025697e-05,0.004765012929339311,-0.016785,0.014038,0.030823000000000003,0.7029209776062886,-0.1497334424470991,2.40253289453125,2.426984919108106,5.890255797578181,3.4150285660420012,0.019531,4.9475,4.927969,-1.9960944503923341,0.06647068648031142
Run_4,95,1024,1024,0.021016731660156253,0.007028321489974924,4.939730296644334e-05,0.022160783213628923,-0.0028992,0.043793,0.046692199999999996,0.48288918723575724,0.11616034546852412,0.00049457287109375,0.005671517646106415,3.2166112410096446e-05,0.005693040904026455,-0.018768,0.024567,0.043335,0.6624216757216632,-0.02339268035146677,2.317976703125,2.42397477346919,5.8756537024150095,3.353903650769541,0.020752,4.9451,4.924348,-1.9825151671794086,0.13634316455889464
Run_4,96,1024,1024,0.02116144720703125,0.009815287886421609,9.633987629333477e-05,0.02332695274118129,-0.0099182,0.056152,0.0660702,0.8572403280461596,0.03601009110509583,0.00024318477539062505,0.007403156711666749,5.4806729297496434e-05,0.007407149798166514,-0.026855,0.026093,0.052948,0.10702172124062992,-0.14090737234710302,2.496566416992187,2.4288130057725605,5.89913261700994,3.4830986910311843,0.021973,4.95,4.928027,-2.0004713673759733,-0.00986678449387758
Run_4,97,1024,1024,0.022092761640625,0.007078361007478597,5.010319455219341e-05,0.023198993759679855,-0.0027466,0.049438,0.052184600000000005,1.5061887442053772,0.021104179890885363,0.000641344716796875,0.0073599078984584,5.416824427379035e-05,0.007387798543514408,-0.026093,0.027313,0.053406,0.48300611616655775,-0.003978452231652464,2.38850183984375,2.4285940726238775,5.898069169583831,3.406319158346852,-0.59326,4.9414,5.53466,-1.9951610175841832,0.07661356373636313
Run_4,98,1024,1024,0.021591929003906253,0.004679257153819491,2.1895447511570884e-05,0.022093140239026657,0.0021362,0.035095,0.0329588,0.835571055389075,-0.14403232486411696,0.0007370101855468749,0.003989060351269602,1.5912602486071157e-05,0.00405657324593936,-0.015411,0.012207,0.027618,0.7674254464113135,-0.2586244649367281,2.3270290976562498,2.4253327935271574,5.882239159358246,3.361146170683017,0.019531,4.9451,4.925569,-1.9845134375298763,0.12873061415470355
Run_4,99,1024,1024,0.021142944335937497,0.0031038163246517904,9.633675777174949e-06,0.021369552427922458,0.010529,0.031433,0.020904000000000002,0.8769693346026672,0.005941068389648158,0.000505150234375,0.0035127038113137725,1.2339088066018303e-05,0.0035488399266954017,-0.010834,0.010376,0.02121,0.33628212685193937,-0.4008072429280702,2.5267472519531253,2.4290715007036088,5.900388355530483,3.5049736134218117,0.014648,4.9451,4.930452,-1.999633203263283,-0.0363753632919803
Run_4,100,1024,1024,0.0212140193359375,0.006567076761505162,4.3126497191501125e-05,0.02220723111009185,0.0021362,0.040436,0.0382998,-0.11110753625036685,-0.08592862704195774,0.0004725175195312501,0.006305111496318237,3.97544309810044e-05,0.006322792404252125,-0.017395,0.021973,0.039368,-0.09239440968876123,0.004507528386989337,2.399340623046875,2.427336241808898,5.891961230798946,3.4130333511704674,0.025635,4.95,4.924365,-1.9954168404490602,0.06966973856988595
Run_4,101,1024,1024,0.02177370111328125,0.0062197129008916404,3.8684828569517906e-05,0.02264462162942943,0.00076294,0.047302,0.04653906,1.0746652849933023,0.3714358751508823,0.0005762254589843751,0.005853394297931786,3.426222480706034e-05,0.005881688582936203,-0.019989,0.018768,0.038757,0.19235040999211384,-0.028027801707318216,2.304773151367187,2.4232577047559682,5.872177903659162,3.3442722949727344,0.020752,4.9451,4.924348,-1.9790528913475425,0.14788904229988573
Run_4,102,1024,1024,0.021656592871093748,0.003960804367971948,1.5687971241345664e-05,0.02201581218183091,0.0082397,0.032806,0.0245663,0.1478731979691692,-0.14298724353180864,0.0006692126269531249,0.0036122172392733724,1.3048113383703743e-05,0.0036736846521955645,-0.010681,0.014343,0.025023999999999998,0.8783540046616065,0.1887786680659722,2.51143069921875,2.428559231760926,5.897899942171218,3.493591862131236,0.021973,4.9487,4.926727,-2.0001742513812237,-0.02278984524757171
Run_4,103,1024,1024,0.021435459179687498,0.003665499305887085,1.3435885161458703e-05,0.021746604226993874,0.009613,0.037231,0.027618,0.9831755070023758,0.15172542862949795,0.000643582705078125,0.0035712893700898837,1.2754107764916999e-05,0.003628816124191563,-0.009613,0.011597,0.02121,-0.19026065053380803,-0.093643620096539,2.3997380341796877,2.42695036863309,5.890088091808291,3.4130383420783423,0.023193,4.9438,4.920607,-1.995205383633616,0.06843196440386824
Run_4,104,1024,1024,0.0212866023828125,0.004468385538765278,1.9966469323046668e-05,0.02175053816177902,0.00076294,0.037994,0.03723106,1.557206058472162,-0.26138815576690716,0.00073254177734375,0.004581140943120067,2.0986852340731023e-05,0.004639339370673907,-0.013123,0.013733,0.026855999999999998,0.07806261946383852,-0.003060226178019615,2.321702811523437,2.424195467899208,5.876723666583059,3.3566393329666644,0.018311,4.9463,4.927989,-1.9835134734249726,0.1327163064738126
Run_4,105,1024,1024,0.02136182607421875,0.005122102439769245,2.6235933403490058e-05,0.0219673290736189,0.0038147,0.039368,0.0355533,1.2363140411113482,0.4755800777708599,0.00021099881835937503,0.005254537966686256,2.7610169243347335e-05,0.00525877264622615,-0.018005,0.016785,0.03479,0.7401138391828028,-0.07956867692330803,2.502313807617188,2.427992029856964,5.89514529704894,3.4866487762378027,0.014648,4.9438,4.929152,-1.9999736004623325,-0.016051687308678012
Run_4,106,1024,1024,0.021983960937499998,0.004015175331264918,1.612163294079834e-05,0.022347621158466155,0.0061035,0.034332,0.0282285,0.8606365414507517,-0.05251441341678849,0.000600667412109375,0.004308143013533631,1.8560096225058634e-05,0.004349815808172664,-0.016327,0.016632,0.032959,0.929521751939566,-0.05468671788434705,2.3936819423828126,2.427708503803176,5.893768579438255,3.4093227803667707,0.025635,4.95,4.924365,-1.9960846074386396,0.07315800142731965
Run_4,107,1024,1024,0.021436201669921877,0.007656075413480272,5.8615490736897116e-05,0.022762386359309047,-0.0021362,0.06012,0.0622562,2.2771178471905715,0.6078809885772457,0.000670996337890625,0.006239023223509102,3.8925410783485905e-05,0.006275001742545458,-0.018463,0.029144,0.047607,1.3765883812592428,-0.027740453479382646,2.3373819111328125,2.424790048930667,5.879606781393185,3.3679312611578136,0.020752,4.9451,4.924348,-1.9863614237512004,0.12022401257976702
Run_4,108,1024,1024,0.021210297841796875,0.01067280227618923,0.00011390870842663002,0.02374416650388813,-0.012512,0.052643,0.065155,0.1163636536169319,-0.2557070065059129,0.00063374421875,0.007500449933127774,5.625674919935643e-05,0.007527176159367832,-0.018463,0.026855,0.045318,-0.18697394421315794,0.06847891855996442,2.513323392578125,2.4285321490502585,5.897768398970666,3.4949338870214812,0.019531,4.9451,4.925569,-1.9991787270301842,-0.024850367957814902
Run_4,109,1024,1024,0.0212308812890625,0.006518628315895981,4.249251512080087e-05,0.022209071016840505,-0.00061035,0.04364,0.04425035,0.712089125589682,-0.0021193433412281817,0.000447335576171875,0.005928447125013523,3.514648531408111e-05,0.005945300196944654,-0.018005,0.019379,0.037384,0.16924278503159362,-0.10561653337737743,2.381296140625,2.425439017541421,5.882754427812294,3.3990183490484154,0.019531,4.9463,4.926769,-1.9924023832495443,0.08412770906463901
Run_4,110,1024,1024,0.022166207128906247,0.0047224050311241075,2.2301109277986286e-05,0.022663668012031072,0.0022888,0.038605,0.0363162,2.246105361018424,-0.4024973754511439,0.00048309298828125004,0.004236709910708354,1.794971086749439e-05,0.0042641634235592914,-0.011902,0.016174,0.028076,0.7620412919464372,0.14742931683137322,2.3241218581054683,2.424980285927127,5.88052938713521,3.3588795450951836,0.0012207,4.9463,4.9450793,-1.9838800988022218,0.13219660360591926
Run_4,111,1024,1024,0.021527256103515625,0.005234483959211037,2.7399822319237653e-05,0.022154515965499864,-0.00061035,0.042267,0.04287735,1.8627376835970226,0.004463865973863796,0.0008310414550781251,0.00541610508510133,2.933419429286048e-05,0.0054794912348610295,-0.018616,0.019836,0.038452,1.2388876751362101,-0.16672834198648176,2.5151867607421874,2.429147732953564,5.90075870851344,3.496701753070487,-0.51147,4.9451,5.45657,-1.9989043667459363,-0.026498714797104177
Run_4,112,1024,1024,0.02112551318359375,0.004631832714630391,2.1453874296320335e-05,0.021627324882345336,0.0057983,0.037842,0.0320437,0.7367670769800352,0.43796104556357673,0.00059142865234375,0.0038059027680144458,1.448489587958002e-05,0.0038515819776285647,-0.012665,0.010834,0.023499,-0.07378974267863603,-0.08180248728365798,2.3854378935546876,2.4276390000395005,5.8934311145127865,3.40349012904686,0.019531,4.9475,4.927969,-1.9944953423681153,0.08068509328664904
Run_4,113,1024,1024,0.021273630761718752,0.005174861718249948,2.6779193803008796e-05,0.021893984552587842,0.0028992,0.045166,0.0422668,2.894275569385054,0.7127703581841015,0.00044852529296875003,0.004638702318755036,2.151755920202335e-05,0.004660336269032102,-0.016022,0.015564,0.031586,1.2837487619675452,-0.1627538680689649,2.32853009765625,2.423904474771623,5.875312902817899,3.361155354711966,0.025635,4.9463,4.920665,-1.983935470835568,0.127536296733934
Run_4,114,1024,1024,0.02191379453125,0.004049080848948037,1.6395055721317752e-05,0.02228473572827733,0.0091553,0.034943,0.025787700000000004,0.5071746851387653,0.05282533962362414,0.000557750556640625,0.00454217356501371,2.063134069470936e-05,0.0045762895863507465,-0.01358,0.013275,0.026855,0.2772210449448336,-0.13021055484779775,2.4944203447265627,2.427614506417214,5.8933121917672935,3.480724787735031,0.019531,4.9451,4.925569,-1.9997275914792791,-0.009115483574887034
Run_4,115,1024,1024,0.021595057929687498,0.008896517067109746,7.914801592537501e-05,0.023355824603553052,-0.0062561,0.046234,0.0524901,-0.06849562469486026,-0.10889242623239162,0.000787529150390625,0.00696936759276857,4.8572084643132776e-05,0.007013721323651786,-0.025787,0.02594,0.051727,0.872929085924103,-0.21456739027747815,2.38630759765625,2.4256147259261986,5.883606798630027,3.4026564253920744,0.020752,4.9438,4.9230480000000005,-1.9938217064851818,0.07980922645960467
Run_4,116,1024,1024,0.021157840634765626,0.008286524983849113,6.866649630795556e-05,0.02272269166789214,-0.0074768,0.045013,0.052489799999999996,0.32824218145106876,-0.13904630544705016,0.00065341744140625,0.007207226460752066,5.194411325656474e-05,0.007236785723599852,-0.023346,0.027618,0.050963999999999995,0.8324090287714809,0.09964040436821325,2.337893845703125,2.423635521157679,5.874009139417255,3.367455533959402,0.023193,4.9475,4.924307,-1.985071127831337,0.12075734530233466
Run_4,117,1024,1024,0.021408181396484375,0.005911912449005099,3.4950708804701465e-05,0.02220947859607427,-0.00061035,0.044861,0.04547135,2.2601767087633133,0.22943184189784802,0.000616164189453125,0.0052680592734640885,2.7752448508730983e-05,0.0053039708537185055,-0.015411,0.019989,0.0354,0.5732292700680839,0.037727494560440944,2.52485030859375,2.4280953099989806,5.895646834439045,3.5029296189396955,0.020752,4.9475,4.926748,-1.999161551407973,-0.03433513701899036
Run_4,118,1024,1024,0.021461235351562497,0.004174506470935118,1.742650427587917e-05,0.021863465578243427,0.0053406,0.032349,0.027008400000000002,0.41991472408744324,-0.3409763655314403,0.00041678662109375004,0.003923194351907259,1.539145392283702e-05,0.003945271221394008,-0.014954,0.014648,0.029602,0.5432540895219176,-0.007773897417934894,2.3762044384765626,2.428111412801732,5.895725032978022,3.397362589776625,0.019531,4.9487,4.929169,-1.9942748589907593,0.08773090424594557
Run_4,119,1024,1024,0.022090368574218748,0.005526696551743849,3.0544374775057346e-05,0.02277122654842924,0.00030518,0.042114,0.04180882,1.3422925654185178,-0.08632781930155532,0.000585763505859375,0.005485574685440605,3.0091529629546793e-05,0.005516760690327564,-0.021515,0.020294,0.041809,1.5856622540247782,-0.3398782855470527,2.339390263671875,2.4258197398976122,5.884601410476918,3.3700665002696435,0.021973,4.9426,4.920627,-1.986582426173805,0.11888693489761716
Run_4,120,1024,1024,0.02130522392578125,0.005600468888753016,3.136525177389045e-05,0.02202902218214808,0.0024414,0.0354,0.032958600000000005,0.15906237597830586,-0.20251673920876562,0.0008659088671875001,0.0056003613622980074,3.136404738832039e-05,0.005666907935955404,-0.017242,0.016327,0.033569,0.16409866748590662,-0.15033194889553064,2.524430595703125,2.427705837499585,5.89375563342956,3.502357129984262,0.020752,4.9475,4.926748,-1.9982791633273356,-0.03321836115824121
Run_4,121,1024,1024,0.02127066103515625,0.005620030142884379,3.158473880692901e-05,0.022000585439470546,0.002594,0.04715,0.044556,2.400811510626677,0.4929900108630774,0.000615118623046875,0.004727475369749218,2.234902337158551e-05,0.004767325696027553,-0.018616,0.020447,0.039063,1.5837515293949025,-0.05909105152885517,2.3760361044921874,2.4273632190882424,5.892092197382434,3.3967101388303425,-0.048828,4.9524,5.001228,-1.9933691769655877,0.0880528832576634
Run_4,122,1024,1024,0.0212669275390625,0.004058732646208882,1.6473310693401755e-05,0.02165076251879219,0.0068665,0.032806,0.0259395,0.8223738334728097,-0.08776491048836679,0.000341088251953125,0.004092332149741607,1.674718242380876e-05,0.004106522083153724,-0.014038,0.013428,0.027466,0.5015600581495554,-0.18664598248952594,2.32874670703125,2.4220342740760925,5.866250024799305,3.35995703102111,0.021973,4.9475,4.925527,-1.9825468816109746,0.12768509806053016
Run_4,123,1024,1024,0.02225514775390625,0.003892232775724577,1.5149475980424646e-05,0.022592943091342105,0.0062561,0.034637,0.0283809,1.390266476713209,-0.18077665657061737,0.0004939726269531251,0.004284768975842595,1.8359245176343195e-05,0.0043131489810255995,-0.018311,0.01358,0.031891,1.0499429802479554,-0.5945047247433287,2.514529064453125,2.427874511770133,5.894574644903061,3.4953441977697373,0.023193,4.9438,4.920607,-1.9992493551473485,-0.02611600994334982
Run_4,124,1024,1024,0.021583571220703125,0.0062509087666526705,3.907386040901521e-05,0.022470523070195304,-0.0088501,0.050354,0.0592041,4.0944322017476,0.29169184312821456,0.0009238751660156251,0.005623590150186132,3.162476617727048e-05,0.005698974600719929,-0.021973,0.019531,0.041504,1.5953585086826845,-0.32155761738665245,2.384749711914062,2.4260461920682075,5.885700126048651,3.4018717369299587,0.013428,4.9487,4.935271999999999,-1.9935683031718445,0.08127429477020431
Run_4,125,1024,1024,0.02106474296875,0.004558155542028119,2.0776781945321656e-05,0.021552266198356596,0.0028992,0.040741,0.0378418,2.058564457270352,0.04761605512745057,0.00064566677734375,0.0040186687325327155,1.61496983818361e-05,0.004070206870565864,-0.019073,0.011597,0.03067,2.2229490949903195,-0.5597006793715109,2.3456459208984373,2.4247171813201995,5.8792534093893725,3.3736194503258443,0.018311,4.9451,4.926789,-1.9867877965625698,0.11363768422570737
Run_4,126,1024,1024,0.021295828027343748,0.004203463374565558,1.7669104341314075e-05,0.02170671314850578,0.0057983,0.033112,0.027313700000000003,0.6062848150339821,-0.36288525850795894,0.000147522451171875,0.0036927850355193454,1.3636661318555613e-05,0.0036957305356526433,-0.010986,0.011139,0.022125,-0.15633915120795772,-0.010174676706611952,2.5142834775390623,2.429602934080481,5.902970417292483,3.4963683762896616,0.01709,4.9426,4.92551,-2.0002492620381025,-0.025713872146137566
Run_4,127,1024,1024,0.02213045771484375,0.009646878847794374,9.306227150402251e-05,0.024141653426650582,-0.01358,0.05249,0.06607,0.18157291371487982,-0.12532669333111282,0.0005462737988281251,0.0072061290323350066,5.192829563066145e-05,0.0072268050128634,-0.02594,0.025482,0.051422,0.6326285525582649,-0.4098527423845726,2.362840791015625,2.4263647385948253,5.887245844696334,3.386777590628543,0.019531,4.9475,4.927969,-1.9907085948247547,0.09925300384610007
Run_4,128,1024,1024,0.0214569305859375,0.010124895264019626,0.00010251350410736706,0.02372579554571579,-0.0073242,0.056152,0.0634762,0.1016952476703441,0.016532324654786112,0.0008696228320312501,0.008551722592947545,7.313195930672949e-05,0.008595824752559789,-0.020142,0.025024,0.045166,-0.29831705569402,0.14692694435410322,2.341107685546875,2.424662640240757,5.878988918979278,3.3704263994791406,0.021973,4.9463,4.924327,-1.9864228884927027,0.11853697617716832
Run_4,129,1024,1024,0.0211605365234375,0.005500307581798376,3.0253383494388697e-05,0.021863707129718902,0.0013733,0.041809,0.0404357,1.13941029582144,-0.18804621710505634,0.000511557490234375,0.004929273462438639,2.4297736867501808e-05,0.004955746960178324,-0.018005,0.015869,0.033874,0.2827904408843369,-0.30318190962521013,2.5216004101562497,2.428393394754725,5.897094479688379,3.500794639533794,-0.36621,4.9475,5.3137099999999995,-1.9989795195956874,-0.03215979019860265
Run_5,0,1024,1024,0.021272279492187497,0.005602273647228158,3.138547001842709e-05,0.021997621344412854,0.0033569,0.040436,0.0370791,0.9219834570159189,0.02220290498257083,0.0002838620800781251,0.005045754163434179,2.545963507781335e-05,0.005053732557063108,-0.014496,0.016479,0.030975000000000003,0.10986291101090817,-0.05779228080606375,2.44837580859375,2.4296389981036537,5.903145661106126,3.449302793495118,-0.13184,4.9475,5.07934,-2.000267503613462,0.02912264972928185
Run_5,1,1024,1024,0.0216473589453125,0.009190754005922822,8.446995919738639e-05,0.023517612729709356,-0.0099182,0.070038,0.0799562,5.212132240857115,1.057534045899299,0.0005707076464843751,0.009442416228588659,8.915922423391448e-05,0.009459647533162651,-0.036774,0.045776,0.08255,3.6687893872397694,0.516180238862184,2.28193370703125,2.4196037729458286,5.854482418053689,3.3259139888666804,-0.047607,4.9463,4.993907,-1.9721463389919922,0.16731238230573023
Run_5,2,1024,1024,0.022133879072265626,0.007062075622259557,4.9872912094512717e-05,0.023233198550354425,-0.0038147,0.04776,0.051574699999999994,1.8030539177936893,-0.23011748980644828,0.001274646240234375,0.005994604060934507,3.5935277847372484e-05,0.006128621450629506,-0.013123,0.017395,0.030518,-0.38500630376672973,0.29283713564089753,2.45700828125,2.4261784600080265,5.8863419198069185,3.453003274533344,0.021973,4.9487,4.926727,-1.9977769842048156,0.023491416885526965
Run_5,3,1024,1024,0.02124353154296875,0.006158742272759636,3.793010638227653e-05,0.02211826708400513,0.0038147,0.038147,0.0343323,0.13373819255705355,-0.23237328634396784,0.00056937056640625,0.0052386059770863766,2.7442992583165107e-05,0.005269456843456912,-0.014648,0.019226,0.033874,0.3552872809938288,0.162975568439012,2.468392123046875,2.4289831147629313,5.899958971803432,3.4630793587388795,0.026855,4.95,4.923145,-2.0002538115170356,0.012394553284502077
Run_5,4,1024,1024,0.02104087744140625,0.0053237693563322926,2.834252015942275e-05,0.021703940740420875,0.0028992,0.039215,0.0363158,0.7109146653553231,-0.12251778327083315,0.0007058637988281251,0.00538133813201465,2.895880009107493e-05,0.005427434365662195,-0.015259,0.018158,0.033417,0.0492936077005397,-0.025312775557882385,2.2876552265625,2.418707492237378,5.8501459330052255,3.329190948056892,0.024414,4.9475,4.923086,-1.97226233360706,0.16244255112891193
Run_5,5,1024,1024,0.0218325845703125,0.004369346288772182,1.9091186991207238e-05,0.022265510010126756,0.0073242,0.033875,0.026550800000000003,-0.18286610327325947,-0.2122505359329651,0.000710784384765625,0.0058099864553852925,3.3755942611760555e-05,0.005853303089144386,-0.0177,0.017853,0.035553,-0.37939270306163975,0.08126528698923972,2.42768546875,2.427355811863237,5.8920562373862335,3.4330326203760633,0.021973,4.9487,4.926727,-1.998179203667724,0.04695893492351465
Run_5,6,1024,1024,0.021879513212890625,0.007386048092612616,5.4553706426386454e-05,0.02309257033895192,-0.0068665,0.053101,0.0599675,1.7791435106097042,0.04406877241097036,0.0007596630371093751,0.007481139806091109,5.596745279828091e-05,0.007519610410668305,-0.028687,0.035095,0.063782,3.0460635406685777,-0.21147850648646285,2.4715724736328126,2.4291195289091645,5.900621685727881,3.465442565985952,0.024414,4.95,4.925586,-2.0004911954862363,0.010154760950493301
Run_5,7,1024,1024,0.0214581203125,0.004722153417647742,2.2298732899802247e-05,0.02197156481103536,0.007019,0.036469,0.02945,0.2685491984044659,-0.07014276098053335,0.0007234524218750001,0.004561745446494775,2.0809521518615812e-05,0.004618755776757699,-0.014801,0.014191,0.028992,0.36562448116980084,-0.10086318393688687,2.2945585908203125,2.4208618374526107,5.86057203603443,3.335501635847557,0.024414,4.9475,4.923086,-1.975662301257061,0.1567162997425315
Run_5,8,1024,1024,0.021123133486328126,0.00917800889236905,8.423584722840535e-05,0.023030905659779034,-0.015717,0.064087,0.079804,3.836355110562491,0.1204410497976231,0.0006178062597656251,0.00813982809526375,6.625680142044509e-05,0.008163239920218605,-0.032043,0.043793,0.075836,4.0483469565405965,0.7230719693525065,2.4561386279296875,2.428188245481365,5.89609815549387,3.453797202370486,0.024414,4.9463,4.921886,-2.0000714599794764,0.023839357423798273
Run_5,9,1024,1024,0.021497885908203125,0.006388345170406879,4.08109540162609e-05,0.022426993836410163,-0.0090027,0.045319,0.0543217,1.9461993031736764,-0.15813666292699233,0.0005534282421875,0.006944712397924901,4.822903028989183e-05,0.006966729010744036,-0.017395,0.021515,0.03891,-0.0706588395907648,0.10907700801940988,2.4440239970703126,2.4282277177640843,5.896289849317774,3.445220333675819,0.021973,4.9475,4.925527,-1.9990702666026818,0.03329323537859549
Run_5,10,1024,1024,0.0221013755859375,0.004892585737992046,2.393739520360317e-05,0.022636435187420242,0.0085449,0.035706,0.0271611,-0.011696069095147088,0.07814512681877694,0.0005148327539062502,0.005575224680251863,3.1083130235289486e-05,0.005598944811282228,-0.015717,0.017548,0.033265,-0.14801849912249443,0.005900708475020768,2.28862380859375,2.419169073417276,5.852379005778602,3.330191877811362,0.023193,4.9438,4.920607,-1.9731895589931507,0.1617676248409242
Run_5,11,1024,1024,0.021301339843750003,0.003976986016461615,1.5816417775131224e-05,0.021669413857187333,0.010071,0.034027,0.023956,-0.1086800377203061,-0.2062844864827038,0.0012864176562499999,0.004095836509209852,1.677587671017634e-05,0.004293104598829161,-0.010834,0.014343,0.025176999999999998,-0.04360767550209621,0.22382563957969276,2.4639885439453124,2.4272889890235927,5.891731836235175,3.4587528649686603,0.021973,4.9475,4.925527,-1.9995769963092764,0.018100170248529897
Run_5,12,1024,1024,0.021152941826171875,0.005865240819453293,3.4401049870181144e-05,0.021951036371242082,-0.014496,0.045319,0.059815,6.380070509533142,-0.8905362796143572,0.000381769384765625,0.006454806095032315,4.166452172446632e-05,0.006466086110438883,-0.025177,0.041809,0.066986,5.762365228254876,0.8474706087904498,2.4639217216796876,2.4277541890078966,5.8939904022453895,3.4590317507664463,0.024414,4.9487,4.9242859999999995,-1.9991424783251694,0.016554652736912732
Run_5,13,1024,1024,0.021555273437499998,0.004995626182583204,2.4956280956110837e-05,0.022126592460690913,0.0047302,0.034332,0.0296018,-0.046220336149584984,0.037863039066920436,0.0007383552832031251,0.005650482284828064,3.192795005115578e-05,0.005698518980874746,-0.022736,0.015259,0.037995,0.8141077758144966,-0.40718053734305376,2.2815573916015626,2.419768648243494,5.855280311022146,3.325775765470948,0.021973,4.9475,4.925527,-1.9721534910543355,0.16690741462387873
Run_5,14,1024,1024,0.02182811673828125,0.01217330683726363,0.00014818939935416943,0.02499312064737422,-0.049133,0.081635,0.130768,6.800362443083565,-0.4153632207712756,0.0005166135449218751,0.01132423116831752,0.000128238211553494,0.01133600904676292,-0.05188,0.057831,0.109711,5.177665536722958,0.18930405257311966,2.4397065185546873,2.4277450050448643,5.893945809520289,3.441818372052558,0.026855,4.9475,4.9206449999999995,-1.9989882661738578,0.0378290476465566
Run_5,15,1024,1024,0.022047312636718747,0.006738581892029073,4.5408485915582114e-05,0.023054120681925833,-0.0019836,0.040741,0.0427246,0.37681638530185113,-0.3046032343704762,0.001108351806640625,0.004988456413416558,2.4884697388556796e-05,0.0051101018694190755,-0.014954,0.013733,0.028687,-0.08722363195957694,-0.22677586632986554,2.4677043896484374,2.4295056684296115,5.902497792931612,3.462955781932796,0.015869,4.9475,4.931630999999999,-2.000652445024035,0.013447640633196778
Run_5,16,1024,1024,0.020920925976562497,0.005442598811487191,2.9621881822801784e-05,0.021617285341587397,0.004425,0.039215,0.03479,0.03512942400173724,-0.32420630017201624,0.00052153685546875,0.005312505334843247,2.8222712932737966e-05,0.00533804398861139,-0.017395,0.019989,0.037384,0.6036834151860271,0.22983944580252774,2.294874044921875,2.4191607444803234,5.852338707634591,3.3344843064094154,0.023193,4.9512,4.928007,-1.9740428155631997,0.15674921804358527
Run_5,17,1024,1024,0.02116650166015625,0.005966280869732035,3.559650741653045e-05,0.02199130055148917,0.0061035,0.039215,0.0331115,-0.24035212069660306,0.04577091383025137,0.000608411513671875,0.005864756306755788,3.4395366537631795e-05,0.00589623024547043,-0.016327,0.017548,0.033875,-0.2514337850220407,-0.004638789168072387,2.4397603984375,2.426938223159146,5.890029139030874,3.4412875411413646,0.025635,4.95,4.924365,-1.9983677204308452,0.037430838231751175
Run_5,18,1024,1024,0.02196608876953125,0.004389220513191243,1.92652567134188e-05,0.02240031947415808,0.0093079,0.035095,0.0257871,-0.22883830607129463,0.05186003126099819,0.0007921450195312502,0.005086195897588308,2.5869388708644136e-05,0.00514751225745139,-0.016785,0.016632,0.033417,0.14235160593283513,0.0033797666760662388,2.4595536972656253,2.4279150582265694,5.894771529963326,3.456034710429907,0.023193,4.9475,4.924307,-1.9986119655429821,0.020311344925964762
Run_5,19,1024,1024,0.021897549140625,0.007310696282889312,5.3446280140651605e-05,0.02308568687535067,-0.0012207,0.046387,0.047607699999999996,0.4544730903784333,-0.011172990033012928,0.0010615589453125001,0.0061683748842581015,3.804884871274615e-05,0.006259053930676675,-0.023346,0.027466,0.050811999999999996,2.9426929066142984,0.06570720582972929,2.29874848828125,2.4205395934940497,5.859011923672339,3.33815166462635,0.021973,4.9451,4.923127,-1.9769202789168698,0.15291225503359396
Run_5,20,1024,1024,0.0212520298828125,0.005996463725771852,3.595757721449764e-05,0.022081810418406664,0.0041199,0.036316,0.0321961,-0.10162634534399873,-0.22010340617970603,0.0008192645507812499,0.0056468028869433706,3.188638284399198e-05,0.0057059247496053424,-0.018463,0.018005,0.036468,0.11447483266441738,-0.1500989317999012,2.4637541171875,2.428230339075855,5.896302579608442,3.4592465840941142,0.020752,4.9463,4.925548,-1.999767495202612,0.016735504423056335
Run_5,21,1024,1024,0.021420273847656247,0.010390020841154066,0.00010795253307961585,0.023807155747552083,-0.022583,0.069885,0.092468,3.5615049617251495,0.40038395353982703,0.0002609247656250001,0.011823150829915533,0.00013978689554693238,0.011826029649897247,-0.0383,0.05188,0.09018000000000001,3.0341482590760895,0.6012310137166248,2.4537080244140625,2.4289073455135863,5.899590893089856,3.4525749756035444,0.025635,4.9451,4.919465,-1.9996742022271563,0.02481339186891021
Run_5,22,1024,1024,0.0218723583203125,0.0075674100093142726,5.726569424906984e-05,0.02314445403852105,-0.0021362,0.050049,0.0521852,0.38950661718695967,-0.07397457874420958,0.0007887197460937499,0.0064287996827824614,4.132946536134388e-05,0.006477001173322579,-0.019836,0.019073,0.038909,0.039720960500142066,-0.13161195372831516,2.2885215419921874,2.421480442203593,5.863567531974509,3.331801071513245,0.025635,4.9475,4.9218649999999995,-1.9749323992873442,0.16157235672015213
Run_5,23,1024,1024,0.02147734375,0.004869870196921401,2.3715635734863284e-05,0.02202253233146741,0.0056458,0.033722,0.028076200000000003,0.18602773686506113,-0.4399796264625118,0.000887216396484375,0.004993925460591903,2.493929150594805e-05,0.005072124253223571,-0.011139,0.01709,0.028229,0.20838018302260375,0.39381536519515653,2.4399652783203125,2.42907011614024,5.900381629125558,3.442936564697973,0.029297,4.9463,4.917003,-2.0004092750716596,0.03680321215284161
Run_5,24,1024,1024,0.021618430078125,0.004475159441533026,2.002705202714218e-05,0.022076765412304446,0.007782,0.034027,0.026245,0.12187733040396687,-0.25752192027200926,0.0005608790429687499,0.004304214105864361,1.852625906912174e-05,0.004340604148037838,-0.012665,0.015717,0.028381999999999998,0.1309752603211085,0.06318804703333698,2.473668234375,2.428309922093591,5.896689077738182,3.4663703800220356,0.019531,4.95,4.930469,-1.9997630646586144,0.009164262841318613
Run_5,25,1024,1024,0.020807815263671876,0.00639965877885186,4.095563248573567e-05,0.021769722288831152,-0.0067139,0.03952,0.0462339,2.230296068404072,-0.8084634860068906,0.000814942666015625,0.006430057776611463,4.134564301056155e-05,0.006481494778170711,-0.02533,0.019073,0.044403,1.0295123465758689,-0.3754254206330453,2.2873725263671876,2.4202556084929174,5.857637210441421,3.330121662165037,0.025635,4.9487,4.923064999999999,-1.973786183914667,0.16351441152266397
Run_5,26,1024,1024,0.021967879785156248,0.006449232276070882,4.159259695071441e-05,0.02289498502305234,0.0030518,0.041351,0.0382992,0.0684136031469218,0.27949902438061586,0.0008529444824218749,0.005385250038894826,2.900091798141673e-05,0.005452378588424564,-0.019226,0.0177,0.036926,0.3656342643153194,-0.05736483556066338,2.450304970703125,2.427224597891731,5.891419248610676,3.4489728468144136,0.021973,4.9451,4.923127,-1.9986477430956247,0.02832116478775489
Run_5,27,1024,1024,0.021918254960937498,0.008932153267855797,7.978336200046697e-05,0.023668402196454417,-0.020142,0.060272,0.080414,4.759000447080579,-0.38649183697151224,0.00019535713867187504,0.009230419590274505,8.520064581252334e-05,0.009232486676088593,-0.034943,0.048218,0.083161,4.3956018928084735,0.7342944411322889,2.45594651953125,2.4273948843367843,5.892245924504389,3.45310284111291,0.028076,4.9451,4.917024,-1.999472734716774,0.022918824191230973
Run_5,28,1024,1024,0.021313719140625,0.005982542960924026,3.579082027930161e-05,0.022137421798500975,-0.0097656,0.036774,0.0465396,2.8976839073274077,-0.9294789241499636,0.001170487177734375,0.00583217646963815,3.401428237300092e-05,0.005948472291794045,-0.015717,0.020447,0.036164,-0.07876871861300039,0.03394829973579921,2.2947041201171876,2.4206151627672665,5.859377766218801,3.3354227265972742,0.023193,4.9475,4.924307,-1.9752588668510842,0.15640193782080877
Run_5,29,1024,1024,0.0213946236328125,0.006097282601208244,3.717685511899676e-05,0.022246500297995096,-0.0054932,0.037384,0.042877200000000004,1.814427234275656,-0.7538223658042726,0.00046596018554687487,0.005053180753658974,2.5534635729149475e-05,0.005074618667807893,-0.016327,0.018005,0.034332,0.3137198211160177,0.1229837179038817,2.4503101708984376,2.429213783853134,5.9010796076620595,3.450376724543334,0.023193,4.9438,4.920607,-2.000256792854556,0.029106664978328395
Run_5,30,1024,1024,0.021273020507812497,0.004314321260049077,1.861336793491146e-05,0.021706099821495402,0.0013733,0.032806,0.0314327,1.7135801884069561,-0.6007038393880642,0.0007577262890625001,0.0048816816607701,2.3830815837099118e-05,0.004940138152545488,-0.022583,0.015869,0.038452,1.9109071177117203,-0.5195321180666163,2.4418594111328122,2.427502797667531,5.892769832683691,3.4431740032158666,0.023193,4.9512,4.928007,-1.9985635222751,0.03545144308612375
Run_5,31,1024,1024,0.0218364439453125,0.004216958103783449,1.7782735649064902e-05,0.022239897028220247,0.0091553,0.032349,0.023193700000000005,-0.48186211323506534,-0.21840685402383103,0.0005801008300781252,0.004392381514357193,1.929301536766679e-05,0.0044305228067039815,-0.015106,0.013123,0.028228999999999997,0.2599932001510834,-0.3390643630314319,2.2826250166015623,2.42013808350294,5.8570683432212824,3.32677701531626,0.020752,4.9451,4.924348,-1.9727401039402197,0.16604765097380353
Run_5,32,1024,1024,0.021755840136718753,0.006669866935784745,4.4487124941074586e-05,0.02275530059119275,-0.015717,0.04303,0.058746999999999994,4.319320741838973,-0.918217723588415,0.000831483515625,0.006066302858880173,3.680003037565776e-05,0.006123021738685392,-0.026093,0.027466,0.053559,2.907089395171927,-0.13371847477426532,2.4480694326171872,2.4301246238316145,5.905505687352745,3.449427435715583,0.018311,4.9463,4.927989,-2.0003681020957926,0.030635213782633498
Run_5,33,1024,1024,0.021359019140625,0.004049884505609297,1.640156450877426e-05,0.02173957826542087,0.0079346,0.033722,0.025787400000000002,0.24194213638444984,0.1169992976949009,0.00104069865234375,0.00439344572329203,1.9302365323513027e-05,0.004515021484832949,-0.013275,0.014038,0.027313,-0.03467194124995254,-0.1771108101796396,2.4771049580078124,2.4263917761536633,5.88737705138613,3.46748122192075,0.029297,4.9451,4.915803,-1.998486144145961,0.006637804677265704
Run_5,34,1024,1024,0.0213217701953125,0.01309080785294939,0.0001713692502428414,0.025019734900764992,-0.049896,0.076752,0.126648,5.3081374789494715,-0.6541841981415822,0.0006273402636718751,0.010377770278736901,0.000107698115958235,0.010396714469709115,-0.041351,0.061035,0.102386,5.837402321606832,0.5553259207920006,2.2901479892578123,2.42036870482958,5.858184667318419,3.3321108144868203,0.024414,4.9512,4.926786,-1.9744195225027443,0.16024148542874544
Run_5,35,1024,1024,0.02162856748046875,0.00580173504786559,3.366012956563193e-05,0.022393192287452506,-0.0050354,0.042114,0.0471494,1.7003292901790017,-0.09865831421045591,0.000687092421875,0.0059087664756390015,3.491352126363535e-05,0.005948581113159121,-0.018921,0.01709,0.036011,-0.007990879550056285,-0.1607530626922408,2.4391173095703125,2.430846278353337,5.90901362898427,3.443589243627902,0.026855,4.9451,4.918245,-2.000807519207706,0.036825634664869135
Run_5,36,1024,1024,0.021781023115234374,0.005376424488415852,2.890594027963766e-05,0.022434770072947297,-0.0013733,0.035858,0.0372313,1.5305151326074382,-0.5489520686062839,0.0007721812207031249,0.00508958806075765,2.590390662820681e-05,0.0051478316275703285,-0.014648,0.018005,0.032653,0.20961684497494426,0.2393894508120225,2.4685477402343747,2.42865824992166,5.89838089491254,3.4629624370946877,-0.22705,4.9463,5.17335,-2.0004213358422462,0.012195256293268616
Run_5,37,1024,1024,0.0214795689453125,0.0045303599706733415,2.0524161463879358e-05,0.021952130728936373,0.007782,0.0354,0.027618,0.006074657876437239,-0.12772093776627072,0.0006103513671875,0.004300516864017477,1.8494445297698718e-05,0.004343613022487888,-0.010529,0.013733,0.024262,-0.11134271399143492,0.08664623502230466,2.2980868818359372,2.419707852578876,5.854986091831876,3.33709295769511,0.026855,4.9475,4.9206449999999995,-1.9753158689843835,0.15353033880235442
Run_5,38,1024,1024,0.020831223720703125,0.0062073326104143635,3.8530978136313596e-05,0.021736394821549827,-0.0067139,0.048981,0.0556949,3.213497553245406,-0.17166666305018233,0.0006678700390625001,0.0061298237247739955,3.7574738896802145e-05,0.0061661000061529565,-0.021973,0.02655,0.048523,2.0042164989636566,-0.06370928496592969,2.451996375976562,2.430827066049608,5.908920225039344,3.4527100157472734,0.018311,4.9475,4.929189,-2.0008497755078825,0.02658119613446249
Run_5,39,1024,1024,0.021732296923828123,0.006415936266216426,4.116423817215118e-05,0.022659588870003366,-0.0097656,0.042572,0.0523376,2.44247011052071,-0.5070111253040386,0.0008387902539062499,0.007583575742462558,5.7510621041666535e-05,0.007629822418098251,-0.036316,0.038452,0.074768,5.3686458305675755,0.26789737495952043,2.4575895947265627,2.4272163187665328,5.891379058086558,3.454146157040091,0.025635,4.9451,4.919465,-1.9990549043640853,0.021721824332087726
Run_5,40,1024,1024,0.021910513056640622,0.010515810829021255,0.00011058227739176069,0.02430335079360416,-0.014648,0.071716,0.086364,3.2637200286262242,0.7192120655896451,0.00038712950195312506,0.010535261014220407,0.00011099172463775239,0.010542371359852339,-0.027618,0.047302,0.07492,1.8183947847358493,0.5885297922683719,2.29110076953125,2.419908117054767,5.85595529498755,3.3324312492734545,0.020752,4.9451,4.924348,-1.974421321531395,0.15933634596748988
Run_5,41,1024,1024,0.02133308896484375,0.006561390213424109,4.305184153281768e-05,0.02231933077658817,0.0022888,0.042267,0.0399782,0.09120511372123419,-0.14904661444883446,0.001067370693359375,0.0055457490625166845,3.075533266440469e-05,0.0056475315724170295,-0.015869,0.018768,0.034637,0.5840445069169204,0.30981232350903964,2.456383478515625,2.4292478488417957,5.901245111102492,3.454716327663823,0.024414,4.9451,4.920686,-2.0002547521094813,0.0235062478166248
Run_5,42,1024,1024,0.02126781958984375,0.007130321197978834,5.084148038634631e-05,0.022431264576311515,-0.0050354,0.041504,0.0465394,0.3597182197163562,-0.26080636122824563,0.0007122738183593751,0.005080028215172914,2.5806686666952902e-05,0.005129719354825675,-0.013885,0.016937,0.030822000000000002,0.2147399626522568,0.17290507742173036,2.4668646357421875,2.4273456999808904,5.892007147215718,3.4608421342631557,0.023193,4.9438,4.920607,-1.9997049570195828,0.01497901933006058
Run_5,43,1024,1024,0.021408926757812502,0.0035292452267605525,1.2455571870612144e-05,0.021697873554613414,0.010986,0.032959,0.021973000000000003,-0.11012902830911786,-0.033412270894256475,0.0006778526171874998,0.004825723053563146,2.3287602989690808e-05,0.0048730983121951016,-0.016937,0.012512,0.029449000000000003,0.07167700180265069,-0.21835805385636572,2.2875627705078125,2.41965999876161,5.8547545096070355,3.3298195054117294,-0.078125,4.9451,5.023225,-1.973389249747056,0.16284412419139807
Run_5,44,1024,1024,0.0217601447265625,0.004670506558985951,2.1813631517530784e-05,0.022255730274212,0.0074768,0.03479,0.027313200000000003,-0.4450621661586571,-0.09853145822646708,0.00043436837890625004,0.006148020987268858,3.779816205989835e-05,0.006163346327157999,-0.015259,0.017242,0.032501,-0.34838011858288676,0.09108026822173121,2.4408729375,2.428837371712311,5.899250978226365,3.443415698873176,0.019531,4.95,4.930469,-1.9991462171919294,0.036396065168973375
Run_5,45,1024,1024,0.022201383203124998,0.0074190131314653025,5.504175584485459e-05,0.02340818600355131,-0.012054,0.044556,0.05661,1.9906383667104723,-0.34012174834345393,0.0007550450195312501,0.006971894426704081,4.860731189710742e-05,0.007012660328194028,-0.031128,0.034943,0.066071,4.730329222328728,0.3380470448188209,2.4715622890625,2.4281854831111325,5.896084740391643,3.4647806408353627,0.029297,4.95,4.9207030000000005,-2.0000370367281253,0.01020353565225995
Run_5,46,1024,1024,0.02112416181640625,0.005157029377906135,2.6594952004586935e-05,0.0217445433258623,0.0048828,0.043793,0.0389102,1.484217138160516,0.15381241365677722,0.001134571611328125,0.005243372414945832,2.7492954281814885e-05,0.005364718727300303,-0.014954,0.019073,0.034027,0.2523694237569196,-0.232977746304069,2.2904024404296877,2.421592605484077,5.864110746935162,3.3331747758048076,0.024414,4.9487,4.9242859999999995,-1.9757761811567345,0.1598089512730167
Run_5,47,1024,1024,0.020793523076171876,0.009508237323459338,9.04065769992252e-05,0.022864321090260202,-0.023193,0.069427,0.09262000000000001,4.912511488024901,0.1028085363898375,0.00019624646484374994,0.008343878161610627,6.962030277580274e-05,0.008346185682739536,-0.031586,0.041656,0.073242,4.069167587304148,0.7268275342077904,2.440723609375,2.426812724118477,5.889419997943344,3.4418820048490724,0.020752,4.9487,4.927948,-1.997427076801145,0.036503958588599186
Run_5,48,1024,1024,0.02200049208984375,0.006289823213131447,3.95618760524472e-05,0.02288194764978988,0.0012207,0.045624,0.0444033,0.8330238913822288,-0.0935068959279183,0.0008527925585937498,0.007351299786968805,5.404160855788759e-05,0.007400598874812799,-0.027618,0.021362,0.048979999999999996,0.3068730592692739,-0.32837399534178957,2.449468788085938,2.427246902260041,5.891527524530965,3.4483945349014453,0.023193,4.9475,4.924307,-1.998551256683592,0.029683514229543198
Run_5,49,1024,1024,0.02184523505859375,0.004684360676572018,2.1943234948214255e-05,0.022341833624692217,0.0076294,0.036163,0.0285336,0.4066341317286559,-0.2850221572539243,0.0010482976953125,0.004545297831753657,2.0659732379344494e-05,0.00466461793047855,-0.01358,0.017395,0.030975000000000003,0.21897500565001948,-0.17817092806597012,2.2956192333984373,2.419581698374721,5.854375595109901,3.33530257395918,0.013428,4.9426,4.929171999999999,-1.974342074342972,0.15660435068147205
Run_5,50,1024,1024,0.021347234375000003,0.004436844231227611,1.9685586732177734e-05,0.021803440145843025,0.010529,0.03418,0.023651000000000002,0.026693493372378363,0.20735081207319886,0.000863520673828125,0.004292555157660738,1.84260297815598e-05,0.004378549729726543,-0.013885,0.016022,0.029907000000000003,0.4463687003651833,-0.015796165100647463,2.4561208056640624,2.4277227737818077,5.893837866338834,3.453457293547253,-0.083008,4.9463,5.029308,-1.9989354242805837,0.02330881896361775
Run_5,51,1024,1024,0.020862821308593748,0.00572339954850271,3.2757302391801023e-05,0.021633645447453245,-0.0054932,0.040741,0.0462342,2.0747857071221496,-0.5120841572303118,0.0002691172558593749,0.006222726654009848,3.8722327010524595e-05,0.006228543257289451,-0.021973,0.026855,0.048827999999999996,2.108537975238244,0.3637145107336131,2.4676650205078126,2.4277911726342487,5.8941699779207815,3.461725094711971,0.021973,4.9475,4.925527,-1.99935526751922,0.013739132617415589
Run_5,52,1024,1024,0.021879073242187498,0.0049092698168242575,2.410093013438168e-05,0.022423085783883242,0.0071716,0.035706,0.0285344,-0.2842870676337501,0.0917390754304032,0.0005264577441406249,0.004672309529713737,2.1830476341453802e-05,0.00470187559361362,-0.014801,0.014191,0.028992,0.2642412913023833,-0.18407551482179046,2.2782881396484376,2.4196584567589436,5.854747047365073,3.3234536095194427,0.021973,4.9451,4.923127,-1.9715688600464265,0.16970924990011704
Run_5,53,1024,1024,0.0219258537109375,0.011059030136891142,0.0001223021475686665,0.024556978815035418,-0.040436,0.076294,0.11673,6.6110681752756415,-0.6560307390666658,0.001157222216796875,0.011085301788161691,0.00012288391573462076,0.011145540767215786,-0.045624,0.057831,0.10345499999999999,6.055796292415718,0.8522554799283496,2.4397373291015625,2.4286834626009743,5.898503361511459,3.442502228978666,-0.47485,4.9451,5.41995,-1.9992909585978962,0.03739844217905844
Run_5,54,1024,1024,0.021272266406249997,0.005625619671735718,3.1647596691019894e-05,0.022003565955305796,0.0030518,0.037994,0.0349422,0.17323775245808903,-0.23153775355309178,0.0005672925292968749,0.005317621795995374,2.8277101565245066e-05,0.00534779603005211,-0.027466,0.014496,0.041962,2.9520372735804754,-0.7571381103132474,2.4721829599609375,2.4305878385381186,5.907757240849403,3.4669072425391807,0.021973,4.9487,4.926727,-2.001797398669725,0.010545341072678162
Run_5,55,1024,1024,0.021339943447265624,0.0066691510534808,4.4477575774144076e-05,0.022357789741086646,0.00045776,0.038757,0.03829924,0.16956872202250795,-0.005183698801384176,0.0006811282714843749,0.00534051100144206,2.852105775652367e-05,0.005383771306318552,-0.014496,0.023499,0.037995,0.5164370895458665,0.24030638914382696,2.297319763671875,2.419376162001288,5.853381013260083,3.3363241913545334,0.01709,4.9475,4.93041,-1.974952452622506,0.1548864210779442
Run_5,56,1024,1024,0.02136422833984375,0.005203613721337713,2.7077595760894124e-05,0.02198881188963781,0.00030518,0.036011,0.03570582,0.5817975200339007,-0.331029266691811,0.0005739964550781249,0.0054061882540091186,2.9226871437786164e-05,0.005436574598791818,-0.0177,0.017242,0.034942,0.16192448637330115,-0.05389634538053994,2.4378983505859373,2.4294028392731626,5.901998155468503,3.4417069200119492,0.021973,4.9463,4.924327,-1.999973084870397,0.03811681097374399
Run_5,57,1024,1024,0.021586987890625,0.004254239379496233,1.8098552698056493e-05,0.022002195319741322,0.009613,0.036163,0.02655,0.3417505483594949,-0.1486009944534843,0.0005911290625,0.00418670799690685,1.752852385136377e-05,0.004228233368665441,-0.014648,0.015259,0.029907,0.36071486505212924,-0.05132824458910896,2.46074305859375,2.4292163734658794,5.901092189114719,3.4577953365594154,-0.47363,4.9451,5.41873,-1.9994050130557466,0.01837926086125035
Run_5,58,1024,1024,0.022133131542968747,0.007323813466007021,5.363824368486578e-05,0.023313381470374994,-0.0088501,0.046082,0.0549321,1.8096305804101052,-0.31188673696316216,0.0006696565722656249,0.006248084198909188,3.9038556156658665e-05,0.006283867923614978,-0.031586,0.032959,0.064545,5.136436566354392,-0.11991346654926925,2.294368889648437,2.421228547151143,5.862347677539635,3.3356373123177283,0.021973,4.9475,4.925527,-1.975582691445652,0.15725484696450265
Run_5,59,1024,1024,0.021063519238281248,0.006416714038632622,4.117421905358497e-05,0.022019220280360276,0.0053406,0.036469,0.0311284,-0.6118156615486603,0.09966654972716847,0.0008903441015625,0.005816917838102657,3.383653313523689e-05,0.005884661906551983,-0.016632,0.023041,0.039673,0.09464371567842988,0.06969515233766421,2.4601300380859374,2.4277985196852656,5.894205652185967,3.456363038871739,0.026855,4.9487,4.921844999999999,-1.999212123025879,0.019707938712147908
Run_5,60,1024,1024,0.0209024615234375,0.009009972131686654,8.117959781377014e-05,0.022761645273410167,-0.011902,0.071869,0.083771,6.100741755931431,1.1529701374785173,0.0005721936914062499,0.010826049188077915,0.00011720334102268247,0.010841159838465975,-0.041656,0.050201,0.091857,2.8256589882549727,-0.044515544056289665,2.452584150390625,2.4276181922880946,5.893330087528116,3.450869325586731,0.01709,4.9451,4.9280100000000004,-1.999367494535708,0.026197340962276508
Run_5,61,1024,1024,0.0221408866015625,0.007464793965261537,5.5723148943805065e-05,0.023365401953466473,-0.0057983,0.048828,0.0546263,0.44781126125024073,-0.08012088319628742,0.000683218251953125,0.006469854655633949,4.185901926502829e-05,0.0065058286516653805,-0.021362,0.02243,0.043792,0.44888024011782335,0.13177399653099295,2.2886444306640623,2.4191002766370575,5.8520461484254875,3.3301560741855805,0.023193,4.95,4.926807,-1.9730028602501188,0.16142108899943888
Run_5,62,1024,1024,0.02175180888671875,0.004822920908468731,2.3260566089344855e-05,0.02228007531256754,0.004425,0.0354,0.030975000000000003,0.46794197097623114,-0.3118367302128924,0.0009733453515625002,0.004566153346579201,2.0849756384476438e-05,0.004668742609941649,-0.013428,0.017853,0.031281,0.6639523145596598,0.07468895098243342,2.4496641826171874,2.4317704546538317,5.913507544127304,3.4517187243060286,-0.57129,4.9475,5.51879,-2.000953158123533,0.028260869913885656
Run_5,63,1024,1024,0.021240695996093753,0.004854371176594347,2.3564919520149984e-05,0.021788347480215728,0.0028992,0.036316,0.0334168,-0.011031815852449167,-0.28300947094582407,0.0008733547558593749,0.005007228527755849,2.507233752917201e-05,0.005082822646793236,-0.014496,0.015259,0.029755,-0.1462519470658763,-0.12556560704424602,2.47685223828125,2.429010077944418,5.900089958755546,3.469133460827701,0.026855,4.9512,4.924345,-2.0010974454004264,0.006353348618039528
Run_5,64,1024,1024,0.02132235765625,0.006454437623386524,4.1659765034187484e-05,0.02227785225409376,-0.0032043,0.045776,0.0489803,1.3799399734034665,-0.39961744439822394,9.909869140624995e-05,0.006644499881326972,4.414937867295415e-05,0.006645238838716979,-0.021973,0.023193,0.045166,0.3046672479980743,-0.12175576081061742,2.27990837890625,2.419195130902393,5.852505081381848,3.3242273233924258,0.023193,4.9463,4.923107,-1.9714948040738858,0.16887675142896016
Run_5,65,1024,1024,0.021904101611328122,0.0068267863061604855,4.660501126998032e-05,0.02294329267279149,0.00061035,0.043182,0.042571649999999996,0.4385794918894659,0.16152779916041032,0.001038460400390625,0.0053433482076745585,2.855137006845892e-05,0.005443323439925133,-0.018616,0.018311,0.036927,1.3078449146695803,-0.32032101042250233,2.440869328125,2.4292242250741056,5.901130335686889,3.44368602120871,-0.068359,4.9463,5.014659,-1.9995356473786228,0.03613889334807775
Run_5,66,1024,1024,0.021559290429687503,0.008217877807676669,6.75335156619047e-05,0.02307241902127993,-0.018158,0.063324,0.081482,5.508278312207014,-0.04113866654506054,0.001150674697265625,0.0076565679449728035,5.8623032695985064e-05,0.007742550287528807,-0.037994,0.039063,0.077057,5.065531560792793,0.18142355370324703,2.464343404296875,2.4279599025903793,5.894989288586684,3.4594765070582856,0.029297,4.9512,4.921903,-1.9999241297314496,0.0171096062750881
Run_5,67,1024,1024,0.021277803515625,0.006139631127091061,3.769507037674546e-05,0.022145879816035514,0.0047302,0.039368,0.034637799999999996,-0.16013594366803785,0.03919106812170992,0.00026181620117187495,0.005783464586613176,3.3448462624608715e-05,0.005789387735141323,-0.023956,0.017853,0.041809,0.7847434859007256,-0.5329273619598598,2.2996181679687497,2.4201469432154843,5.8571112267552525,3.3384659568740855,0.023193,4.9487,4.925507,-1.9761806597490206,0.1521537615368931
Run_5,68,1024,1024,0.021094660439453128,0.006782096082575349,4.599682727328389e-05,0.022158102949691172,-0.0076294,0.040436,0.0480654,1.0045071445879996,-0.38869807823524727,0.000584868095703125,0.006333127630512088,4.0108505584355654e-05,0.0063600767506160685,-0.02533,0.020447,0.045777,0.8191779068434348,-0.14990620120153916,2.4553550458984374,2.430075434928341,5.905266619442166,3.4545672696968985,0.024414,4.9475,4.923086,-2.0008648091494003,0.02390957192139355
Run_5,69,1024,1024,0.02181351533203125,0.005120007115066285,2.6214472858329383e-05,0.02240633669297799,0.0054932,0.041046,0.035552799999999996,0.8110468160385387,-0.07690946509350696,0.0009265566894531249,0.0047111596100398445,2.2195024871270777e-05,0.004801409394130135,-0.012817,0.021667,0.034484,0.3642777545373912,0.08465938235341434,2.46137760546875,2.4281055261123003,5.895696445937092,3.4574667261797574,0.023193,4.9475,4.924307,-1.9995801065288157,0.018819734889190715
Run_5,70,1024,1024,0.021683716796875002,0.003801474203386726,1.445120611901474e-05,0.022014422096573276,0.011139,0.032959,0.021820000000000003,-0.07446131176032411,-0.34703420274098207,0.00055372642578125,0.004098272623865702,1.6795838499527066e-05,0.004135511026963361,-0.011139,0.015717,0.026855999999999998,0.4238072797598744,0.36405832542473154,2.2870306845703126,2.420650326908793,5.8595480051636475,3.3301737728427625,0.023193,4.9451,4.921907,-1.9744319121314733,0.16322542088064437
Run_5,71,1024,1024,0.021464367246093748,0.008721864282312758,7.607091655908303e-05,0.023168728446642584,-0.0088501,0.061798,0.07064809999999999,1.4158859617901784,0.41879940551963146,0.00032738755859375,0.008291342180305902,6.874635515091983e-05,0.008297803189064066,-0.024719,0.036621,0.061340000000000006,1.331724898264122,0.22167681601300473,2.4543587900390627,2.4295575200576986,5.902749743268916,3.4534948694780083,0.020752,4.9463,4.925548,-2.000695135462596,0.0245958824042634
Run_5,72,1024,1024,0.021103010546875002,0.005211005343271451,2.7154576687603607e-05,0.021736872609212234,0.0059509,0.040131,0.0341801,0.6852630252257597,0.4089753607586775,0.0011403869140625,0.005075811706308912,2.576386447790259e-05,0.0052023405109304,-0.016937,0.018158,0.035095,0.3752418016530292,-0.004612370819492829,2.4663736367187497,2.4284620447014302,5.897427902555452,3.461275316766455,0.028076,4.9475,4.919423999999999,-2.0003158948540505,0.014688026834160782
Run_5,73,1024,1024,0.021532763095703122,0.010555400091898695,0.00011141647110005498,0.023980749730476095,-0.031586,0.076141,0.107727,5.867731993428872,-2.683677263027894e-05,0.000374321953125,0.010395199910796687,0.00010806018118542744,0.010401937228709792,-0.044098,0.051575,0.09567300000000001,4.583711286375932,0.36048464052814616,2.2884066777343746,2.419539658812231,5.854172160565207,3.3303118897881747,0.015869,4.9438,4.927931,-1.973382833422868,0.16203685392949682
Run_5,74,1024,1024,0.021787736279296872,0.0075362382948585506,5.679488763689251e-05,0.02305429113664269,-0.00045776,0.044556,0.04501376,-0.02474108976456746,-0.1837415787954419,0.000808833603515625,0.005589154975941113,3.123865334508731e-05,0.005647376837370018,-0.015869,0.016785,0.032654,-0.15916388819979765,-0.37799113835399895,2.429611430664062,2.4284080411098445,5.897165614126953,3.435138617019759,0.025635,4.9475,4.9218649999999995,-1.9982353875798005,0.045187302119464964
Run_5,75,1024,1024,0.02179650771484375,0.00727657460975061,5.2948538051267245e-05,0.02297904015868614,-0.0021362,0.042877,0.045013199999999996,-0.023424761841974284,-0.3114063280164891,0.000584868427734375,0.006306547463650746,3.977254091127966e-05,0.006333609712402568,-0.030365,0.021362,0.051726999999999995,1.2958914464178495,-0.4662643209243049,2.4776322470703125,2.4290037766646213,5.900059347050993,3.469685994261394,0.023193,4.95,4.926807,-2.000561084009668,0.006402834655009505
Run_5,76,1024,1024,0.021195261523437498,0.0044481256151121034,1.978582148781643e-05,0.021656983458799763,0.0062561,0.03891,0.0326539,0.37913900233431974,0.14715753110961569,0.00098377345703125,0.004520796144335836,2.0437597778641763e-05,0.0046265978854230436,-0.015106,0.018158,0.033264,0.4628884422031314,-0.09673181510433726,2.295924595703125,2.4201789583260087,5.857266190323966,3.3359460336579976,0.026855,4.9487,4.921844999999999,-1.9757382649088229,0.15613939601186616
Run_5,77,1024,1024,0.021048476816406248,0.006465727111046725,4.180562707452463e-05,0.02201917353956129,-0.0019836,0.046082,0.0480656,1.9259250973521915,-0.42766859969692095,0.00069439587890625,0.00649070567627598,4.212926017604122e-05,0.006527744312753311,-0.030365,0.03006,0.060425,4.447138311366172,-0.1269342399248847,2.44917677734375,2.4284641269925804,5.897438016089835,3.449044056368337,0.025635,4.9475,4.9218649999999995,-1.999469391788544,0.028617370431929922
Run_5,78,1024,1024,0.02195029765625,0.004802834587314035,2.3067220073099976e-05,0.022469596953908055,0.0088501,0.0383,0.0294499,0.1772897831428475,-0.026818214834319627,0.0006517725585937499,0.005072704574256239,2.5732331697680174e-05,0.00511440506469873,-0.018158,0.015411,0.033569,0.5131169711074528,-0.2742568442964128,2.4547463789062496,2.429023789357182,5.9001565692631255,3.453394902703204,0.026855,4.9487,4.921844999999999,-2.0000114102282165,0.024162013713749268
Run_5,79,1024,1024,0.0216421426953125,0.008514390633709127,7.249484786339371e-05,0.023256766505850762,-0.01358,0.066071,0.079651,4.637084559868619,0.3818371839781632,0.0011780824804687499,0.008753544434388092,7.662454016480674e-05,0.008832463897214307,-0.032959,0.048828,0.081787,6.357217742905857,1.216143543981845,2.2960157441406253,2.420494407665887,5.858793177541832,3.3362376226647075,-0.063477,4.9463,5.009777,-1.9759210726442968,0.15592845050172724
Run_5,80,1024,1024,0.02151264599609375,0.007711361615627694,5.946509796697616e-05,0.022852987457228094,-0.007782,0.057678,0.06546,1.4548953551804704,0.4698245226433048,0.00018939769531249996,0.007440092708375063,5.535497950921579e-05,0.007442503006126733,-0.038452,0.032654,0.071106,4.259128796093451,-0.4434704396774725,2.45550690234375,2.4287036612643034,5.898601474238633,3.4537104136995085,0.023193,4.9475,4.924307,-2.0002124022961727,0.024141001453068456
Run_5,81,1024,1024,0.021154272499999998,0.006807306178686973,4.633941741038984e-05,0.022222571012703415,-0.0036621,0.05127,0.054932100000000005,1.8069633639424136,0.22850382372672612,0.0006262976171874999,0.004954374282710422,2.454582453318241e-05,0.004993803484166868,-0.018158,0.017395,0.035553,0.9225895378698663,-0.07988253480714219,2.463342266601562,2.42894012754331,5.899750143190111,3.4594515845168052,0.024414,4.9451,4.920686,-2.000101469840307,0.01677399180050636
Run_5,82,1024,1024,0.021563158203125,0.004218823123499505,1.7798468547374115e-05,0.021971988081199458,0.0053406,0.034943,0.0296024,0.559490231856612,-0.1982388718795289,0.001082122880859375,0.0059582677385572585,3.5500954444332226e-05,0.006055736484822603,-0.024567,0.028076,0.052642999999999995,2.575741213811151,0.3633896768615368,2.2772399863281247,2.4183014188848464,5.848181752580462,3.3217470866867904,0.025635,4.9463,4.920665,-1.9698326717506898,0.17180015746819902
Run_5,83,1024,1024,0.021987254003906248,0.00584601720198812,3.4175917125941005e-05,0.02275115943766894,0.0033569,0.042267,0.038910099999999996,0.9207321506411055,-0.40105049575029805,0.00051707056640625,0.006591740888649835,4.3451047943098115e-05,0.006611989860378023,-0.025787,0.026855,0.052642,1.274830142335417,-0.13766383064628496,2.4421358076171873,2.429340359649243,5.9016945830207135,3.444665714676355,0.024414,4.9463,4.921886,-1.999906951429174,0.034858750430012644
Run_5,84,1024,1024,0.021059808037109374,0.006307222403521006,3.97810544474773e-05,0.021984007118980242,-0.0048828,0.038605,0.0434878,1.4809990693226238,-0.615816709050218,0.00054926021484375,0.00602154824382986,3.6259043252770465e-05,0.006046546951474094,-0.020905,0.022583,0.043488,1.1256899305600063,-0.16764051525193874,2.4747862705078125,2.4276476713002246,5.8934732159694025,3.4667045303376187,0.020752,4.9475,4.926748,-1.9991789012145127,0.00745692637665987
Run_5,85,1024,1024,0.02129507529296875,0.0046523160408709794,2.1644044544145422e-05,0.021797345624579006,0.0038147,0.036316,0.032501300000000004,1.2122293676123679,-0.06999915707898888,0.00081136791015625,0.004741066920102331,2.24777155408886e-05,0.004809993079674848,-0.015869,0.011597,0.027466,0.07999416896004785,-0.4152697205724925,2.295577361328125,2.4187339531159173,5.850273935955752,3.3346588068043705,0.021973,4.9463,4.924327,-1.973755147701689,0.1563771202693218
Run_5,86,1024,1024,0.021567784316406248,0.00959623631409552,9.208775139596555e-05,0.02360629305323021,-0.013885,0.063629,0.077514,4.019152003905506,0.21548217829260968,0.0006510321484375,0.009673625993421196,9.357903986059422e-05,0.00969550837856857,-0.036621,0.045166,0.081787,4.060653097432422,0.5241691596058773,2.4524768359375,2.4286686640506017,5.898431479741333,3.4515321395796597,0.024414,4.9475,4.923086,-1.999817279263071,0.026569124059950447
Run_5,87,1024,1024,0.021439796162109375,0.007586768815027865,5.755906105267932e-05,0.022742557475479295,-0.00076294,0.041351,0.042113939999999996,-0.15122975053920706,-0.05000280275753381,0.0006298683593749999,0.007876663734838982,6.204183159172758e-05,0.007901807751512899,-0.025482,0.019836,0.045318,-0.3953329344936587,0.01777983305861701,2.461900279296875,2.428195436114897,5.8961330759692165,3.4579019739100825,0.019531,4.9487,4.929169,-1.9996512266373536,0.017649667693111545
Run_5,88,1024,1024,0.02208766640625,0.005572515234121482,3.1052926034515996e-05,0.022779770264607604,0.007019,0.037384,0.030365,-0.13610436149620453,-0.22628427178014265,0.000730602021484375,0.004521851547593869,2.0447141418477066e-05,0.004580493503136329,-0.014191,0.013885,0.028076,0.392734883625975,-0.11453729311084057,2.30052307421875,2.4191672391570385,5.852370131010687,3.3383793292589705,0.026855,4.9475,4.9206449999999995,-1.975586768124195,0.15192644087483712
Run_5,89,1024,1024,0.021291205078125,0.004256265550138351,1.8115796433294523e-05,0.02171246669800717,0.0073242,0.033417,0.026092800000000003,-0.09168709857944846,-0.18225754878540534,0.00107347837890625,0.004827206267324282,2.330192034729483e-05,0.004945126507711812,-0.015869,0.013428,0.029297000000000004,0.11437923282349294,-0.2715955367872612,2.4499534501953124,2.4277929433034875,5.894178575554211,3.449123147073488,0.023193,4.9475,4.924307,-1.9991763099220297,0.02869720823762266
Run_5,90,1024,1024,0.020866686044921874,0.006778863478541459,4.595299006070321e-05,0.0219401817804238,-0.002594,0.060883,0.063477,5.275352541222884,0.27048033223616136,0.00040590394531249993,0.007005077901950442,4.90711164123944e-05,0.007016827946103185,-0.03418,0.040436,0.074616,5.355635164848132,0.30079431882571384,2.4526064169921873,2.4289431666760346,5.8997649069422025,3.45181736822988,0.021973,4.9487,4.926727,-2.0003565032064117,0.026728185082667937
Run_5,91,1024,1024,0.02208411044921875,0.005294160333050844,2.802813363204902e-05,0.022709823160151243,0.0079346,0.037231,0.0292964,-0.3718537901767571,-0.03148841911876374,0.0005690747753906251,0.005695803595876816,3.244217860280327e-05,0.0057241614846883174,-0.015411,0.01709,0.032501,-0.10982029937041204,-0.09114771196624243,2.286151799804687,2.419816381783427,5.8555113215474375,3.3289640090120605,0.019531,4.95,4.930469,-1.973009698935704,0.16355855439565953
Run_5,92,1024,1024,0.02169458115234375,0.00815482146700328,6.65011131586975e-05,0.023176625391422415,-0.022278,0.076904,0.09918199999999999,13.343282801540319,0.6613421281875098,0.001088533115234375,0.008372415647044381,7.009734376687359e-05,0.008442881505140023,-0.04715,0.054474,0.10162399999999999,11.530827351659688,0.21963607722784478,2.45317321875,2.4280388807388746,5.895372806379687,3.451583933148942,0.023193,4.9487,4.925507,-1.99944200864235,0.026319323162911645
Run_5,93,1024,1024,0.021607279980468748,0.008860868223240233,7.85149856696285e-05,0.02335357646751337,-0.035553,0.048676,0.084229,5.135961501994877,-0.9223596042538184,0.00103443697265625,0.008422081433832012,7.093145567809786e-05,0.008485370677141694,-0.034485,0.045776,0.080261,4.88858215993531,0.27823617667707656,2.4700542636718748,2.4283937745191975,5.897096324123595,3.463851092297012,-0.090332,4.9463,5.036632,-1.999559479701192,0.01149967481303719
Run_5,94,1024,1024,0.020748964365234372,0.006199658967153092,3.843577130900174e-05,0.021655375626822262,-0.0024414,0.04425,0.046691399999999994,0.75550750354282,0.04500063932178385,0.00023394742187500002,0.005373389001978599,2.887330936658456e-05,0.005378479409906347,-0.016174,0.021973,0.038147,0.3191847042571432,0.20739855809755953,2.287362328125,2.4195955047253315,5.854442406487031,3.3296349389403717,0.025635,4.95,4.924365,-1.9731729294315659,0.16300252780827146
Run_5,95,1024,1024,0.021899626953125,0.004907762968274815,2.4086137352769623e-05,0.022442811723106547,0.007019,0.037842,0.030823,-0.12171500079161346,-0.09896944199240627,0.000711379697265625,0.005293893362574335,2.8025306934308597e-05,0.005341476201200407,-0.014496,0.018311,0.032807,0.08889252398713543,0.14731466155971265,2.4341903339843745,2.428241143148383,5.896355049278566,3.438260843993883,0.025635,4.9463,4.920665,-1.9994043912567399,0.04188889309294221
Run_5,96,1024,1024,0.021804858203125,0.00422516949674469,1.7852057276221775e-05,0.0222104457076982,0.0076294,0.033722,0.0260926,-0.062377141985950235,-0.08688102741613045,0.0009715514843749999,0.004774392336123735,2.2794822179237058e-05,0.0048722412159116595,-0.011597,0.019073,0.03067,0.32427396979171075,0.2628663451922845,2.4715236455078125,2.427775860454821,5.894095628607148,3.4644660135309997,0.023193,4.9463,4.923107,-1.9994243795053128,0.0096621476425217
Run_5,97,1024,1024,0.02105205361328125,0.006506221803158674,4.23309221518973e-05,0.022034515730743106,-0.0039673,0.046387,0.0503543,2.126911286317082,-0.06129773718940645,0.000546871826171875,0.006253389881796557,3.910488501375555e-05,0.006277256869685684,-0.023651,0.027771,0.051421999999999995,2.1230052119630916,0.25880182101186466,2.291092736328125,2.4206012007006135,5.859310172833252,3.332929057044081,-0.023193,4.9463,4.969493,-1.9744822141540346,0.15897472590018458
Run_5,98,1024,1024,0.02116142759765625,0.005949278463690889,3.5393914238536226e-05,0.021981809120483777,-0.0018311,0.034637,0.0364681,0.9607035481154447,-0.4310662132990774,0.00060767240234375,0.005330366567231494,2.8412807741059265e-05,0.005364892682023518,-0.014648,0.01709,0.031738,0.24072197781549187,0.17359453301086075,2.4530466679687497,2.427228636497784,5.891438853834892,3.450924051477731,0.024414,4.95,4.925586,-1.998942294681756,0.026761356635481598
Run_5,99,1024,1024,0.0218011328125,0.009588715996882208,9.194347446886476e-05,0.023816651031938328,-0.019684,0.071869,0.091553,4.7848421726578785,0.5822263509062997,0.0005437491308593749,0.010986782830303361,0.00012070939696024874,0.011000230001120843,-0.035248,0.048065,0.083313,2.3362935915099863,0.12325869000901409,2.452287587890625,2.4276297599566043,5.893386251426961,3.4506666986467094,0.021973,4.95,4.928027,-1.9993795287085567,0.026507090198625065
Run_5,100,1024,1024,0.021889343779296876,0.006348354594518521,4.0301606057744415e-05,0.02279133557179103,0.00091553,0.041809,0.04089347,0.44946372131168744,0.07269366077660457,0.001095832607421875,0.005220451777928973,2.7253116765681774e-05,0.005334225892214427,-0.016937,0.02182,0.038757,0.6599147172969944,0.05924108360897854,2.300468982421875,2.4213776186860567,5.863069572273759,3.339944177880657,0.025635,4.9475,4.9218649999999995,-1.9770094822289925,0.1522076398910083
Run_5,101,1024,1024,0.02149804033203125,0.004480956603778438,2.0078972084945592e-05,0.02196007081506314,0.0059509,0.033569,0.0276181,0.8049439077752294,-0.41125929020840746,0.0005584962597656249,0.004322191344013092,1.8681338014261694e-05,0.004358125294944362,-0.01358,0.013733,0.027313,-0.07226960860417853,-0.2013057356259847,2.4403944794921872,2.4295483408112126,5.902705140338517,3.4435781326803756,0.019531,4.9475,4.927969,-1.9999445002376193,0.036436857479622144
Run_5,102,1024,1024,0.02128065048828125,0.004538081288056824,2.0594181777011483e-05,0.02175914214718486,0.0041199,0.033264,0.029144100000000003,0.7065949920698147,-0.3758646982721386,0.0010088095410156251,0.004827627887345468,2.330599101867567e-05,0.00493190507904601,-0.013885,0.014038,0.027923,-0.4289791089813373,0.06350231638426634,2.4638556601562502,2.4285706600750365,5.897955450977299,3.459557799063529,0.025635,4.9451,4.919465,-2.000616776979892,0.017453588840035266
Run_5,103,1024,1024,0.021069923291015626,0.005684808848051427,3.231705163888379e-05,0.02182335260971986,-0.010529,0.045166,0.055694999999999995,4.952334465250495,-0.7137800182419938,0.00042066548828125,0.0063477637934172305,4.029410517701871e-05,0.006361687247110597,-0.02655,0.02533,0.051879999999999996,1.402779015901415,0.04326783821051609,2.275099962890625,2.418885004960634,5.851004667223407,3.320705423305164,0.025635,4.9463,4.920665,-1.9696830172330384,0.17302038746973708
Run_5,104,1024,1024,0.0221584607421875,0.005795699542636542,3.359013318851742e-05,0.022903875559642344,0.0047302,0.039825,0.035094799999999995,0.11913342556434925,0.528981299252895,0.00061809919921875,0.00487202706046342,2.3736647677887834e-05,0.004911078730580757,-0.019531,0.01297,0.032501,0.8464513847291482,-0.5309168139453408,2.4383258173828124,2.429351691461715,5.901749640807895,3.4419736246118235,-0.032959,4.95,4.982959,-1.9992990350469706,0.038082758650471914
Run_5,105,1024,1024,0.0218060427734375,0.005435979244368183,2.9549870345201682e-05,0.022473392529437728,0.0062561,0.061798,0.0555419,9.621957766869151,1.5551608556550016,0.0009085216015624999,0.005892921412256341,3.472652277102927e-05,0.005962544278371018,-0.030823,0.03891,0.069733,6.650058271000105,0.16929315231107087,2.47552264453125,2.4269529712245697,5.890100724535767,3.4667438740297443,0.024414,4.9463,4.921886,-1.9993342315015896,0.008196017825985152
Run_5,106,1024,1024,0.021016133388671872,0.00928611116821777,8.623186062849879e-05,0.022976286106308558,-0.014038,0.068512,0.08255,3.7041002947466737,-0.021870014599588764,0.0009696172460937501,0.008016213709522784,6.425968223674104e-05,0.008074641777853893,-0.024567,0.036316,0.060883,2.5072822720258108,0.28062748614780697,2.29855583203125,2.421303668564971,5.8627114554061865,3.33857310364339,0.023193,4.95,4.926807,-1.976976991663936,0.1540581858253819
Run_5,107,1024,1024,0.021089612724609373,0.007572034964109192,5.7335713497692094e-05,0.022407754871287256,-0.0064087,0.046844,0.0532527,0.6683963690362322,0.012789519424279581,0.0004111233984374999,0.007216977756120363,5.208476793233611e-05,0.007228678328787283,-0.020599,0.023804,0.044403,0.5822391257615513,0.4373810799643547,2.4413163408203125,2.427805953211024,5.894241746446889,3.443002646296277,0.024414,4.9475,4.923086,-1.9979685712124893,0.03572431734690894
Run_5,108,1024,1024,0.0219066392578125,0.00492547788538888,2.426033239945492e-05,0.02245353370789076,0.004425,0.0354,0.030975000000000003,0.1303679315669024,-0.12170797085113774,0.0006867980078125,0.00563765269521017,3.178312791181049e-05,0.005679332655809634,-0.016327,0.019379,0.035706,0.048201243955413364,0.13571023178792338,2.4571836523437502,2.4288329351107496,5.899229426678699,3.454993621994702,0.021973,4.9463,4.924327,-1.9999746356873793,0.022186298366155564
Run_5,109,1024,1024,0.02183197265625,0.004120907696775805,1.6981880245346067e-05,0.022217491089423076,0.010529,0.034943,0.024414,-0.11678374918156864,-0.06978389842302829,0.000936839580078125,0.004268446862675795,1.8219638619486838e-05,0.00437004656935001,-0.014343,0.013123,0.027465999999999997,0.19194257734221187,-0.06478961798822823,2.2981328349609376,2.4204915136914598,5.858779167852374,3.3376928700792665,-0.068359,4.9487,5.017059,-1.9759822345164813,0.15387926648392736
Run_5,110,1024,1024,0.02115979787109375,0.007399410090996312,5.475126969473805e-05,0.022416251150455146,-0.0018311,0.04776,0.0495911,0.4768309518488749,-0.012033832489747162,0.00093952046875,0.008175478532611708,6.683844923719489e-05,0.00822928599262385,-0.037689,0.05188,0.08956900000000001,6.843597167261485,0.6896215366786448,2.4608067607421873,2.429149311978334,5.900766379884814,3.4577935585571433,0.025635,4.9487,4.923064999999999,-2.000522007291479,0.019091066243655492
Run_5,111,1024,1024,0.021208956640625,0.00443989347501132,1.971265406944809e-05,0.021668698526984942,0.0050354,0.033264,0.028228600000000003,0.3840620665763863,0.00029474178735654883,0.00024467397460937497,0.005006416463864589,2.5064205809654417e-05,0.005012391760777041,-0.01709,0.014954,0.032044,0.48912728460699473,-0.3649699716141113,2.45277937890625,2.428141722862777,5.895872226307015,3.4513763787646727,-0.13306,4.9463,5.07936,-1.9989581252803517,0.025967191677379247
Run_5,112,1024,1024,0.021814395449218753,0.0113390540348765,0.00012857414640584904,0.024585402075637173,-0.033264,0.078888,0.112152,5.092454467962592,-0.07000464359924538,0.000879614189453125,0.010062746123617277,0.00010125885954837452,0.010101117793128729,-0.043793,0.054626,0.098419,6.481228969822042,0.5165137883526791,2.289724837890625,2.420832126972641,5.860428186982882,3.332156662018779,0.023193,4.9475,4.924307,-1.974860788019298,0.16070932400813898
Run_5,113,1024,1024,0.021873109404296872,0.006396540388027908,4.091572893567221e-05,0.022789222100545962,0.00030518,0.040894,0.04058882,0.2571877955908053,-0.27742319597231446,0.001114459296875,0.00466629272694853,2.1774287813572747e-05,0.004797531379570525,-0.015411,0.015717,0.031127999999999996,0.5206029838828075,0.03375274936240552,2.462566314453125,2.428975707400318,5.899922987140876,3.4589240870854803,0.025635,4.95,4.924365,-2.00087007876344,0.018735811517485438
Run_5,114,1024,1024,0.021311485849609374,0.006836539314377728,4.673826979703229e-05,0.022381190739438617,-0.0021362,0.045776,0.047912199999999995,0.32605828926853153,-0.07370841119438189,0.0002694113867187501,0.006107801145915469,3.730523483804632e-05,0.006113740044632257,-0.019379,0.019989,0.039368,0.23643144401420635,0.01011445283385827,2.468619736328125,2.4274263465391814,5.892398667872557,3.46214992027516,0.021973,4.9463,4.924327,-1.9987627220808073,0.013643584073173955
Run_5,115,1024,1024,0.021069639453125,0.004781801602483499,2.2865626565513766e-05,0.02160544684217837,0.0057983,0.035706,0.029907700000000002,0.5579913662881211,-0.19836017900098663,0.00082195001953125,0.004974074584882638,2.474141797597539e-05,0.005041529511029645,-0.015564,0.016022,0.031586,0.3694135385186681,-0.15061205923855747,2.284821434570312,2.4211920937478917,5.8621711548273,3.3290509372340997,0.026855,4.9451,4.918245,-1.9740688405153277,0.16486440351840562
Run_5,116,1024,1024,0.021465265126953126,0.005090296020845999,2.5911113579840608e-05,0.022060569361424708,-0.0082397,0.050049,0.058288700000000006,6.889891242283773,-0.20784055299747536,0.000574737783203125,0.004999969107282833,2.4999691073782688e-05,0.005032893262649619,-0.024109,0.030975,0.055083999999999994,6.011177606517401,0.025643825082712377,2.445121078125,2.427799218332782,5.894209044537266,3.445696755552994,0.021973,4.9475,4.925527,-1.9991161310602965,0.03315015636676069
Run_5,117,1024,1024,0.021857758154296875,0.006143394731197093,3.774129882330021e-05,0.02270468873063517,-0.004425,0.0383,0.042725,0.905056955288694,-0.4054223798762965,0.0008916833105468751,0.006048809992993722,3.6588102331340703e-05,0.0061141803586129626,-0.021057,0.029602,0.050658999999999996,2.399909099735929,-0.2877931762852778,2.46287599609375,2.427744583708655,5.89394376372671,3.4582801991541245,0.019531,4.9487,4.929169,-1.99934217555295,0.018134707832706598
Run_5,118,1024,1024,0.021883984179687503,0.0048673455411564264,2.3691052617015343e-05,0.022418738059797837,0.0027466,0.034332,0.0315854,0.5757548603601688,-0.4990574801870046,0.00066355005859375,0.005009088758837509,2.50909701939123e-05,0.005052847600529039,-0.013275,0.016937,0.030212000000000003,-0.1644523059453724,0.19510012795781398,2.2905009501953124,2.420485700855742,5.858751028047113,3.3324383911623547,0.020752,4.9451,4.924348,-1.9744767485623163,0.15957893179034266
Run_5,119,1024,1024,0.0211523447265625,0.010167478908967107,0.00010337762736429095,0.02346911406073155,-0.012665,0.062408,0.075073,2.1732633756707145,0.3505697928193864,0.0007986988085937499,0.010338712347724374,0.00010688897300898843,0.010369517481341043,-0.045471,0.04776,0.093231,3.24634305810578,0.27191064479800897,2.464054947265625,2.429143006085229,5.900735744012782,3.4601015197761154,0.021973,4.95,4.928027,-2.0003001077836267,0.017333108602075608
Run_5,120,1024,1024,0.02136541740234375,0.006563852723194986,4.308416257179423e-05,0.022350955759165365,-0.0041199,0.041809,0.0459289,0.3899395710533322,-0.23703558521244938,0.000726287744140625,0.005232401520087572,2.7378025667414738e-05,0.005282567515394726,-0.011902,0.020294,0.032196,0.955796069161543,0.6590483061665515,2.4581245136718746,2.4286251191083,5.8982199691638035,3.455516762204807,0.023193,4.9487,4.925507,-2.000233258163002,0.021821369899795336
Run_5,121,1024,1024,0.02166077294921875,0.0042000938237056525,1.7640788127930367e-05,0.022064221556300986,0.0038147,0.034332,0.0305173,0.612226514359187,-0.09940022465211344,0.0005790597558593749,0.0046870138858885356,2.1968099166511954e-05,0.004722648554293224,-0.014496,0.013733,0.028229,-0.0803768639036142,-0.22677141927116953,2.283672084960937,2.4193352247615363,5.853182929771954,3.326911649172817,0.024414,4.9463,4.921886,-1.9721989633101444,0.16666503238782807
Run_5,122,1024,1024,0.021914997167968752,0.0040516007810958805,1.6415468889376746e-05,0.022286376326389516,0.0091553,0.036469,0.027313700000000003,0.5516216521704291,-0.30724614854323873,0.0007359691894531251,0.004719239319200595,2.2271219751888894e-05,0.004776282068692466,-0.016785,0.016785,0.03357,0.6983888472673336,-0.10114363004591978,2.4473661201171875,2.428947241531752,5.899784702144707,3.4480988425568895,0.021973,4.95,4.928027,-1.999457285023591,0.030948681959927494
Run_5,123,1024,1024,0.02133130859375,0.007364120337315917,5.42302683424699e-05,0.022566678857649004,-0.0053406,0.057831,0.0631716,2.9389163000517886,0.20409844274545888,0.0008565212792968751,0.007874055727823877,6.2000753604876e-05,0.007920503917476738,-0.032654,0.036774,0.069428,3.565617475031295,-0.11495945158117377,2.4635847568359375,2.4286314991725484,5.8982509587731,3.4594075812033895,0.025635,4.9451,4.919465,-2.000671790272884,0.016860379722421024
Run_5,124,1024,1024,0.02096980234375,0.004594160294667565,2.1106308813099974e-05,0.02146715908426271,0.0015259,0.033417,0.031891100000000006,0.7995254586998066,-0.19053734072293638,0.0006808352246093749,0.004760038212887227,2.265796378814663e-05,0.00480848212965542,-0.014496,0.011749,0.026245,0.1506632510610877,-0.6011342178877784,2.2894467578124997,2.4218865903646996,5.86553465658835,3.332731779403575,0.020752,4.9475,4.926748,-1.9753275841204216,0.1605948733691841
Run_5,125,1024,1024,0.021923171308593753,0.009808541099033423,9.620747849142779e-05,0.024017346204719955,-0.020905,0.066986,0.087891,3.8462747911574944,-0.1955271817525537,0.0007246436523437501,0.008365132540610823,6.997544242198607e-05,0.008396460614143805,-0.032501,0.041199,0.0737,3.5854230898404964,0.2519645964577033,2.4347197080078127,2.429248308911282,5.901247346348324,3.4393469442482782,0.020752,4.95,4.929248,-1.9992803281956997,0.04146445314669361
Run_5,126,1024,1024,0.02204864716796875,0.0073757214524535816,5.440126694418397e-05,0.0232496044887168,-0.0036621,0.051727,0.055389100000000004,0.6840450171237702,-0.19176089563707363,0.0009360865527343749,0.007303451779553863,5.3340407896268487e-05,0.007363196719528727,-0.025635,0.023193,0.048827999999999996,0.03894726819837535,-0.03232440643327949,2.465801263671875,2.4275481702514847,5.892990118891332,3.4602262918510327,0.025635,4.9451,4.919465,-1.999199780461704,0.015038600527379929
Run_5,127,1024,1024,0.021070089453125,0.006052373308838212,3.66312226695372e-05,0.02192213247456156,0.0022888,0.040894,0.0386052,0.81647412123352,-0.15751320190569593,0.000393687255859375,0.005176223613978041,2.6793290901903893e-05,0.005191173331466594,-0.018463,0.016022,0.034485,0.035179014317079815,-0.03337638945354872,2.296878869140625,2.4184652712142247,5.848974268069294,3.335360071652536,0.021973,4.9512,4.929227,-1.9742537861718632,0.1542428807572483
Run_5,128,1024,1024,0.0211442806640625,0.004145501851006273,1.718518559669643e-05,0.021546827849995547,0.0013733,0.032043,0.0306697,0.7971768557635337,-0.5496227496906301,0.0008921272265625,0.0047644980968234935,2.2700442114634693e-05,0.00484730163111486,-0.016022,0.016632,0.032654,0.7381950710376879,-0.08870383327839951,2.4535656982421874,2.4293218804040775,5.901604798610004,3.4527654762813933,0.023193,4.9475,4.924307,-2.000630031807641,0.02562344037691809
Run_5,129,1024,1024,0.02161814404296875,0.0041462068162371486,1.719103096301139e-05,0.02201215988551684,0.0090027,0.034943,0.0259403,0.33181444411080774,0.004140079082229054,0.000698270703125,0.004540059746206809,2.0612142499127436e-05,0.004593443640012373,-0.012054,0.017242,0.029296000000000003,0.32314170392907604,0.2056448943805369,2.4483569033203123,2.4271280733161036,5.890950684279142,3.447521168943763,0.018311,4.9475,4.929189,-1.9979462324261053,0.029572347987456227
